time_s,avg_temp_K,max_temp_K,min_temp_K,max_temp_rate_K_per_s,sensor_0_K,sensor_0_err_K,sensor_1_K,sensor_1_err_K,sensor_2_K,sensor_2_err_K,sensor_3_K,sensor_3_err_K,sensor_4_K,sensor_4_err_K,sensor_5_K,sensor_5_err_K,sensor_6_K,sensor_6_err_K,sensor_7_K,sensor_7_err_K,sensor_8_K,sensor_8_err_K,sensor_9_K,sensor_9_err_K,sensor_10_K,sensor_10_err_K,sensor_11_K,sensor_11_err_K,sensor_12_K,sensor_12_err_K,sensor_13_K,sensor_13_err_K,sensor_14_K,sensor_14_err_K,sensor_15_K,sensor_15_err_K,sensor_16_K,sensor_16_err_K,sensor_17_K,sensor_17_err_K,sensor_18_K,sensor_18_err_K,sensor_19_K,sensor_19_err_K,sensor_20_K,sensor_20_err_K,sensor_21_K,sensor_21_err_K,sensor_22_K,sensor_22_err_K,sensor_23_K,sensor_23_err_K,sensor_24_K,sensor_24_err_K,sensor_25_K,sensor_25_err_K,sensor_26_K,sensor_26_err_K,sensor_27_K,sensor_27_err_K,sensor_28_K,sensor_28_err_K,sensor_29_K,sensor_29_err_K,sensor_30_K,sensor_30_err_K,sensor_31_K,sensor_31_err_K,sensor_32_K,sensor_32_err_K,sensor_33_K,sensor_33_err_K,sensor_34_K,sensor_34_err_K,sensor_35_K,sensor_35_err_K,sensor_36_K,sensor_36_err_K,sensor_37_K,sensor_37_err_K,sensor_38_K,sensor_38_err_K,sensor_39_K,sensor_39_err_K,sensor_40_K,sensor_40_err_K,sensor_41_K,sensor_41_err_K,sensor_42_K,sensor_42_err_K,sensor_43_K,sensor_43_err_K,sensor_44_K,sensor_44_err_K,sensor_45_K,sensor_45_err_K,sensor_46_K,sensor_46_err_K,sensor_47_K,sensor_47_err_K,sensor_48_K,sensor_48_err_K,sensor_49_K,sensor_49_err_K,sensor_50_K,sensor_50_err_K,sensor_51_K,sensor_51_err_K,sensor_52_K,sensor_52_err_K,sensor_53_K,sensor_53_err_K,sensor_54_K,sensor_54_err_K,sensor_55_K,sensor_55_err_K,sensor_56_K,sensor_56_err_K,sensor_57_K,sensor_57_err_K,sensor_58_K,sensor_58_err_K,sensor_59_K,sensor_59_err_K,sensor_60_K,sensor_60_err_K,sensor_61_K,sensor_61_err_K,sensor_62_K,sensor_62_err_K,sensor_63_K,sensor_63_err_K,sensor_64_K,sensor_64_err_K,sensor_65_K,sensor_65_err_K,sensor_66_K,sensor_66_err_K,sensor_67_K,sensor_67_err_K,sensor_68_K,sensor_68_err_K,sensor_69_K,sensor_69_err_K,sensor_70_K,sensor_70_err_K,sensor_71_K,sensor_71_err_K,sensor_72_K,sensor_72_err_K,sensor_73_K,sensor_73_err_K,sensor_74_K,sensor_74_err_K,sensor_75_K,sensor_75_err_K,sensor_76_K,sensor_76_err_K,sensor_77_K,sensor_77_err_K,sensor_78_K,sensor_78_err_K,sensor_79_K,sensor_79_err_K,sensor_80_K,sensor_80_err_K,sensor_81_K,sensor_81_err_K,sensor_82_K,sensor_82_err_K,sensor_83_K,sensor_83_err_K,sensor_84_K,sensor_84_err_K,sensor_85_K,sensor_85_err_K,sensor_86_K,sensor_86_err_K,sensor_87_K,sensor_87_err_K,sensor_88_K,sensor_88_err_K,sensor_89_K,sensor_89_err_K,sensor_90_K,sensor_90_err_K,rms_tracking_error_K,power_in_W,power_out_W,radiation_W,energy_drift_rel
1,293.15,293.15,293.15,2.55795e-12,293.15,238.174,293.15,238.148,293.15,238.124,293.15,238.177,293.15,238.191,293.15,238.192,293.15,238.197,293.15,238.166,293.15,238.116,293.15,238.122,293.15,238.143,293.15,238.181,293.15,238.147,293.15,238.125,293.15,238.147,293.15,238.139,293.15,238.182,293.15,238.114,293.15,238.123,293.15,238.187,293.15,238.117,293.15,238.136,293.15,238.137,293.15,238.192,293.15,238.136,293.15,238.151,293.15,238.122,293.15,238.144,293.15,238.148,293.15,238.156,293.15,238.184,293.15,238.135,293.15,238.194,293.15,238.123,293.15,238.168,293.15,238.138,293.15,238.111,293.15,238.178,293.15,238.161,293.15,238.173,293.15,238.147,293.15,238.172,293.15,238.12,293.15,238.146,293.15,238.133,293.15,238.102,293.15,238.165,293.15,238.163,293.15,238.175,293.15,238.154,293.15,238.148,293.15,238.109,293.15,238.103,293.15,238.109,293.15,238.109,293.15,238.186,293.15,238.111,293.15,238.189,293.15,238.177,293.15,238.165,293.15,238.111,293.15,238.129,293.15,238.147,293.15,238.123,293.15,238.147,293.15,238.147,293.15,238.132,293.15,238.121,293.15,238.157,293.15,238.193,293.15,238.197,293.15,238.113,293.15,238.154,293.15,238.178,293.15,238.13,293.15,238.182,293.15,238.153,293.15,238.199,293.15,238.15,293.15,238.145,293.15,238.129,293.15,238.197,293.15,238.158,293.15,238.164,293.15,238.166,293.15,238.145,293.15,238.116,293.15,238.152,293.15,238.134,293.15,238.133,293.15,238.142,238.15,0,0,5.55184e-12,1.48501e-08
2,293.15,293.15,293.15,2.21689e-12,293.15,238.174,293.15,238.148,293.15,238.124,293.15,238.177,293.15,238.191,293.15,238.192,293.15,238.197,293.15,238.166,293.15,238.116,293.15,238.122,293.15,238.143,293.15,238.181,293.15,238.147,293.15,238.125,293.15,238.147,293.15,238.139,293.15,238.182,293.15,238.114,293.15,238.123,293.15,238.187,293.15,238.117,293.15,238.136,293.15,238.137,293.15,238.192,293.15,238.136,293.15,238.151,293.15,238.122,293.15,238.144,293.15,238.148,293.15,238.156,293.15,238.184,293.15,238.135,293.15,238.194,293.15,238.123,293.15,238.168,293.15,238.138,293.15,238.111,293.15,238.178,293.15,238.161,293.15,238.173,293.15,238.147,293.15,238.172,293.15,238.12,293.15,238.146,293.15,238.133,293.15,238.102,293.15,238.165,293.15,238.163,293.15,238.175,293.15,238.154,293.15,238.148,293.15,238.109,293.15,238.103,293.15,238.109,293.15,238.109,293.15,238.186,293.15,238.111,293.15,238.189,293.15,238.177,293.15,238.165,293.15,238.111,293.15,238.129,293.15,238.147,293.15,238.123,293.15,238.147,293.15,238.147,293.15,238.132,293.15,238.121,293.15,238.157,293.15,238.193,293.15,238.197,293.15,238.113,293.15,238.154,293.15,238.178,293.15,238.13,293.15,238.182,293.15,238.153,293.15,238.199,293.15,238.15,293.15,238.145,293.15,238.129,293.15,238.197,293.15,238.158,293.15,238.164,293.15,238.166,293.15,238.145,293.15,238.116,293.15,238.152,293.15,238.134,293.15,238.133,293.15,238.142,238.15,0,0,9.87426e-12,1.57213e-08
3,293.15,293.15,293.15,1.93268e-12,293.15,238.174,293.15,238.148,293.15,238.124,293.15,238.177,293.15,238.191,293.15,238.192,293.15,238.197,293.15,238.166,293.15,238.116,293.15,238.122,293.15,238.143,293.15,238.181,293.15,238.147,293.15,238.125,293.15,238.147,293.15,238.139,293.15,238.182,293.15,238.114,293.15,238.123,293.15,238.187,293.15,238.117,293.15,238.136,293.15,238.137,293.15,238.192,293.15,238.136,293.15,238.151,293.15,238.122,293.15,238.144,293.15,238.148,293.15,238.156,293.15,238.184,293.15,238.135,293.15,238.194,293.15,238.123,293.15,238.168,293.15,238.138,293.15,238.111,293.15,238.178,293.15,238.161,293.15,238.173,293.15,238.147,293.15,238.172,293.15,238.12,293.15,238.146,293.15,238.133,293.15,238.102,293.15,238.165,293.15,238.163,293.15,238.175,293.15,238.154,293.15,238.148,293.15,238.109,293.15,238.103,293.15,238.109,293.15,238.109,293.15,238.186,293.15,238.111,293.15,238.189,293.15,238.177,293.15,238.165,293.15,238.111,293.15,238.129,293.15,238.147,293.15,238.123,293.15,238.147,293.15,238.147,293.15,238.132,293.15,238.121,293.15,238.157,293.15,238.193,293.15,238.197,293.15,238.113,293.15,238.154,293.15,238.178,293.15,238.13,293.15,238.182,293.15,238.153,293.15,238.199,293.15,238.15,293.15,238.145,293.15,238.129,293.15,238.197,293.15,238.158,293.15,238.164,293.15,238.166,293.15,238.145,293.15,238.116,293.15,238.152,293.15,238.134,293.15,238.133,293.15,238.142,238.15,0,0,1.41851e-11,1.47687e-08
4,293.15,293.15,293.15,1.76215e-12,293.15,238.174,293.15,238.148,293.15,238.124,293.15,238.177,293.15,238.191,293.15,238.192,293.15,238.197,293.15,238.166,293.15,238.116,293.15,238.122,293.15,238.143,293.15,238.181,293.15,238.147,293.15,238.125,293.15,238.147,293.15,238.139,293.15,238.182,293.15,238.114,293.15,238.123,293.15,238.187,293.15,238.117,293.15,238.136,293.15,238.137,293.15,238.192,293.15,238.136,293.15,238.151,293.15,238.122,293.15,238.144,293.15,238.148,293.15,238.156,293.15,238.184,293.15,238.135,293.15,238.194,293.15,238.123,293.15,238.168,293.15,238.138,293.15,238.111,293.15,238.178,293.15,238.161,293.15,238.173,293.15,238.147,293.15,238.172,293.15,238.12,293.15,238.146,293.15,238.133,293.15,238.102,293.15,238.165,293.15,238.163,293.15,238.175,293.15,238.154,293.15,238.148,293.15,238.109,293.15,238.103,293.15,238.109,293.15,238.109,293.15,238.186,293.15,238.111,293.15,238.189,293.15,238.177,293.15,238.165,293.15,238.111,293.15,238.129,293.15,238.147,293.15,238.123,293.15,238.147,293.15,238.147,293.15,238.132,293.15,238.121,293.15,238.157,293.15,238.193,293.15,238.197,293.15,238.113,293.15,238.154,293.15,238.178,293.15,238.13,293.15,238.182,293.15,238.153,293.15,238.199,293.15,238.15,293.15,238.145,293.15,238.129,293.15,238.197,293.15,238.158,293.15,238.164,293.15,238.166,293.15,238.145,293.15,238.116,293.15,238.152,293.15,238.134,293.15,238.133,293.15,238.142,238.15,0,0,1.8858e-11,1.5231e-08
5,293.15,293.15,293.15,1.76215e-12,293.15,238.174,293.15,238.148,293.15,238.124,293.15,238.177,293.15,238.191,293.15,238.192,293.15,238.197,293.15,238.166,293.15,238.116,293.15,238.122,293.15,238.143,293.15,238.181,293.15,238.147,293.15,238.125,293.15,238.147,293.15,238.139,293.15,238.182,293.15,238.114,293.15,238.123,293.15,238.187,293.15,238.117,293.15,238.136,293.15,238.137,293.15,238.192,293.15,238.136,293.15,238.151,293.15,238.122,293.15,238.144,293.15,238.148,293.15,238.156,293.15,238.184,293.15,238.135,293.15,238.194,293.15,238.123,293.15,238.168,293.15,238.138,293.15,238.111,293.15,238.178,293.15,238.161,293.15,238.173,293.15,238.147,293.15,238.172,293.15,238.12,293.15,238.146,293.15,238.133,293.15,238.102,293.15,238.165,293.15,238.163,293.15,238.175,293.15,238.154,293.15,238.148,293.15,238.109,293.15,238.103,293.15,238.109,293.15,238.109,293.15,238.186,293.15,238.111,293.15,238.189,293.15,238.177,293.15,238.165,293.15,238.111,293.15,238.129,293.15,238.147,293.15,238.123,293.15,238.147,293.15,238.147,293.15,238.132,293.15,238.121,293.15,238.157,293.15,238.193,293.15,238.197,293.15,238.113,293.15,238.154,293.15,238.178,293.15,238.13,293.15,238.182,293.15,238.153,293.15,238.199,293.15,238.15,293.15,238.145,293.15,238.129,293.15,238.197,293.15,238.158,293.15,238.164,293.15,238.166,293.15,238.145,293.15,238.116,293.15,238.152,293.15,238.134,293.15,238.133,293.15,238.142,238.15,0,0,2.31463e-11,1.52393e-08
6,293.15,293.15,293.15,1.81899e-12,293.15,238.174,293.15,238.148,293.15,238.124,293.15,238.177,293.15,238.191,293.15,238.192,293.15,238.197,293.15,238.166,293.15,238.116,293.15,238.122,293.15,238.143,293.15,238.181,293.15,238.147,293.15,238.125,293.15,238.147,293.15,238.139,293.15,238.182,293.15,238.114,293.15,238.123,293.15,238.187,293.15,238.117,293.15,238.136,293.15,238.137,293.15,238.192,293.15,238.136,293.15,238.151,293.15,238.122,293.15,238.144,293.15,238.148,293.15,238.156,293.15,238.184,293.15,238.135,293.15,238.194,293.15,238.123,293.15,238.168,293.15,238.138,293.15,238.111,293.15,238.178,293.15,238.161,293.15,238.173,293.15,238.147,293.15,238.172,293.15,238.12,293.15,238.146,293.15,238.133,293.15,238.102,293.15,238.165,293.15,238.163,293.15,238.175,293.15,238.154,293.15,238.148,293.15,238.109,293.15,238.103,293.15,238.109,293.15,238.109,293.15,238.186,293.15,238.111,293.15,238.189,293.15,238.177,293.15,238.165,293.15,238.111,293.15,238.129,293.15,238.147,293.15,238.123,293.15,238.147,293.15,238.147,293.15,238.132,293.15,238.121,293.15,238.157,293.15,238.193,293.15,238.197,293.15,238.113,293.15,238.154,293.15,238.178,293.15,238.13,293.15,238.182,293.15,238.153,293.15,238.199,293.15,238.15,293.15,238.145,293.15,238.129,293.15,238.197,293.15,238.158,293.15,238.164,293.15,238.166,293.15,238.145,293.15,238.116,293.15,238.152,293.15,238.134,293.15,238.133,293.15,238.142,238.15,0,0,2.74971e-11,1.53054e-08
7,293.15,293.15,293.15,1.76215e-12,293.15,238.174,293.15,238.148,293.15,238.124,293.15,238.177,293.15,238.191,293.15,238.192,293.15,238.197,293.15,238.166,293.15,238.116,293.15,238.122,293.15,238.143,293.15,238.181,293.15,238.147,293.15,238.125,293.15,238.147,293.15,238.139,293.15,238.182,293.15,238.114,293.15,238.123,293.15,238.187,293.15,238.117,293.15,238.136,293.15,238.137,293.15,238.192,293.15,238.136,293.15,238.151,293.15,238.122,293.15,238.144,293.15,238.148,293.15,238.156,293.15,238.184,293.15,238.135,293.15,238.194,293.15,238.123,293.15,238.168,293.15,238.138,293.15,238.111,293.15,238.178,293.15,238.161,293.15,238.173,293.15,238.147,293.15,238.172,293.15,238.12,293.15,238.146,293.15,238.133,293.15,238.102,293.15,238.165,293.15,238.163,293.15,238.175,293.15,238.154,293.15,238.148,293.15,238.109,293.15,238.103,293.15,238.109,293.15,238.109,293.15,238.186,293.15,238.111,293.15,238.189,293.15,238.177,293.15,238.165,293.15,238.111,293.15,238.129,293.15,238.147,293.15,238.123,293.15,238.147,293.15,238.147,293.15,238.132,293.15,238.121,293.15,238.157,293.15,238.193,293.15,238.197,293.15,238.113,293.15,238.154,293.15,238.178,293.15,238.13,293.15,238.182,293.15,238.153,293.15,238.199,293.15,238.15,293.15,238.145,293.15,238.129,293.15,238.197,293.15,238.158,293.15,238.164,293.15,238.166,293.15,238.145,293.15,238.116,293.15,238.152,293.15,238.134,293.15,238.133,293.15,238.142,238.15,0,0,3.19089e-11,1.54845e-08
8,293.15,293.15,293.15,1.59162e-12,293.15,238.174,293.15,238.148,293.15,238.124,293.15,238.177,293.15,238.191,293.15,238.192,293.15,238.197,293.15,238.166,293.15,238.116,293.15,238.122,293.15,238.143,293.15,238.181,293.15,238.147,293.15,238.125,293.15,238.147,293.15,238.139,293.15,238.182,293.15,238.114,293.15,238.123,293.15,238.187,293.15,238.117,293.15,238.136,293.15,238.137,293.15,238.192,293.15,238.136,293.15,238.151,293.15,238.122,293.15,238.144,293.15,238.148,293.15,238.156,293.15,238.184,293.15,238.135,293.15,238.194,293.15,238.123,293.15,238.168,293.15,238.138,293.15,238.111,293.15,238.178,293.15,238.161,293.15,238.173,293.15,238.147,293.15,238.172,293.15,238.12,293.15,238.146,293.15,238.133,293.15,238.102,293.15,238.165,293.15,238.163,293.15,238.175,293.15,238.154,293.15,238.148,293.15,238.109,293.15,238.103,293.15,238.109,293.15,238.109,293.15,238.186,293.15,238.111,293.15,238.189,293.15,238.177,293.15,238.165,293.15,238.111,293.15,238.129,293.15,238.147,293.15,238.123,293.15,238.147,293.15,238.147,293.15,238.132,293.15,238.121,293.15,238.157,293.15,238.193,293.15,238.197,293.15,238.113,293.15,238.154,293.15,238.178,293.15,238.13,293.15,238.182,293.15,238.153,293.15,238.199,293.15,238.15,293.15,238.145,293.15,238.129,293.15,238.197,293.15,238.158,293.15,238.164,293.15,238.166,293.15,238.145,293.15,238.116,293.15,238.152,293.15,238.134,293.15,238.133,293.15,238.142,238.15,0,0,3.63583e-11,1.56782e-08
9,293.15,293.15,293.15,1.64846e-12,293.15,238.174,293.15,238.148,293.15,238.124,293.15,238.177,293.15,238.191,293.15,238.192,293.15,238.197,293.15,238.166,293.15,238.116,293.15,238.122,293.15,238.143,293.15,238.181,293.15,238.147,293.15,238.125,293.15,238.147,293.15,238.139,293.15,238.182,293.15,238.114,293.15,238.123,293.15,238.187,293.15,238.117,293.15,238.136,293.15,238.137,293.15,238.192,293.15,238.136,293.15,238.151,293.15,238.122,293.15,238.144,293.15,238.148,293.15,238.156,293.15,238.184,293.15,238.135,293.15,238.194,293.15,238.123,293.15,238.168,293.15,238.138,293.15,238.111,293.15,238.178,293.15,238.161,293.15,238.173,293.15,238.147,293.15,238.172,293.15,238.12,293.15,238.146,293.15,238.133,293.15,238.102,293.15,238.165,293.15,238.163,293.15,238.175,293.15,238.154,293.15,238.148,293.15,238.109,293.15,238.103,293.15,238.109,293.15,238.109,293.15,238.186,293.15,238.111,293.15,238.189,293.15,238.177,293.15,238.165,293.15,238.111,293.15,238.129,293.15,238.147,293.15,238.123,293.15,238.147,293.15,238.147,293.15,238.132,293.15,238.121,293.15,238.157,293.15,238.193,293.15,238.197,293.15,238.113,293.15,238.154,293.15,238.178,293.15,238.13,293.15,238.182,293.15,238.153,293.15,238.199,293.15,238.15,293.15,238.145,293.15,238.129,293.15,238.197,293.15,238.158,293.15,238.164,293.15,238.166,293.15,238.145,293.15,238.116,293.15,238.152,293.15,238.134,293.15,238.133,293.15,238.142,238.15,0,0,4.09157e-11,1.60198e-08
10,293.15,293.15,293.15,1.81899e-12,293.15,238.174,293.15,238.148,293.15,238.124,293.15,238.177,293.15,238.191,293.15,238.192,293.15,238.197,293.15,238.166,293.15,238.116,293.15,238.122,293.15,238.143,293.15,238.181,293.15,238.147,293.15,238.125,293.15,238.147,293.15,238.139,293.15,238.182,293.15,238.114,293.15,238.123,293.15,238.187,293.15,238.117,293.15,238.136,293.15,238.137,293.15,238.192,293.15,238.136,293.15,238.151,293.15,238.122,293.15,238.144,293.15,238.148,293.15,238.156,293.15,238.184,293.15,238.135,293.15,238.194,293.15,238.123,293.15,238.168,293.15,238.138,293.15,238.111,293.15,238.178,293.15,238.161,293.15,238.173,293.15,238.147,293.15,238.172,293.15,238.12,293.15,238.146,293.15,238.133,293.15,238.102,293.15,238.165,293.15,238.163,293.15,238.175,293.15,238.154,293.15,238.148,293.15,238.109,293.15,238.103,293.15,238.109,293.15,238.109,293.15,238.186,293.15,238.111,293.15,238.189,293.15,238.177,293.15,238.165,293.15,238.111,293.15,238.129,293.15,238.147,293.15,238.123,293.15,238.147,293.15,238.147,293.15,238.132,293.15,238.121,293.15,238.157,293.15,238.193,293.15,238.197,293.15,238.113,293.15,238.154,293.15,238.178,293.15,238.13,293.15,238.182,293.15,238.153,293.15,238.199,293.15,238.15,293.15,238.145,293.15,238.129,293.15,238.197,293.15,238.158,293.15,238.164,293.15,238.166,293.15,238.145,293.15,238.116,293.15,238.152,293.15,238.134,293.15,238.133,293.15,238.142,238.15,0,0,4.56011e-11,1.59867e-08
11,293.15,293.15,293.15,1.76215e-12,293.15,238.174,293.15,238.148,293.15,238.124,293.15,238.177,293.15,238.191,293.15,238.192,293.15,238.197,293.15,238.166,293.15,238.116,293.15,238.122,293.15,238.143,293.15,238.181,293.15,238.147,293.15,238.125,293.15,238.147,293.15,238.139,293.15,238.182,293.15,238.114,293.15,238.123,293.15,238.187,293.15,238.117,293.15,238.136,293.15,238.137,293.15,238.192,293.15,238.136,293.15,238.151,293.15,238.122,293.15,238.144,293.15,238.148,293.15,238.156,293.15,238.184,293.15,238.135,293.15,238.194,293.15,238.123,293.15,238.168,293.15,238.138,293.15,238.111,293.15,238.178,293.15,238.161,293.15,238.173,293.15,238.147,293.15,238.172,293.15,238.12,293.15,238.146,293.15,238.133,293.15,238.102,293.15,238.165,293.15,238.163,293.15,238.175,293.15,238.154,293.15,238.148,293.15,238.109,293.15,238.103,293.15,238.109,293.15,238.109,293.15,238.186,293.15,238.111,293.15,238.189,293.15,238.177,293.15,238.165,293.15,238.111,293.15,238.129,293.15,238.147,293.15,238.123,293.15,238.147,293.15,238.147,293.15,238.132,293.15,238.121,293.15,238.157,293.15,238.193,293.15,238.197,293.15,238.113,293.15,238.154,293.15,238.178,293.15,238.13,293.15,238.182,293.15,238.153,293.15,238.199,293.15,238.15,293.15,238.145,293.15,238.129,293.15,238.197,293.15,238.158,293.15,238.164,293.15,238.166,293.15,238.145,293.15,238.116,293.15,238.152,293.15,238.134,293.15,238.133,293.15,238.142,238.15,0,0,5.04252e-11,1.57258e-08
12,293.15,293.15,293.15,1.64846e-12,293.15,238.174,293.15,238.148,293.15,238.124,293.15,238.177,293.15,238.191,293.15,238.192,293.15,238.197,293.15,238.166,293.15,238.116,293.15,238.122,293.15,238.143,293.15,238.181,293.15,238.147,293.15,238.125,293.15,238.147,293.15,238.139,293.15,238.182,293.15,238.114,293.15,238.123,293.15,238.187,293.15,238.117,293.15,238.136,293.15,238.137,293.15,238.192,293.15,238.136,293.15,238.151,293.15,238.122,293.15,238.144,293.15,238.148,293.15,238.156,293.15,238.184,293.15,238.135,293.15,238.194,293.15,238.123,293.15,238.168,293.15,238.138,293.15,238.111,293.15,238.178,293.15,238.161,293.15,238.173,293.15,238.147,293.15,238.172,293.15,238.12,293.15,238.146,293.15,238.133,293.15,238.102,293.15,238.165,293.15,238.163,293.15,238.175,293.15,238.154,293.15,238.148,293.15,238.109,293.15,238.103,293.15,238.109,293.15,238.109,293.15,238.186,293.15,238.111,293.15,238.189,293.15,238.177,293.15,238.165,293.15,238.111,293.15,238.129,293.15,238.147,293.15,238.123,293.15,238.147,293.15,238.147,293.15,238.132,293.15,238.121,293.15,238.157,293.15,238.193,293.15,238.197,293.15,238.113,293.15,238.154,293.15,238.178,293.15,238.13,293.15,238.182,293.15,238.153,293.15,238.199,293.15,238.15,293.15,238.145,293.15,238.129,293.15,238.197,293.15,238.158,293.15,238.164,293.15,238.166,293.15,238.145,293.15,238.116,293.15,238.152,293.15,238.134,293.15,238.133,293.15,238.142,238.15,0,0,5.5231e-11,1.6028e-08
13,293.15,293.15,293.15,1.59162e-12,293.15,238.174,293.15,238.148,293.15,238.124,293.15,238.177,293.15,238.191,293.15,238.192,293.15,238.197,293.15,238.166,293.15,238.116,293.15,238.122,293.15,238.143,293.15,238.181,293.15,238.147,293.15,238.125,293.15,238.147,293.15,238.139,293.15,238.182,293.15,238.114,293.15,238.123,293.15,238.187,293.15,238.117,293.15,238.136,293.15,238.137,293.15,238.192,293.15,238.136,293.15,238.151,293.15,238.122,293.15,238.144,293.15,238.148,293.15,238.156,293.15,238.184,293.15,238.135,293.15,238.194,293.15,238.123,293.15,238.168,293.15,238.138,293.15,238.111,293.15,238.178,293.15,238.161,293.15,238.173,293.15,238.147,293.15,238.172,293.15,238.12,293.15,238.146,293.15,238.133,293.15,238.102,293.15,238.165,293.15,238.163,293.15,238.175,293.15,238.154,293.15,238.148,293.15,238.109,293.15,238.103,293.15,238.109,293.15,238.109,293.15,238.186,293.15,238.111,293.15,238.189,293.15,238.177,293.15,238.165,293.15,238.111,293.15,238.129,293.15,238.147,293.15,238.123,293.15,238.147,293.15,238.147,293.15,238.132,293.15,238.121,293.15,238.157,293.15,238.193,293.15,238.197,293.15,238.113,293.15,238.154,293.15,238.178,293.15,238.13,293.15,238.182,293.15,238.153,293.15,238.199,293.15,238.15,293.15,238.145,293.15,238.129,293.15,238.197,293.15,238.158,293.15,238.164,293.15,238.166,293.15,238.145,293.15,238.116,293.15,238.152,293.15,238.134,293.15,238.133,293.15,238.142,238.15,0,0,6.00042e-11,1.59845e-08
14,293.15,293.15,293.15,1.64846e-12,293.15,238.174,293.15,238.148,293.15,238.124,293.15,238.177,293.15,238.191,293.15,238.192,293.15,238.197,293.15,238.166,293.15,238.116,293.15,238.122,293.15,238.143,293.15,238.181,293.15,238.147,293.15,238.125,293.15,238.147,293.15,238.139,293.15,238.182,293.15,238.114,293.15,238.123,293.15,238.187,293.15,238.117,293.15,238.136,293.15,238.137,293.15,238.192,293.15,238.136,293.15,238.151,293.15,238.122,293.15,238.144,293.15,238.148,293.15,238.156,293.15,238.184,293.15,238.135,293.15,238.194,293.15,238.123,293.15,238.168,293.15,238.138,293.15,238.111,293.15,238.178,293.15,238.161,293.15,238.173,293.15,238.147,293.15,238.172,293.15,238.12,293.15,238.146,293.15,238.133,293.15,238.102,293.15,238.165,293.15,238.163,293.15,238.175,293.15,238.154,293.15,238.148,293.15,238.109,293.15,238.103,293.15,238.109,293.15,238.109,293.15,238.186,293.15,238.111,293.15,238.189,293.15,238.177,293.15,238.165,293.15,238.111,293.15,238.129,293.15,238.147,293.15,238.123,293.15,238.147,293.15,238.147,293.15,238.132,293.15,238.121,293.15,238.157,293.15,238.193,293.15,238.197,293.15,238.113,293.15,238.154,293.15,238.178,293.15,238.13,293.15,238.182,293.15,238.153,293.15,238.199,293.15,238.15,293.15,238.145,293.15,238.129,293.15,238.197,293.15,238.158,293.15,238.164,293.15,238.166,293.15,238.145,293.15,238.116,293.15,238.152,293.15,238.134,293.15,238.133,293.15,238.142,238.15,0,0,6.48546e-11,1.6154e-08
15,293.15,293.15,293.15,1.59162e-12,293.15,238.174,293.15,238.148,293.15,238.124,293.15,238.177,293.15,238.191,293.15,238.192,293.15,238.197,293.15,238.166,293.15,238.116,293.15,238.122,293.15,238.143,293.15,238.181,293.15,238.147,293.15,238.125,293.15,238.147,293.15,238.139,293.15,238.182,293.15,238.114,293.15,238.123,293.15,238.187,293.15,238.117,293.15,238.136,293.15,238.137,293.15,238.192,293.15,238.136,293.15,238.151,293.15,238.122,293.15,238.144,293.15,238.148,293.15,238.156,293.15,238.184,293.15,238.135,293.15,238.194,293.15,238.123,293.15,238.168,293.15,238.138,293.15,238.111,293.15,238.178,293.15,238.161,293.15,238.173,293.15,238.147,293.15,238.172,293.15,238.12,293.15,238.146,293.15,238.133,293.15,238.102,293.15,238.165,293.15,238.163,293.15,238.175,293.15,238.154,293.15,238.148,293.15,238.109,293.15,238.103,293.15,238.109,293.15,238.109,293.15,238.186,293.15,238.111,293.15,238.189,293.15,238.177,293.15,238.165,293.15,238.111,293.15,238.129,293.15,238.147,293.15,238.123,293.15,238.147,293.15,238.147,293.15,238.132,293.15,238.121,293.15,238.157,293.15,238.193,293.15,238.197,293.15,238.113,293.15,238.154,293.15,238.178,293.15,238.13,293.15,238.182,293.15,238.153,293.15,238.199,293.15,238.15,293.15,238.145,293.15,238.129,293.15,238.197,293.15,238.158,293.15,238.164,293.15,238.166,293.15,238.145,293.15,238.116,293.15,238.152,293.15,238.134,293.15,238.133,293.15,238.142,238.15,0,0,6.97015e-11,1.60742e-08
16,293.15,293.15,293.15,1.59162e-12,293.15,238.174,293.15,238.148,293.15,238.124,293.15,238.177,293.15,238.191,293.15,238.192,293.15,238.197,293.15,238.166,293.15,238.116,293.15,238.122,293.15,238.143,293.15,238.181,293.15,238.147,293.15,238.125,293.15,238.147,293.15,238.139,293.15,238.182,293.15,238.114,293.15,238.123,293.15,238.187,293.15,238.117,293.15,238.136,293.15,238.137,293.15,238.192,293.15,238.136,293.15,238.151,293.15,238.122,293.15,238.144,293.15,238.148,293.15,238.156,293.15,238.184,293.15,238.135,293.15,238.194,293.15,238.123,293.15,238.168,293.15,238.138,293.15,238.111,293.15,238.178,293.15,238.161,293.15,238.173,293.15,238.147,293.15,238.172,293.15,238.12,293.15,238.146,293.15,238.133,293.15,238.102,293.15,238.165,293.15,238.163,293.15,238.175,293.15,238.154,293.15,238.148,293.15,238.109,293.15,238.103,293.15,238.109,293.15,238.109,293.15,238.186,293.15,238.111,293.15,238.189,293.15,238.177,293.15,238.165,293.15,238.111,293.15,238.129,293.15,238.147,293.15,238.123,293.15,238.147,293.15,238.147,293.15,238.132,293.15,238.121,293.15,238.157,293.15,238.193,293.15,238.197,293.15,238.113,293.15,238.154,293.15,238.178,293.15,238.13,293.15,238.182,293.15,238.153,293.15,238.199,293.15,238.15,293.15,238.145,293.15,238.129,293.15,238.197,293.15,238.158,293.15,238.164,293.15,238.166,293.15,238.145,293.15,238.116,293.15,238.152,293.15,238.134,293.15,238.133,293.15,238.142,238.15,0,0,7.45169e-11,1.60725e-08
17,293.15,293.15,293.15,1.47793e-12,293.15,238.174,293.15,238.148,293.15,238.124,293.15,238.177,293.15,238.191,293.15,238.192,293.15,238.197,293.15,238.166,293.15,238.116,293.15,238.122,293.15,238.143,293.15,238.181,293.15,238.147,293.15,238.125,293.15,238.147,293.15,238.139,293.15,238.182,293.15,238.114,293.15,238.123,293.15,238.187,293.15,238.117,293.15,238.136,293.15,238.137,293.15,238.192,293.15,238.136,293.15,238.151,293.15,238.122,293.15,238.144,293.15,238.148,293.15,238.156,293.15,238.184,293.15,238.135,293.15,238.194,293.15,238.123,293.15,238.168,293.15,238.138,293.15,238.111,293.15,238.178,293.15,238.161,293.15,238.173,293.15,238.147,293.15,238.172,293.15,238.12,293.15,238.146,293.15,238.133,293.15,238.102,293.15,238.165,293.15,238.163,293.15,238.175,293.15,238.154,293.15,238.148,293.15,238.109,293.15,238.103,293.15,238.109,293.15,238.109,293.15,238.186,293.15,238.111,293.15,238.189,293.15,238.177,293.15,238.165,293.15,238.111,293.15,238.129,293.15,238.147,293.15,238.123,293.15,238.147,293.15,238.147,293.15,238.132,293.15,238.121,293.15,238.157,293.15,238.193,293.15,238.197,293.15,238.113,293.15,238.154,293.15,238.178,293.15,238.13,293.15,238.182,293.15,238.153,293.15,238.199,293.15,238.15,293.15,238.145,293.15,238.129,293.15,238.197,293.15,238.158,293.15,238.164,293.15,238.166,293.15,238.145,293.15,238.116,293.15,238.152,293.15,238.134,293.15,238.133,293.15,238.142,238.15,0,0,7.92824e-11,1.61259e-08
18,293.15,293.15,293.15,1.3074e-12,293.15,238.174,293.15,238.148,293.15,238.124,293.15,238.177,293.15,238.191,293.15,238.192,293.15,238.197,293.15,238.166,293.15,238.116,293.15,238.122,293.15,238.143,293.15,238.181,293.15,238.147,293.15,238.125,293.15,238.147,293.15,238.139,293.15,238.182,293.15,238.114,293.15,238.123,293.15,238.187,293.15,238.117,293.15,238.136,293.15,238.137,293.15,238.192,293.15,238.136,293.15,238.151,293.15,238.122,293.15,238.144,293.15,238.148,293.15,238.156,293.15,238.184,293.15,238.135,293.15,238.194,293.15,238.123,293.15,238.168,293.15,238.138,293.15,238.111,293.15,238.178,293.15,238.161,293.15,238.173,293.15,238.147,293.15,238.172,293.15,238.12,293.15,238.146,293.15,238.133,293.15,238.102,293.15,238.165,293.15,238.163,293.15,238.175,293.15,238.154,293.15,238.148,293.15,238.109,293.15,238.103,293.15,238.109,293.15,238.109,293.15,238.186,293.15,238.111,293.15,238.189,293.15,238.177,293.15,238.165,293.15,238.111,293.15,238.129,293.15,238.147,293.15,238.123,293.15,238.147,293.15,238.147,293.15,238.132,293.15,238.121,293.15,238.157,293.15,238.193,293.15,238.197,293.15,238.113,293.15,238.154,293.15,238.178,293.15,238.13,293.15,238.182,293.15,238.153,293.15,238.199,293.15,238.15,293.15,238.145,293.15,238.129,293.15,238.197,293.15,238.158,293.15,238.164,293.15,238.166,293.15,238.145,293.15,238.116,293.15,238.152,293.15,238.134,293.15,238.133,293.15,238.142,238.15,0,0,8.40067e-11,1.63126e-08
19,293.15,293.15,293.15,1.53477e-12,293.15,238.174,293.15,238.148,293.15,238.124,293.15,238.177,293.15,238.191,293.15,238.192,293.15,238.197,293.15,238.166,293.15,238.116,293.15,238.122,293.15,238.143,293.15,238.181,293.15,238.147,293.15,238.125,293.15,238.147,293.15,238.139,293.15,238.182,293.15,238.114,293.15,238.123,293.15,238.187,293.15,238.117,293.15,238.136,293.15,238.137,293.15,238.192,293.15,238.136,293.15,238.151,293.15,238.122,293.15,238.144,293.15,238.148,293.15,238.156,293.15,238.184,293.15,238.135,293.15,238.194,293.15,238.123,293.15,238.168,293.15,238.138,293.15,238.111,293.15,238.178,293.15,238.161,293.15,238.173,293.15,238.147,293.15,238.172,293.15,238.12,293.15,238.146,293.15,238.133,293.15,238.102,293.15,238.165,293.15,238.163,293.15,238.175,293.15,238.154,293.15,238.148,293.15,238.109,293.15,238.103,293.15,238.109,293.15,238.109,293.15,238.186,293.15,238.111,293.15,238.189,293.15,238.177,293.15,238.165,293.15,238.111,293.15,238.129,293.15,238.147,293.15,238.123,293.15,238.147,293.15,238.147,293.15,238.132,293.15,238.121,293.15,238.157,293.15,238.193,293.15,238.197,293.15,238.113,293.15,238.154,293.15,238.178,293.15,238.13,293.15,238.182,293.15,238.153,293.15,238.199,293.15,238.15,293.15,238.145,293.15,238.129,293.15,238.197,293.15,238.158,293.15,238.164,293.15,238.166,293.15,238.145,293.15,238.116,293.15,238.152,293.15,238.134,293.15,238.133,293.15,238.142,238.15,0,0,8.8726e-11,1.61965e-08
20,293.15,293.15,293.15,1.42109e-12,293.15,238.174,293.15,238.148,293.15,238.124,293.15,238.177,293.15,238.191,293.15,238.192,293.15,238.197,293.15,238.166,293.15,238.116,293.15,238.122,293.15,238.143,293.15,238.181,293.15,238.147,293.15,238.125,293.15,238.147,293.15,238.139,293.15,238.182,293.15,238.114,293.15,238.123,293.15,238.187,293.15,238.117,293.15,238.136,293.15,238.137,293.15,238.192,293.15,238.136,293.15,238.151,293.15,238.122,293.15,238.144,293.15,238.148,293.15,238.156,293.15,238.184,293.15,238.135,293.15,238.194,293.15,238.123,293.15,238.168,293.15,238.138,293.15,238.111,293.15,238.178,293.15,238.161,293.15,238.173,293.15,238.147,293.15,238.172,293.15,238.12,293.15,238.146,293.15,238.133,293.15,238.102,293.15,238.165,293.15,238.163,293.15,238.175,293.15,238.154,293.15,238.148,293.15,238.109,293.15,238.103,293.15,238.109,293.15,238.109,293.15,238.186,293.15,238.111,293.15,238.189,293.15,238.177,293.15,238.165,293.15,238.111,293.15,238.129,293.15,238.147,293.15,238.123,293.15,238.147,293.15,238.147,293.15,238.132,293.15,238.121,293.15,238.157,293.15,238.193,293.15,238.197,293.15,238.113,293.15,238.154,293.15,238.178,293.15,238.13,293.15,238.182,293.15,238.153,293.15,238.199,293.15,238.15,293.15,238.145,293.15,238.129,293.15,238.197,293.15,238.158,293.15,238.164,293.15,238.166,293.15,238.145,293.15,238.116,293.15,238.152,293.15,238.134,293.15,238.133,293.15,238.142,238.15,0,0,9.34671e-11,1.62107e-08
21,293.15,293.15,293.15,1.25056e-12,293.15,238.174,293.15,238.148,293.15,238.124,293.15,238.177,293.15,238.191,293.15,238.192,293.15,238.197,293.15,238.166,293.15,238.116,293.15,238.122,293.15,238.143,293.15,238.181,293.15,238.147,293.15,238.125,293.15,238.147,293.15,238.139,293.15,238.182,293.15,238.114,293.15,238.123,293.15,238.187,293.15,238.117,293.15,238.136,293.15,238.137,293.15,238.192,293.15,238.136,293.15,238.151,293.15,238.122,293.15,238.144,293.15,238.148,293.15,238.156,293.15,238.184,293.15,238.135,293.15,238.194,293.15,238.123,293.15,238.168,293.15,238.138,293.15,238.111,293.15,238.178,293.15,238.161,293.15,238.173,293.15,238.147,293.15,238.172,293.15,238.12,293.15,238.146,293.15,238.133,293.15,238.102,293.15,238.165,293.15,238.163,293.15,238.175,293.15,238.154,293.15,238.148,293.15,238.109,293.15,238.103,293.15,238.109,293.15,238.109,293.15,238.186,293.15,238.111,293.15,238.189,293.15,238.177,293.15,238.165,293.15,238.111,293.15,238.129,293.15,238.147,293.15,238.123,293.15,238.147,293.15,238.147,293.15,238.132,293.15,238.121,293.15,238.157,293.15,238.193,293.15,238.197,293.15,238.113,293.15,238.154,293.15,238.178,293.15,238.13,293.15,238.182,293.15,238.153,293.15,238.199,293.15,238.15,293.15,238.145,293.15,238.129,293.15,238.197,293.15,238.158,293.15,238.164,293.15,238.166,293.15,238.145,293.15,238.116,293.15,238.152,293.15,238.134,293.15,238.133,293.15,238.142,238.15,0,0,9.81729e-11,1.60403e-08
22,293.15,293.15,293.15,1.42109e-12,293.15,238.174,293.15,238.148,293.15,238.124,293.15,238.177,293.15,238.191,293.15,238.192,293.15,238.197,293.15,238.166,293.15,238.116,293.15,238.122,293.15,238.143,293.15,238.181,293.15,238.147,293.15,238.125,293.15,238.147,293.15,238.139,293.15,238.182,293.15,238.114,293.15,238.123,293.15,238.187,293.15,238.117,293.15,238.136,293.15,238.137,293.15,238.192,293.15,238.136,293.15,238.151,293.15,238.122,293.15,238.144,293.15,238.148,293.15,238.156,293.15,238.184,293.15,238.135,293.15,238.194,293.15,238.123,293.15,238.168,293.15,238.138,293.15,238.111,293.15,238.178,293.15,238.161,293.15,238.173,293.15,238.147,293.15,238.172,293.15,238.12,293.15,238.146,293.15,238.133,293.15,238.102,293.15,238.165,293.15,238.163,293.15,238.175,293.15,238.154,293.15,238.148,293.15,238.109,293.15,238.103,293.15,238.109,293.15,238.109,293.15,238.186,293.15,238.111,293.15,238.189,293.15,238.177,293.15,238.165,293.15,238.111,293.15,238.129,293.15,238.147,293.15,238.123,293.15,238.147,293.15,238.147,293.15,238.132,293.15,238.121,293.15,238.157,293.15,238.193,293.15,238.197,293.15,238.113,293.15,238.154,293.15,238.178,293.15,238.13,293.15,238.182,293.15,238.153,293.15,238.199,293.15,238.15,293.15,238.145,293.15,238.129,293.15,238.197,293.15,238.158,293.15,238.164,293.15,238.166,293.15,238.145,293.15,238.116,293.15,238.152,293.15,238.134,293.15,238.133,293.15,238.142,238.15,0,0,1.02798e-10,1.58881e-08
23,293.15,293.15,293.15,1.53477e-12,293.15,238.174,293.15,238.148,293.15,238.124,293.15,238.177,293.15,238.191,293.15,238.192,293.15,238.197,293.15,238.166,293.15,238.116,293.15,238.122,293.15,238.143,293.15,238.181,293.15,238.147,293.15,238.125,293.15,238.147,293.15,238.139,293.15,238.182,293.15,238.114,293.15,238.123,293.15,238.187,293.15,238.117,293.15,238.136,293.15,238.137,293.15,238.192,293.15,238.136,293.15,238.151,293.15,238.122,293.15,238.144,293.15,238.148,293.15,238.156,293.15,238.184,293.15,238.135,293.15,238.194,293.15,238.123,293.15,238.168,293.15,238.138,293.15,238.111,293.15,238.178,293.15,238.161,293.15,238.173,293.15,238.147,293.15,238.172,293.15,238.12,293.15,238.146,293.15,238.133,293.15,238.102,293.15,238.165,293.15,238.163,293.15,238.175,293.15,238.154,293.15,238.148,293.15,238.109,293.15,238.103,293.15,238.109,293.15,238.109,293.15,238.186,293.15,238.111,293.15,238.189,293.15,238.177,293.15,238.165,293.15,238.111,293.15,238.129,293.15,238.147,293.15,238.123,293.15,238.147,293.15,238.147,293.15,238.132,293.15,238.121,293.15,238.157,293.15,238.193,293.15,238.197,293.15,238.113,293.15,238.154,293.15,238.178,293.15,238.13,293.15,238.182,293.15,238.153,293.15,238.199,293.15,238.15,293.15,238.145,293.15,238.129,293.15,238.197,293.15,238.158,293.15,238.164,293.15,238.166,293.15,238.145,293.15,238.116,293.15,238.152,293.15,238.134,293.15,238.133,293.15,238.142,238.15,0,0,1.07367e-10,1.57561e-08
24,293.15,293.15,293.15,1.42109e-12,293.15,238.174,293.15,238.148,293.15,238.124,293.15,238.177,293.15,238.191,293.15,238.192,293.15,238.197,293.15,238.166,293.15,238.116,293.15,238.122,293.15,238.143,293.15,238.181,293.15,238.147,293.15,238.125,293.15,238.147,293.15,238.139,293.15,238.182,293.15,238.114,293.15,238.123,293.15,238.187,293.15,238.117,293.15,238.136,293.15,238.137,293.15,238.192,293.15,238.136,293.15,238.151,293.15,238.122,293.15,238.144,293.15,238.148,293.15,238.156,293.15,238.184,293.15,238.135,293.15,238.194,293.15,238.123,293.15,238.168,293.15,238.138,293.15,238.111,293.15,238.178,293.15,238.161,293.15,238.173,293.15,238.147,293.15,238.172,293.15,238.12,293.15,238.146,293.15,238.133,293.15,238.102,293.15,238.165,293.15,238.163,293.15,238.175,293.15,238.154,293.15,238.148,293.15,238.109,293.15,238.103,293.15,238.109,293.15,238.109,293.15,238.186,293.15,238.111,293.15,238.189,293.15,238.177,293.15,238.165,293.15,238.111,293.15,238.129,293.15,238.147,293.15,238.123,293.15,238.147,293.15,238.147,293.15,238.132,293.15,238.121,293.15,238.157,293.15,238.193,293.15,238.197,293.15,238.113,293.15,238.154,293.15,238.178,293.15,238.13,293.15,238.182,293.15,238.153,293.15,238.199,293.15,238.15,293.15,238.145,293.15,238.129,293.15,238.197,293.15,238.158,293.15,238.164,293.15,238.166,293.15,238.145,293.15,238.116,293.15,238.152,293.15,238.134,293.15,238.133,293.15,238.142,238.15,0,0,1.11903e-10,1.59559e-08
25,293.15,293.15,293.15,1.42109e-12,293.15,238.174,293.15,238.148,293.15,238.124,293.15,238.177,293.15,238.191,293.15,238.192,293.15,238.197,293.15,238.166,293.15,238.116,293.15,238.122,293.15,238.143,293.15,238.181,293.15,238.147,293.15,238.125,293.15,238.147,293.15,238.139,293.15,238.182,293.15,238.114,293.15,238.123,293.15,238.187,293.15,238.117,293.15,238.136,293.15,238.137,293.15,238.192,293.15,238.136,293.15,238.151,293.15,238.122,293.15,238.144,293.15,238.148,293.15,238.156,293.15,238.184,293.15,238.135,293.15,238.194,293.15,238.123,293.15,238.168,293.15,238.138,293.15,238.111,293.15,238.178,293.15,238.161,293.15,238.173,293.15,238.147,293.15,238.172,293.15,238.12,293.15,238.146,293.15,238.133,293.15,238.102,293.15,238.165,293.15,238.163,293.15,238.175,293.15,238.154,293.15,238.148,293.15,238.109,293.15,238.103,293.15,238.109,293.15,238.109,293.15,238.186,293.15,238.111,293.15,238.189,293.15,238.177,293.15,238.165,293.15,238.111,293.15,238.129,293.15,238.147,293.15,238.123,293.15,238.147,293.15,238.147,293.15,238.132,293.15,238.121,293.15,238.157,293.15,238.193,293.15,238.197,293.15,238.113,293.15,238.154,293.15,238.178,293.15,238.13,293.15,238.182,293.15,238.153,293.15,238.199,293.15,238.15,293.15,238.145,293.15,238.129,293.15,238.197,293.15,238.158,293.15,238.164,293.15,238.166,293.15,238.145,293.15,238.116,293.15,238.152,293.15,238.134,293.15,238.133,293.15,238.142,238.15,0,0,1.16402e-10,1.5822e-08
26,293.15,293.15,293.15,1.47793e-12,293.15,238.174,293.15,238.148,293.15,238.124,293.15,238.177,293.15,238.191,293.15,238.192,293.15,238.197,293.15,238.166,293.15,238.116,293.15,238.122,293.15,238.143,293.15,238.181,293.15,238.147,293.15,238.125,293.15,238.147,293.15,238.139,293.15,238.182,293.15,238.114,293.15,238.123,293.15,238.187,293.15,238.117,293.15,238.136,293.15,238.137,293.15,238.192,293.15,238.136,293.15,238.151,293.15,238.122,293.15,238.144,293.15,238.148,293.15,238.156,293.15,238.184,293.15,238.135,293.15,238.194,293.15,238.123,293.15,238.168,293.15,238.138,293.15,238.111,293.15,238.178,293.15,238.161,293.15,238.173,293.15,238.147,293.15,238.172,293.15,238.12,293.15,238.146,293.15,238.133,293.15,238.102,293.15,238.165,293.15,238.163,293.15,238.175,293.15,238.154,293.15,238.148,293.15,238.109,293.15,238.103,293.15,238.109,293.15,238.109,293.15,238.186,293.15,238.111,293.15,238.189,293.15,238.177,293.15,238.165,293.15,238.111,293.15,238.129,293.15,238.147,293.15,238.123,293.15,238.147,293.15,238.147,293.15,238.132,293.15,238.121,293.15,238.157,293.15,238.193,293.15,238.197,293.15,238.113,293.15,238.154,293.15,238.178,293.15,238.13,293.15,238.182,293.15,238.153,293.15,238.199,293.15,238.15,293.15,238.145,293.15,238.129,293.15,238.197,293.15,238.158,293.15,238.164,293.15,238.166,293.15,238.145,293.15,238.116,293.15,238.152,293.15,238.134,293.15,238.133,293.15,238.142,238.15,0,0,1.20851e-10,1.59142e-08
27,293.15,293.15,293.15,1.42109e-12,293.15,238.174,293.15,238.148,293.15,238.124,293.15,238.177,293.15,238.191,293.15,238.192,293.15,238.197,293.15,238.166,293.15,238.116,293.15,238.122,293.15,238.143,293.15,238.181,293.15,238.147,293.15,238.125,293.15,238.147,293.15,238.139,293.15,238.182,293.15,238.114,293.15,238.123,293.15,238.187,293.15,238.117,293.15,238.136,293.15,238.137,293.15,238.192,293.15,238.136,293.15,238.151,293.15,238.122,293.15,238.144,293.15,238.148,293.15,238.156,293.15,238.184,293.15,238.135,293.15,238.194,293.15,238.123,293.15,238.168,293.15,238.138,293.15,238.111,293.15,238.178,293.15,238.161,293.15,238.173,293.15,238.147,293.15,238.172,293.15,238.12,293.15,238.146,293.15,238.133,293.15,238.102,293.15,238.165,293.15,238.163,293.15,238.175,293.15,238.154,293.15,238.148,293.15,238.109,293.15,238.103,293.15,238.109,293.15,238.109,293.15,238.186,293.15,238.111,293.15,238.189,293.15,238.177,293.15,238.165,293.15,238.111,293.15,238.129,293.15,238.147,293.15,238.123,293.15,238.147,293.15,238.147,293.15,238.132,293.15,238.121,293.15,238.157,293.15,238.193,293.15,238.197,293.15,238.113,293.15,238.154,293.15,238.178,293.15,238.13,293.15,238.182,293.15,238.153,293.15,238.199,293.15,238.15,293.15,238.145,293.15,238.129,293.15,238.197,293.15,238.158,293.15,238.164,293.15,238.166,293.15,238.145,293.15,238.116,293.15,238.152,293.15,238.134,293.15,238.133,293.15,238.142,238.15,0,0,1.25296e-10,1.59293e-08
28,293.15,293.15,293.15,1.42109e-12,293.15,238.174,293.15,238.148,293.15,238.124,293.15,238.177,293.15,238.191,293.15,238.192,293.15,238.197,293.15,238.166,293.15,238.116,293.15,238.122,293.15,238.143,293.15,238.181,293.15,238.147,293.15,238.125,293.15,238.147,293.15,238.139,293.15,238.182,293.15,238.114,293.15,238.123,293.15,238.187,293.15,238.117,293.15,238.136,293.15,238.137,293.15,238.192,293.15,238.136,293.15,238.151,293.15,238.122,293.15,238.144,293.15,238.148,293.15,238.156,293.15,238.184,293.15,238.135,293.15,238.194,293.15,238.123,293.15,238.168,293.15,238.138,293.15,238.111,293.15,238.178,293.15,238.161,293.15,238.173,293.15,238.147,293.15,238.172,293.15,238.12,293.15,238.146,293.15,238.133,293.15,238.102,293.15,238.165,293.15,238.163,293.15,238.175,293.15,238.154,293.15,238.148,293.15,238.109,293.15,238.103,293.15,238.109,293.15,238.109,293.15,238.186,293.15,238.111,293.15,238.189,293.15,238.177,293.15,238.165,293.15,238.111,293.15,238.129,293.15,238.147,293.15,238.123,293.15,238.147,293.15,238.147,293.15,238.132,293.15,238.121,293.15,238.157,293.15,238.193,293.15,238.197,293.15,238.113,293.15,238.154,293.15,238.178,293.15,238.13,293.15,238.182,293.15,238.153,293.15,238.199,293.15,238.15,293.15,238.145,293.15,238.129,293.15,238.197,293.15,238.158,293.15,238.164,293.15,238.166,293.15,238.145,293.15,238.116,293.15,238.152,293.15,238.134,293.15,238.133,293.15,238.142,238.15,0,0,1.29675e-10,1.61598e-08
29,293.15,293.15,293.15,1.53477e-12,293.15,238.174,293.15,238.148,293.15,238.124,293.15,238.177,293.15,238.191,293.15,238.192,293.15,238.197,293.15,238.166,293.15,238.116,293.15,238.122,293.15,238.143,293.15,238.181,293.15,238.147,293.15,238.125,293.15,238.147,293.15,238.139,293.15,238.182,293.15,238.114,293.15,238.123,293.15,238.187,293.15,238.117,293.15,238.136,293.15,238.137,293.15,238.192,293.15,238.136,293.15,238.151,293.15,238.122,293.15,238.144,293.15,238.148,293.15,238.156,293.15,238.184,293.15,238.135,293.15,238.194,293.15,238.123,293.15,238.168,293.15,238.138,293.15,238.111,293.15,238.178,293.15,238.161,293.15,238.173,293.15,238.147,293.15,238.172,293.15,238.12,293.15,238.146,293.15,238.133,293.15,238.102,293.15,238.165,293.15,238.163,293.15,238.175,293.15,238.154,293.15,238.148,293.15,238.109,293.15,238.103,293.15,238.109,293.15,238.109,293.15,238.186,293.15,238.111,293.15,238.189,293.15,238.177,293.15,238.165,293.15,238.111,293.15,238.129,293.15,238.147,293.15,238.123,293.15,238.147,293.15,238.147,293.15,238.132,293.15,238.121,293.15,238.157,293.15,238.193,293.15,238.197,293.15,238.113,293.15,238.154,293.15,238.178,293.15,238.13,293.15,238.182,293.15,238.153,293.15,238.199,293.15,238.15,293.15,238.145,293.15,238.129,293.15,238.197,293.15,238.158,293.15,238.164,293.15,238.166,293.15,238.145,293.15,238.116,293.15,238.152,293.15,238.134,293.15,238.133,293.15,238.142,238.15,0,0,1.34077e-10,1.6159e-08
30,293.15,293.15,293.15,1.25056e-12,293.15,238.174,293.15,238.148,293.15,238.124,293.15,238.177,293.15,238.191,293.15,238.192,293.15,238.197,293.15,238.166,293.15,238.116,293.15,238.122,293.15,238.143,293.15,238.181,293.15,238.147,293.15,238.125,293.15,238.147,293.15,238.139,293.15,238.182,293.15,238.114,293.15,238.123,293.15,238.187,293.15,238.117,293.15,238.136,293.15,238.137,293.15,238.192,293.15,238.136,293.15,238.151,293.15,238.122,293.15,238.144,293.15,238.148,293.15,238.156,293.15,238.184,293.15,238.135,293.15,238.194,293.15,238.123,293.15,238.168,293.15,238.138,293.15,238.111,293.15,238.178,293.15,238.161,293.15,238.173,293.15,238.147,293.15,238.172,293.15,238.12,293.15,238.146,293.15,238.133,293.15,238.102,293.15,238.165,293.15,238.163,293.15,238.175,293.15,238.154,293.15,238.148,293.15,238.109,293.15,238.103,293.15,238.109,293.15,238.109,293.15,238.186,293.15,238.111,293.15,238.189,293.15,238.177,293.15,238.165,293.15,238.111,293.15,238.129,293.15,238.147,293.15,238.123,293.15,238.147,293.15,238.147,293.15,238.132,293.15,238.121,293.15,238.157,293.15,238.193,293.15,238.197,293.15,238.113,293.15,238.154,293.15,238.178,293.15,238.13,293.15,238.182,293.15,238.153,293.15,238.199,293.15,238.15,293.15,238.145,293.15,238.129,293.15,238.197,293.15,238.158,293.15,238.164,293.15,238.166,293.15,238.145,293.15,238.116,293.15,238.152,293.15,238.134,293.15,238.133,293.15,238.142,238.15,0,0,1.38496e-10,1.64508e-08
31,293.15,293.15,293.15,1.42109e-12,293.15,238.174,293.15,238.148,293.15,238.124,293.15,238.177,293.15,238.191,293.15,238.192,293.15,238.197,293.15,238.166,293.15,238.116,293.15,238.122,293.15,238.143,293.15,238.181,293.15,238.147,293.15,238.125,293.15,238.147,293.15,238.139,293.15,238.182,293.15,238.114,293.15,238.123,293.15,238.187,293.15,238.117,293.15,238.136,293.15,238.137,293.15,238.192,293.15,238.136,293.15,238.151,293.15,238.122,293.15,238.144,293.15,238.148,293.15,238.156,293.15,238.184,293.15,238.135,293.15,238.194,293.15,238.123,293.15,238.168,293.15,238.138,293.15,238.111,293.15,238.178,293.15,238.161,293.15,238.173,293.15,238.147,293.15,238.172,293.15,238.12,293.15,238.146,293.15,238.133,293.15,238.102,293.15,238.165,293.15,238.163,293.15,238.175,293.15,238.154,293.15,238.148,293.15,238.109,293.15,238.103,293.15,238.109,293.15,238.109,293.15,238.186,293.15,238.111,293.15,238.189,293.15,238.177,293.15,238.165,293.15,238.111,293.15,238.129,293.15,238.147,293.15,238.123,293.15,238.147,293.15,238.147,293.15,238.132,293.15,238.121,293.15,238.157,293.15,238.193,293.15,238.197,293.15,238.113,293.15,238.154,293.15,238.178,293.15,238.13,293.15,238.182,293.15,238.153,293.15,238.199,293.15,238.15,293.15,238.145,293.15,238.129,293.15,238.197,293.15,238.158,293.15,238.164,293.15,238.166,293.15,238.145,293.15,238.116,293.15,238.152,293.15,238.134,293.15,238.133,293.15,238.142,238.15,0,0,1.42958e-10,1.63338e-08
32,293.15,293.15,293.15,1.47793e-12,293.15,238.174,293.15,238.148,293.15,238.124,293.15,238.177,293.15,238.191,293.15,238.192,293.15,238.197,293.15,238.166,293.15,238.116,293.15,238.122,293.15,238.143,293.15,238.181,293.15,238.147,293.15,238.125,293.15,238.147,293.15,238.139,293.15,238.182,293.15,238.114,293.15,238.123,293.15,238.187,293.15,238.117,293.15,238.136,293.15,238.137,293.15,238.192,293.15,238.136,293.15,238.151,293.15,238.122,293.15,238.144,293.15,238.148,293.15,238.156,293.15,238.184,293.15,238.135,293.15,238.194,293.15,238.123,293.15,238.168,293.15,238.138,293.15,238.111,293.15,238.178,293.15,238.161,293.15,238.173,293.15,238.147,293.15,238.172,293.15,238.12,293.15,238.146,293.15,238.133,293.15,238.102,293.15,238.165,293.15,238.163,293.15,238.175,293.15,238.154,293.15,238.148,293.15,238.109,293.15,238.103,293.15,238.109,293.15,238.109,293.15,238.186,293.15,238.111,293.15,238.189,293.15,238.177,293.15,238.165,293.15,238.111,293.15,238.129,293.15,238.147,293.15,238.123,293.15,238.147,293.15,238.147,293.15,238.132,293.15,238.121,293.15,238.157,293.15,238.193,293.15,238.197,293.15,238.113,293.15,238.154,293.15,238.178,293.15,238.13,293.15,238.182,293.15,238.153,293.15,238.199,293.15,238.15,293.15,238.145,293.15,238.129,293.15,238.197,293.15,238.158,293.15,238.164,293.15,238.166,293.15,238.145,293.15,238.116,293.15,238.152,293.15,238.134,293.15,238.133,293.15,238.142,238.15,0,0,1.47499e-10,1.65912e-08
33,293.15,293.15,293.15,1.42109e-12,293.15,238.174,293.15,238.148,293.15,238.124,293.15,238.177,293.15,238.191,293.15,238.192,293.15,238.197,293.15,238.166,293.15,238.116,293.15,238.122,293.15,238.143,293.15,238.181,293.15,238.147,293.15,238.125,293.15,238.147,293.15,238.139,293.15,238.182,293.15,238.114,293.15,238.123,293.15,238.187,293.15,238.117,293.15,238.136,293.15,238.137,293.15,238.192,293.15,238.136,293.15,238.151,293.15,238.122,293.15,238.144,293.15,238.148,293.15,238.156,293.15,238.184,293.15,238.135,293.15,238.194,293.15,238.123,293.15,238.168,293.15,238.138,293.15,238.111,293.15,238.178,293.15,238.161,293.15,238.173,293.15,238.147,293.15,238.172,293.15,238.12,293.15,238.146,293.15,238.133,293.15,238.102,293.15,238.165,293.15,238.163,293.15,238.175,293.15,238.154,293.15,238.148,293.15,238.109,293.15,238.103,293.15,238.109,293.15,238.109,293.15,238.186,293.15,238.111,293.15,238.189,293.15,238.177,293.15,238.165,293.15,238.111,293.15,238.129,293.15,238.147,293.15,238.123,293.15,238.147,293.15,238.147,293.15,238.132,293.15,238.121,293.15,238.157,293.15,238.193,293.15,238.197,293.15,238.113,293.15,238.154,293.15,238.178,293.15,238.13,293.15,238.182,293.15,238.153,293.15,238.199,293.15,238.15,293.15,238.145,293.15,238.129,293.15,238.197,293.15,238.158,293.15,238.164,293.15,238.166,293.15,238.145,293.15,238.116,293.15,238.152,293.15,238.134,293.15,238.133,293.15,238.142,238.15,0,0,1.52084e-10,1.64936e-08
34,293.15,293.15,293.15,1.53477e-12,293.15,238.174,293.15,238.148,293.15,238.124,293.15,238.177,293.15,238.191,293.15,238.192,293.15,238.197,293.15,238.166,293.15,238.116,293.15,238.122,293.15,238.143,293.15,238.181,293.15,238.147,293.15,238.125,293.15,238.147,293.15,238.139,293.15,238.182,293.15,238.114,293.15,238.123,293.15,238.187,293.15,238.117,293.15,238.136,293.15,238.137,293.15,238.192,293.15,238.136,293.15,238.151,293.15,238.122,293.15,238.144,293.15,238.148,293.15,238.156,293.15,238.184,293.15,238.135,293.15,238.194,293.15,238.123,293.15,238.168,293.15,238.138,293.15,238.111,293.15,238.178,293.15,238.161,293.15,238.173,293.15,238.147,293.15,238.172,293.15,238.12,293.15,238.146,293.15,238.133,293.15,238.102,293.15,238.165,293.15,238.163,293.15,238.175,293.15,238.154,293.15,238.148,293.15,238.109,293.15,238.103,293.15,238.109,293.15,238.109,293.15,238.186,293.15,238.111,293.15,238.189,293.15,238.177,293.15,238.165,293.15,238.111,293.15,238.129,293.15,238.147,293.15,238.123,293.15,238.147,293.15,238.147,293.15,238.132,293.15,238.121,293.15,238.157,293.15,238.193,293.15,238.197,293.15,238.113,293.15,238.154,293.15,238.178,293.15,238.13,293.15,238.182,293.15,238.153,293.15,238.199,293.15,238.15,293.15,238.145,293.15,238.129,293.15,238.197,293.15,238.158,293.15,238.164,293.15,238.166,293.15,238.145,293.15,238.116,293.15,238.152,293.15,238.134,293.15,238.133,293.15,238.142,238.15,0,0,1.56737e-10,1.66458e-08
35,293.15,293.15,293.15,1.59162e-12,293.15,238.174,293.15,238.148,293.15,238.124,293.15,238.177,293.15,238.191,293.15,238.192,293.15,238.197,293.15,238.166,293.15,238.116,293.15,238.122,293.15,238.143,293.15,238.181,293.15,238.147,293.15,238.125,293.15,238.147,293.15,238.139,293.15,238.182,293.15,238.114,293.15,238.123,293.15,238.187,293.15,238.117,293.15,238.136,293.15,238.137,293.15,238.192,293.15,238.136,293.15,238.151,293.15,238.122,293.15,238.144,293.15,238.148,293.15,238.156,293.15,238.184,293.15,238.135,293.15,238.194,293.15,238.123,293.15,238.168,293.15,238.138,293.15,238.111,293.15,238.178,293.15,238.161,293.15,238.173,293.15,238.147,293.15,238.172,293.15,238.12,293.15,238.146,293.15,238.133,293.15,238.102,293.15,238.165,293.15,238.163,293.15,238.175,293.15,238.154,293.15,238.148,293.15,238.109,293.15,238.103,293.15,238.109,293.15,238.109,293.15,238.186,293.15,238.111,293.15,238.189,293.15,238.177,293.15,238.165,293.15,238.111,293.15,238.129,293.15,238.147,293.15,238.123,293.15,238.147,293.15,238.147,293.15,238.132,293.15,238.121,293.15,238.157,293.15,238.193,293.15,238.197,293.15,238.113,293.15,238.154,293.15,238.178,293.15,238.13,293.15,238.182,293.15,238.153,293.15,238.199,293.15,238.15,293.15,238.145,293.15,238.129,293.15,238.197,293.15,238.158,293.15,238.164,293.15,238.166,293.15,238.145,293.15,238.116,293.15,238.152,293.15,238.134,293.15,238.133,293.15,238.142,238.15,0,0,1.61383e-10,1.66011e-08
36,293.15,293.15,293.15,1.53477e-12,293.15,238.174,293.15,238.148,293.15,238.124,293.15,238.177,293.15,238.191,293.15,238.192,293.15,238.197,293.15,238.166,293.15,238.116,293.15,238.122,293.15,238.143,293.15,238.181,293.15,238.147,293.15,238.125,293.15,238.147,293.15,238.139,293.15,238.182,293.15,238.114,293.15,238.123,293.15,238.187,293.15,238.117,293.15,238.136,293.15,238.137,293.15,238.192,293.15,238.136,293.15,238.151,293.15,238.122,293.15,238.144,293.15,238.148,293.15,238.156,293.15,238.184,293.15,238.135,293.15,238.194,293.15,238.123,293.15,238.168,293.15,238.138,293.15,238.111,293.15,238.178,293.15,238.161,293.15,238.173,293.15,238.147,293.15,238.172,293.15,238.12,293.15,238.146,293.15,238.133,293.15,238.102,293.15,238.165,293.15,238.163,293.15,238.175,293.15,238.154,293.15,238.148,293.15,238.109,293.15,238.103,293.15,238.109,293.15,238.109,293.15,238.186,293.15,238.111,293.15,238.189,293.15,238.177,293.15,238.165,293.15,238.111,293.15,238.129,293.15,238.147,293.15,238.123,293.15,238.147,293.15,238.147,293.15,238.132,293.15,238.121,293.15,238.157,293.15,238.193,293.15,238.197,293.15,238.113,293.15,238.154,293.15,238.178,293.15,238.13,293.15,238.182,293.15,238.153,293.15,238.199,293.15,238.15,293.15,238.145,293.15,238.129,293.15,238.197,293.15,238.158,293.15,238.164,293.15,238.166,293.15,238.145,293.15,238.116,293.15,238.152,293.15,238.134,293.15,238.133,293.15,238.142,238.15,0,0,1.66034e-10,1.67039e-08
37,293.15,293.15,293.15,1.36424e-12,293.15,238.174,293.15,238.148,293.15,238.124,293.15,238.177,293.15,238.191,293.15,238.192,293.15,238.197,293.15,238.166,293.15,238.116,293.15,238.122,293.15,238.143,293.15,238.181,293.15,238.147,293.15,238.125,293.15,238.147,293.15,238.139,293.15,238.182,293.15,238.114,293.15,238.123,293.15,238.187,293.15,238.117,293.15,238.136,293.15,238.137,293.15,238.192,293.15,238.136,293.15,238.151,293.15,238.122,293.15,238.144,293.15,238.148,293.15,238.156,293.15,238.184,293.15,238.135,293.15,238.194,293.15,238.123,293.15,238.168,293.15,238.138,293.15,238.111,293.15,238.178,293.15,238.161,293.15,238.173,293.15,238.147,293.15,238.172,293.15,238.12,293.15,238.146,293.15,238.133,293.15,238.102,293.15,238.165,293.15,238.163,293.15,238.175,293.15,238.154,293.15,238.148,293.15,238.109,293.15,238.103,293.15,238.109,293.15,238.109,293.15,238.186,293.15,238.111,293.15,238.189,293.15,238.177,293.15,238.165,293.15,238.111,293.15,238.129,293.15,238.147,293.15,238.123,293.15,238.147,293.15,238.147,293.15,238.132,293.15,238.121,293.15,238.157,293.15,238.193,293.15,238.197,293.15,238.113,293.15,238.154,293.15,238.178,293.15,238.13,293.15,238.182,293.15,238.153,293.15,238.199,293.15,238.15,293.15,238.145,293.15,238.129,293.15,238.197,293.15,238.158,293.15,238.164,293.15,238.166,293.15,238.145,293.15,238.116,293.15,238.152,293.15,238.134,293.15,238.133,293.15,238.142,238.15,0,0,1.70708e-10,1.6582e-08
38,293.15,293.15,293.15,1.42109e-12,293.15,238.174,293.15,238.148,293.15,238.124,293.15,238.177,293.15,238.191,293.15,238.192,293.15,238.197,293.15,238.166,293.15,238.116,293.15,238.122,293.15,238.143,293.15,238.181,293.15,238.147,293.15,238.125,293.15,238.147,293.15,238.139,293.15,238.182,293.15,238.114,293.15,238.123,293.15,238.187,293.15,238.117,293.15,238.136,293.15,238.137,293.15,238.192,293.15,238.136,293.15,238.151,293.15,238.122,293.15,238.144,293.15,238.148,293.15,238.156,293.15,238.184,293.15,238.135,293.15,238.194,293.15,238.123,293.15,238.168,293.15,238.138,293.15,238.111,293.15,238.178,293.15,238.161,293.15,238.173,293.15,238.147,293.15,238.172,293.15,238.12,293.15,238.146,293.15,238.133,293.15,238.102,293.15,238.165,293.15,238.163,293.15,238.175,293.15,238.154,293.15,238.148,293.15,238.109,293.15,238.103,293.15,238.109,293.15,238.109,293.15,238.186,293.15,238.111,293.15,238.189,293.15,238.177,293.15,238.165,293.15,238.111,293.15,238.129,293.15,238.147,293.15,238.123,293.15,238.147,293.15,238.147,293.15,238.132,293.15,238.121,293.15,238.157,293.15,238.193,293.15,238.197,293.15,238.113,293.15,238.154,293.15,238.178,293.15,238.13,293.15,238.182,293.15,238.153,293.15,238.199,293.15,238.15,293.15,238.145,293.15,238.129,293.15,238.197,293.15,238.158,293.15,238.164,293.15,238.166,293.15,238.145,293.15,238.116,293.15,238.152,293.15,238.134,293.15,238.133,293.15,238.142,238.15,0,0,1.75401e-10,1.67883e-08
39,293.15,293.15,293.15,1.47793e-12,293.15,238.174,293.15,238.148,293.15,238.124,293.15,238.177,293.15,238.191,293.15,238.192,293.15,238.197,293.15,238.166,293.15,238.116,293.15,238.122,293.15,238.143,293.15,238.181,293.15,238.147,293.15,238.125,293.15,238.147,293.15,238.139,293.15,238.182,293.15,238.114,293.15,238.123,293.15,238.187,293.15,238.117,293.15,238.136,293.15,238.137,293.15,238.192,293.15,238.136,293.15,238.151,293.15,238.122,293.15,238.144,293.15,238.148,293.15,238.156,293.15,238.184,293.15,238.135,293.15,238.194,293.15,238.123,293.15,238.168,293.15,238.138,293.15,238.111,293.15,238.178,293.15,238.161,293.15,238.173,293.15,238.147,293.15,238.172,293.15,238.12,293.15,238.146,293.15,238.133,293.15,238.102,293.15,238.165,293.15,238.163,293.15,238.175,293.15,238.154,293.15,238.148,293.15,238.109,293.15,238.103,293.15,238.109,293.15,238.109,293.15,238.186,293.15,238.111,293.15,238.189,293.15,238.177,293.15,238.165,293.15,238.111,293.15,238.129,293.15,238.147,293.15,238.123,293.15,238.147,293.15,238.147,293.15,238.132,293.15,238.121,293.15,238.157,293.15,238.193,293.15,238.197,293.15,238.113,293.15,238.154,293.15,238.178,293.15,238.13,293.15,238.182,293.15,238.153,293.15,238.199,293.15,238.15,293.15,238.145,293.15,238.129,293.15,238.197,293.15,238.158,293.15,238.164,293.15,238.166,293.15,238.145,293.15,238.116,293.15,238.152,293.15,238.134,293.15,238.133,293.15,238.142,238.15,0,0,1.80063e-10,1.65746e-08
40,293.15,293.15,293.15,1.36424e-12,293.15,238.174,293.15,238.148,293.15,238.124,293.15,238.177,293.15,238.191,293.15,238.192,293.15,238.197,293.15,238.166,293.15,238.116,293.15,238.122,293.15,238.143,293.15,238.181,293.15,238.147,293.15,238.125,293.15,238.147,293.15,238.139,293.15,238.182,293.15,238.114,293.15,238.123,293.15,238.187,293.15,238.117,293.15,238.136,293.15,238.137,293.15,238.192,293.15,238.136,293.15,238.151,293.15,238.122,293.15,238.144,293.15,238.148,293.15,238.156,293.15,238.184,293.15,238.135,293.15,238.194,293.15,238.123,293.15,238.168,293.15,238.138,293.15,238.111,293.15,238.178,293.15,238.161,293.15,238.173,293.15,238.147,293.15,238.172,293.15,238.12,293.15,238.146,293.15,238.133,293.15,238.102,293.15,238.165,293.15,238.163,293.15,238.175,293.15,238.154,293.15,238.148,293.15,238.109,293.15,238.103,293.15,238.109,293.15,238.109,293.15,238.186,293.15,238.111,293.15,238.189,293.15,238.177,293.15,238.165,293.15,238.111,293.15,238.129,293.15,238.147,293.15,238.123,293.15,238.147,293.15,238.147,293.15,238.132,293.15,238.121,293.15,238.157,293.15,238.193,293.15,238.197,293.15,238.113,293.15,238.154,293.15,238.178,293.15,238.13,293.15,238.182,293.15,238.153,293.15,238.199,293.15,238.15,293.15,238.145,293.15,238.129,293.15,238.197,293.15,238.158,293.15,238.164,293.15,238.166,293.15,238.145,293.15,238.116,293.15,238.152,293.15,238.134,293.15,238.133,293.15,238.142,238.15,0,0,1.84764e-10,1.67816e-08
41,293.15,293.15,293.15,1.42109e-12,293.15,238.174,293.15,238.148,293.15,238.124,293.15,238.177,293.15,238.191,293.15,238.192,293.15,238.197,293.15,238.166,293.15,238.116,293.15,238.122,293.15,238.143,293.15,238.181,293.15,238.147,293.15,238.125,293.15,238.147,293.15,238.139,293.15,238.182,293.15,238.114,293.15,238.123,293.15,238.187,293.15,238.117,293.15,238.136,293.15,238.137,293.15,238.192,293.15,238.136,293.15,238.151,293.15,238.122,293.15,238.144,293.15,238.148,293.15,238.156,293.15,238.184,293.15,238.135,293.15,238.194,293.15,238.123,293.15,238.168,293.15,238.138,293.15,238.111,293.15,238.178,293.15,238.161,293.15,238.173,293.15,238.147,293.15,238.172,293.15,238.12,293.15,238.146,293.15,238.133,293.15,238.102,293.15,238.165,293.15,238.163,293.15,238.175,293.15,238.154,293.15,238.148,293.15,238.109,293.15,238.103,293.15,238.109,293.15,238.109,293.15,238.186,293.15,238.111,293.15,238.189,293.15,238.177,293.15,238.165,293.15,238.111,293.15,238.129,293.15,238.147,293.15,238.123,293.15,238.147,293.15,238.147,293.15,238.132,293.15,238.121,293.15,238.157,293.15,238.193,293.15,238.197,293.15,238.113,293.15,238.154,293.15,238.178,293.15,238.13,293.15,238.182,293.15,238.153,293.15,238.199,293.15,238.15,293.15,238.145,293.15,238.129,293.15,238.197,293.15,238.158,293.15,238.164,293.15,238.166,293.15,238.145,293.15,238.116,293.15,238.152,293.15,238.134,293.15,238.133,293.15,238.142,238.15,0,0,1.89434e-10,1.68469e-08
42,293.15,293.15,293.15,1.42109e-12,293.15,238.174,293.15,238.148,293.15,238.124,293.15,238.177,293.15,238.191,293.15,238.192,293.15,238.197,293.15,238.166,293.15,238.116,293.15,238.122,293.15,238.143,293.15,238.181,293.15,238.147,293.15,238.125,293.15,238.147,293.15,238.139,293.15,238.182,293.15,238.114,293.15,238.123,293.15,238.187,293.15,238.117,293.15,238.136,293.15,238.137,293.15,238.192,293.15,238.136,293.15,238.151,293.15,238.122,293.15,238.144,293.15,238.148,293.15,238.156,293.15,238.184,293.15,238.135,293.15,238.194,293.15,238.123,293.15,238.168,293.15,238.138,293.15,238.111,293.15,238.178,293.15,238.161,293.15,238.173,293.15,238.147,293.15,238.172,293.15,238.12,293.15,238.146,293.15,238.133,293.15,238.102,293.15,238.165,293.15,238.163,293.15,238.175,293.15,238.154,293.15,238.148,293.15,238.109,293.15,238.103,293.15,238.109,293.15,238.109,293.15,238.186,293.15,238.111,293.15,238.189,293.15,238.177,293.15,238.165,293.15,238.111,293.15,238.129,293.15,238.147,293.15,238.123,293.15,238.147,293.15,238.147,293.15,238.132,293.15,238.121,293.15,238.157,293.15,238.193,293.15,238.197,293.15,238.113,293.15,238.154,293.15,238.178,293.15,238.13,293.15,238.182,293.15,238.153,293.15,238.199,293.15,238.15,293.15,238.145,293.15,238.129,293.15,238.197,293.15,238.158,293.15,238.164,293.15,238.166,293.15,238.145,293.15,238.116,293.15,238.152,293.15,238.134,293.15,238.133,293.15,238.142,238.15,0,0,1.9417e-10,1.68635e-08
43,293.15,293.15,293.15,1.47793e-12,293.15,238.174,293.15,238.148,293.15,238.124,293.15,238.177,293.15,238.191,293.15,238.192,293.15,238.197,293.15,238.166,293.15,238.116,293.15,238.122,293.15,238.143,293.15,238.181,293.15,238.147,293.15,238.125,293.15,238.147,293.15,238.139,293.15,238.182,293.15,238.114,293.15,238.123,293.15,238.187,293.15,238.117,293.15,238.136,293.15,238.137,293.15,238.192,293.15,238.136,293.15,238.151,293.15,238.122,293.15,238.144,293.15,238.148,293.15,238.156,293.15,238.184,293.15,238.135,293.15,238.194,293.15,238.123,293.15,238.168,293.15,238.138,293.15,238.111,293.15,238.178,293.15,238.161,293.15,238.173,293.15,238.147,293.15,238.172,293.15,238.12,293.15,238.146,293.15,238.133,293.15,238.102,293.15,238.165,293.15,238.163,293.15,238.175,293.15,238.154,293.15,238.148,293.15,238.109,293.15,238.103,293.15,238.109,293.15,238.109,293.15,238.186,293.15,238.111,293.15,238.189,293.15,238.177,293.15,238.165,293.15,238.111,293.15,238.129,293.15,238.147,293.15,238.123,293.15,238.147,293.15,238.147,293.15,238.132,293.15,238.121,293.15,238.157,293.15,238.193,293.15,238.197,293.15,238.113,293.15,238.154,293.15,238.178,293.15,238.13,293.15,238.182,293.15,238.153,293.15,238.199,293.15,238.15,293.15,238.145,293.15,238.129,293.15,238.197,293.15,238.158,293.15,238.164,293.15,238.166,293.15,238.145,293.15,238.116,293.15,238.152,293.15,238.134,293.15,238.133,293.15,238.142,238.15,0,0,1.98904e-10,1.69947e-08
44,293.15,293.15,293.15,1.36424e-12,293.15,238.174,293.15,238.148,293.15,238.124,293.15,238.177,293.15,238.191,293.15,238.192,293.15,238.197,293.15,238.166,293.15,238.116,293.15,238.122,293.15,238.143,293.15,238.181,293.15,238.147,293.15,238.125,293.15,238.147,293.15,238.139,293.15,238.182,293.15,238.114,293.15,238.123,293.15,238.187,293.15,238.117,293.15,238.136,293.15,238.137,293.15,238.192,293.15,238.136,293.15,238.151,293.15,238.122,293.15,238.144,293.15,238.148,293.15,238.156,293.15,238.184,293.15,238.135,293.15,238.194,293.15,238.123,293.15,238.168,293.15,238.138,293.15,238.111,293.15,238.178,293.15,238.161,293.15,238.173,293.15,238.147,293.15,238.172,293.15,238.12,293.15,238.146,293.15,238.133,293.15,238.102,293.15,238.165,293.15,238.163,293.15,238.175,293.15,238.154,293.15,238.148,293.15,238.109,293.15,238.103,293.15,238.109,293.15,238.109,293.15,238.186,293.15,238.111,293.15,238.189,293.15,238.177,293.15,238.165,293.15,238.111,293.15,238.129,293.15,238.147,293.15,238.123,293.15,238.147,293.15,238.147,293.15,238.132,293.15,238.121,293.15,238.157,293.15,238.193,293.15,238.197,293.15,238.113,293.15,238.154,293.15,238.178,293.15,238.13,293.15,238.182,293.15,238.153,293.15,238.199,293.15,238.15,293.15,238.145,293.15,238.129,293.15,238.197,293.15,238.158,293.15,238.164,293.15,238.166,293.15,238.145,293.15,238.116,293.15,238.152,293.15,238.134,293.15,238.133,293.15,238.142,238.15,0,0,2.03657e-10,1.69188e-08
45,293.15,293.15,293.15,1.42109e-12,293.15,238.174,293.15,238.148,293.15,238.124,293.15,238.177,293.15,238.191,293.15,238.192,293.15,238.197,293.15,238.166,293.15,238.116,293.15,238.122,293.15,238.143,293.15,238.181,293.15,238.147,293.15,238.125,293.15,238.147,293.15,238.139,293.15,238.182,293.15,238.114,293.15,238.123,293.15,238.187,293.15,238.117,293.15,238.136,293.15,238.137,293.15,238.192,293.15,238.136,293.15,238.151,293.15,238.122,293.15,238.144,293.15,238.148,293.15,238.156,293.15,238.184,293.15,238.135,293.15,238.194,293.15,238.123,293.15,238.168,293.15,238.138,293.15,238.111,293.15,238.178,293.15,238.161,293.15,238.173,293.15,238.147,293.15,238.172,293.15,238.12,293.15,238.146,293.15,238.133,293.15,238.102,293.15,238.165,293.15,238.163,293.15,238.175,293.15,238.154,293.15,238.148,293.15,238.109,293.15,238.103,293.15,238.109,293.15,238.109,293.15,238.186,293.15,238.111,293.15,238.189,293.15,238.177,293.15,238.165,293.15,238.111,293.15,238.129,293.15,238.147,293.15,238.123,293.15,238.147,293.15,238.147,293.15,238.132,293.15,238.121,293.15,238.157,293.15,238.193,293.15,238.197,293.15,238.113,293.15,238.154,293.15,238.178,293.15,238.13,293.15,238.182,293.15,238.153,293.15,238.199,293.15,238.15,293.15,238.145,293.15,238.129,293.15,238.197,293.15,238.158,293.15,238.164,293.15,238.166,293.15,238.145,293.15,238.116,293.15,238.152,293.15,238.134,293.15,238.133,293.15,238.142,238.15,0,0,2.0846e-10,1.69185e-08
46,293.15,293.15,293.15,1.81899e-12,293.15,238.174,293.15,238.148,293.15,238.124,293.15,238.177,293.15,238.191,293.15,238.192,293.15,238.197,293.15,238.166,293.15,238.116,293.15,238.122,293.15,238.143,293.15,238.181,293.15,238.147,293.15,238.125,293.15,238.147,293.15,238.139,293.15,238.182,293.15,238.114,293.15,238.123,293.15,238.187,293.15,238.117,293.15,238.136,293.15,238.137,293.15,238.192,293.15,238.136,293.15,238.151,293.15,238.122,293.15,238.144,293.15,238.148,293.15,238.156,293.15,238.184,293.15,238.135,293.15,238.194,293.15,238.123,293.15,238.168,293.15,238.138,293.15,238.111,293.15,238.178,293.15,238.161,293.15,238.173,293.15,238.147,293.15,238.172,293.15,238.12,293.15,238.146,293.15,238.133,293.15,238.102,293.15,238.165,293.15,238.163,293.15,238.175,293.15,238.154,293.15,238.148,293.15,238.109,293.15,238.103,293.15,238.109,293.15,238.109,293.15,238.186,293.15,238.111,293.15,238.189,293.15,238.177,293.15,238.165,293.15,238.111,293.15,238.129,293.15,238.147,293.15,238.123,293.15,238.147,293.15,238.147,293.15,238.132,293.15,238.121,293.15,238.157,293.15,238.193,293.15,238.197,293.15,238.113,293.15,238.154,293.15,238.178,293.15,238.13,293.15,238.182,293.15,238.153,293.15,238.199,293.15,238.15,293.15,238.145,293.15,238.129,293.15,238.197,293.15,238.158,293.15,238.164,293.15,238.166,293.15,238.145,293.15,238.116,293.15,238.152,293.15,238.134,293.15,238.133,293.15,238.142,238.15,0,0,2.13234e-10,1.69519e-08
47,293.15,293.15,293.15,1.42109e-12,293.15,238.174,293.15,238.148,293.15,238.124,293.15,238.177,293.15,238.191,293.15,238.192,293.15,238.197,293.15,238.166,293.15,238.116,293.15,238.122,293.15,238.143,293.15,238.181,293.15,238.147,293.15,238.125,293.15,238.147,293.15,238.139,293.15,238.182,293.15,238.114,293.15,238.123,293.15,238.187,293.15,238.117,293.15,238.136,293.15,238.137,293.15,238.192,293.15,238.136,293.15,238.151,293.15,238.122,293.15,238.144,293.15,238.148,293.15,238.156,293.15,238.184,293.15,238.135,293.15,238.194,293.15,238.123,293.15,238.168,293.15,238.138,293.15,238.111,293.15,238.178,293.15,238.161,293.15,238.173,293.15,238.147,293.15,238.172,293.15,238.12,293.15,238.146,293.15,238.133,293.15,238.102,293.15,238.165,293.15,238.163,293.15,238.175,293.15,238.154,293.15,238.148,293.15,238.109,293.15,238.103,293.15,238.109,293.15,238.109,293.15,238.186,293.15,238.111,293.15,238.189,293.15,238.177,293.15,238.165,293.15,238.111,293.15,238.129,293.15,238.147,293.15,238.123,293.15,238.147,293.15,238.147,293.15,238.132,293.15,238.121,293.15,238.157,293.15,238.193,293.15,238.197,293.15,238.113,293.15,238.154,293.15,238.178,293.15,238.13,293.15,238.182,293.15,238.153,293.15,238.199,293.15,238.15,293.15,238.145,293.15,238.129,293.15,238.197,293.15,238.158,293.15,238.164,293.15,238.166,293.15,238.145,293.15,238.116,293.15,238.152,293.15,238.134,293.15,238.133,293.15,238.142,238.15,0,0,2.17982e-10,1.70278e-08
48,293.15,293.15,293.15,1.36424e-12,293.15,238.174,293.15,238.148,293.15,238.124,293.15,238.177,293.15,238.191,293.15,238.192,293.15,238.197,293.15,238.166,293.15,238.116,293.15,238.122,293.15,238.143,293.15,238.181,293.15,238.147,293.15,238.125,293.15,238.147,293.15,238.139,293.15,238.182,293.15,238.114,293.15,238.123,293.15,238.187,293.15,238.117,293.15,238.136,293.15,238.137,293.15,238.192,293.15,238.136,293.15,238.151,293.15,238.122,293.15,238.144,293.15,238.148,293.15,238.156,293.15,238.184,293.15,238.135,293.15,238.194,293.15,238.123,293.15,238.168,293.15,238.138,293.15,238.111,293.15,238.178,293.15,238.161,293.15,238.173,293.15,238.147,293.15,238.172,293.15,238.12,293.15,238.146,293.15,238.133,293.15,238.102,293.15,238.165,293.15,238.163,293.15,238.175,293.15,238.154,293.15,238.148,293.15,238.109,293.15,238.103,293.15,238.109,293.15,238.109,293.15,238.186,293.15,238.111,293.15,238.189,293.15,238.177,293.15,238.165,293.15,238.111,293.15,238.129,293.15,238.147,293.15,238.123,293.15,238.147,293.15,238.147,293.15,238.132,293.15,238.121,293.15,238.157,293.15,238.193,293.15,238.197,293.15,238.113,293.15,238.154,293.15,238.178,293.15,238.13,293.15,238.182,293.15,238.153,293.15,238.199,293.15,238.15,293.15,238.145,293.15,238.129,293.15,238.197,293.15,238.158,293.15,238.164,293.15,238.166,293.15,238.145,293.15,238.116,293.15,238.152,293.15,238.134,293.15,238.133,293.15,238.142,238.15,0,0,2.22725e-10,1.70893e-08
49,293.15,293.15,293.15,1.36424e-12,293.15,238.174,293.15,238.148,293.15,238.124,293.15,238.177,293.15,238.191,293.15,238.192,293.15,238.197,293.15,238.166,293.15,238.116,293.15,238.122,293.15,238.143,293.15,238.181,293.15,238.147,293.15,238.125,293.15,238.147,293.15,238.139,293.15,238.182,293.15,238.114,293.15,238.123,293.15,238.187,293.15,238.117,293.15,238.136,293.15,238.137,293.15,238.192,293.15,238.136,293.15,238.151,293.15,238.122,293.15,238.144,293.15,238.148,293.15,238.156,293.15,238.184,293.15,238.135,293.15,238.194,293.15,238.123,293.15,238.168,293.15,238.138,293.15,238.111,293.15,238.178,293.15,238.161,293.15,238.173,293.15,238.147,293.15,238.172,293.15,238.12,293.15,238.146,293.15,238.133,293.15,238.102,293.15,238.165,293.15,238.163,293.15,238.175,293.15,238.154,293.15,238.148,293.15,238.109,293.15,238.103,293.15,238.109,293.15,238.109,293.15,238.186,293.15,238.111,293.15,238.189,293.15,238.177,293.15,238.165,293.15,238.111,293.15,238.129,293.15,238.147,293.15,238.123,293.15,238.147,293.15,238.147,293.15,238.132,293.15,238.121,293.15,238.157,293.15,238.193,293.15,238.197,293.15,238.113,293.15,238.154,293.15,238.178,293.15,238.13,293.15,238.182,293.15,238.153,293.15,238.199,293.15,238.15,293.15,238.145,293.15,238.129,293.15,238.197,293.15,238.158,293.15,238.164,293.15,238.166,293.15,238.145,293.15,238.116,293.15,238.152,293.15,238.134,293.15,238.133,293.15,238.142,238.15,0,0,2.27529e-10,1.70773e-08
50,293.15,293.15,293.15,1.47793e-12,293.15,238.174,293.15,238.148,293.15,238.124,293.15,238.177,293.15,238.191,293.15,238.192,293.15,238.197,293.15,238.166,293.15,238.116,293.15,238.122,293.15,238.143,293.15,238.181,293.15,238.147,293.15,238.125,293.15,238.147,293.15,238.139,293.15,238.182,293.15,238.114,293.15,238.123,293.15,238.187,293.15,238.117,293.15,238.136,293.15,238.137,293.15,238.192,293.15,238.136,293.15,238.151,293.15,238.122,293.15,238.144,293.15,238.148,293.15,238.156,293.15,238.184,293.15,238.135,293.15,238.194,293.15,238.123,293.15,238.168,293.15,238.138,293.15,238.111,293.15,238.178,293.15,238.161,293.15,238.173,293.15,238.147,293.15,238.172,293.15,238.12,293.15,238.146,293.15,238.133,293.15,238.102,293.15,238.165,293.15,238.163,293.15,238.175,293.15,238.154,293.15,238.148,293.15,238.109,293.15,238.103,293.15,238.109,293.15,238.109,293.15,238.186,293.15,238.111,293.15,238.189,293.15,238.177,293.15,238.165,293.15,238.111,293.15,238.129,293.15,238.147,293.15,238.123,293.15,238.147,293.15,238.147,293.15,238.132,293.15,238.121,293.15,238.157,293.15,238.193,293.15,238.197,293.15,238.113,293.15,238.154,293.15,238.178,293.15,238.13,293.15,238.182,293.15,238.153,293.15,238.199,293.15,238.15,293.15,238.145,293.15,238.129,293.15,238.197,293.15,238.158,293.15,238.164,293.15,238.166,293.15,238.145,293.15,238.116,293.15,238.152,293.15,238.134,293.15,238.133,293.15,238.142,238.15,0,0,2.32308e-10,1.70932e-08
51,293.15,293.15,293.15,1.3074e-12,293.15,238.174,293.15,238.148,293.15,238.124,293.15,238.177,293.15,238.191,293.15,238.192,293.15,238.197,293.15,238.166,293.15,238.116,293.15,238.122,293.15,238.143,293.15,238.181,293.15,238.147,293.15,238.125,293.15,238.147,293.15,238.139,293.15,238.182,293.15,238.114,293.15,238.123,293.15,238.187,293.15,238.117,293.15,238.136,293.15,238.137,293.15,238.192,293.15,238.136,293.15,238.151,293.15,238.122,293.15,238.144,293.15,238.148,293.15,238.156,293.15,238.184,293.15,238.135,293.15,238.194,293.15,238.123,293.15,238.168,293.15,238.138,293.15,238.111,293.15,238.178,293.15,238.161,293.15,238.173,293.15,238.147,293.15,238.172,293.15,238.12,293.15,238.146,293.15,238.133,293.15,238.102,293.15,238.165,293.15,238.163,293.15,238.175,293.15,238.154,293.15,238.148,293.15,238.109,293.15,238.103,293.15,238.109,293.15,238.109,293.15,238.186,293.15,238.111,293.15,238.189,293.15,238.177,293.15,238.165,293.15,238.111,293.15,238.129,293.15,238.147,293.15,238.123,293.15,238.147,293.15,238.147,293.15,238.132,293.15,238.121,293.15,238.157,293.15,238.193,293.15,238.197,293.15,238.113,293.15,238.154,293.15,238.178,293.15,238.13,293.15,238.182,293.15,238.153,293.15,238.199,293.15,238.15,293.15,238.145,293.15,238.129,293.15,238.197,293.15,238.158,293.15,238.164,293.15,238.166,293.15,238.145,293.15,238.116,293.15,238.152,293.15,238.134,293.15,238.133,293.15,238.142,238.15,0,0,2.37063e-10,1.70349e-08
52,293.15,293.15,293.15,1.3074e-12,293.15,238.174,293.15,238.148,293.15,238.124,293.15,238.177,293.15,238.191,293.15,238.192,293.15,238.197,293.15,238.166,293.15,238.116,293.15,238.122,293.15,238.143,293.15,238.181,293.15,238.147,293.15,238.125,293.15,238.147,293.15,238.139,293.15,238.182,293.15,238.114,293.15,238.123,293.15,238.187,293.15,238.117,293.15,238.136,293.15,238.137,293.15,238.192,293.15,238.136,293.15,238.151,293.15,238.122,293.15,238.144,293.15,238.148,293.15,238.156,293.15,238.184,293.15,238.135,293.15,238.194,293.15,238.123,293.15,238.168,293.15,238.138,293.15,238.111,293.15,238.178,293.15,238.161,293.15,238.173,293.15,238.147,293.15,238.172,293.15,238.12,293.15,238.146,293.15,238.133,293.15,238.102,293.15,238.165,293.15,238.163,293.15,238.175,293.15,238.154,293.15,238.148,293.15,238.109,293.15,238.103,293.15,238.109,293.15,238.109,293.15,238.186,293.15,238.111,293.15,238.189,293.15,238.177,293.15,238.165,293.15,238.111,293.15,238.129,293.15,238.147,293.15,238.123,293.15,238.147,293.15,238.147,293.15,238.132,293.15,238.121,293.15,238.157,293.15,238.193,293.15,238.197,293.15,238.113,293.15,238.154,293.15,238.178,293.15,238.13,293.15,238.182,293.15,238.153,293.15,238.199,293.15,238.15,293.15,238.145,293.15,238.129,293.15,238.197,293.15,238.158,293.15,238.164,293.15,238.166,293.15,238.145,293.15,238.116,293.15,238.152,293.15,238.134,293.15,238.133,293.15,238.142,238.15,0,0,2.41802e-10,1.68468e-08
53,293.15,293.15,293.15,1.25056e-12,293.15,238.174,293.15,238.148,293.15,238.124,293.15,238.177,293.15,238.191,293.15,238.192,293.15,238.197,293.15,238.166,293.15,238.116,293.15,238.122,293.15,238.143,293.15,238.181,293.15,238.147,293.15,238.125,293.15,238.147,293.15,238.139,293.15,238.182,293.15,238.114,293.15,238.123,293.15,238.187,293.15,238.117,293.15,238.136,293.15,238.137,293.15,238.192,293.15,238.136,293.15,238.151,293.15,238.122,293.15,238.144,293.15,238.148,293.15,238.156,293.15,238.184,293.15,238.135,293.15,238.194,293.15,238.123,293.15,238.168,293.15,238.138,293.15,238.111,293.15,238.178,293.15,238.161,293.15,238.173,293.15,238.147,293.15,238.172,293.15,238.12,293.15,238.146,293.15,238.133,293.15,238.102,293.15,238.165,293.15,238.163,293.15,238.175,293.15,238.154,293.15,238.148,293.15,238.109,293.15,238.103,293.15,238.109,293.15,238.109,293.15,238.186,293.15,238.111,293.15,238.189,293.15,238.177,293.15,238.165,293.15,238.111,293.15,238.129,293.15,238.147,293.15,238.123,293.15,238.147,293.15,238.147,293.15,238.132,293.15,238.121,293.15,238.157,293.15,238.193,293.15,238.197,293.15,238.113,293.15,238.154,293.15,238.178,293.15,238.13,293.15,238.182,293.15,238.153,293.15,238.199,293.15,238.15,293.15,238.145,293.15,238.129,293.15,238.197,293.15,238.158,293.15,238.164,293.15,238.166,293.15,238.145,293.15,238.116,293.15,238.152,293.15,238.134,293.15,238.133,293.15,238.142,238.15,0,0,2.46517e-10,1.68851e-08
54,293.15,293.15,293.15,1.36424e-12,293.15,238.174,293.15,238.148,293.15,238.124,293.15,238.177,293.15,238.191,293.15,238.192,293.15,238.197,293.15,238.166,293.15,238.116,293.15,238.122,293.15,238.143,293.15,238.181,293.15,238.147,293.15,238.125,293.15,238.147,293.15,238.139,293.15,238.182,293.15,238.114,293.15,238.123,293.15,238.187,293.15,238.117,293.15,238.136,293.15,238.137,293.15,238.192,293.15,238.136,293.15,238.151,293.15,238.122,293.15,238.144,293.15,238.148,293.15,238.156,293.15,238.184,293.15,238.135,293.15,238.194,293.15,238.123,293.15,238.168,293.15,238.138,293.15,238.111,293.15,238.178,293.15,238.161,293.15,238.173,293.15,238.147,293.15,238.172,293.15,238.12,293.15,238.146,293.15,238.133,293.15,238.102,293.15,238.165,293.15,238.163,293.15,238.175,293.15,238.154,293.15,238.148,293.15,238.109,293.15,238.103,293.15,238.109,293.15,238.109,293.15,238.186,293.15,238.111,293.15,238.189,293.15,238.177,293.15,238.165,293.15,238.111,293.15,238.129,293.15,238.147,293.15,238.123,293.15,238.147,293.15,238.147,293.15,238.132,293.15,238.121,293.15,238.157,293.15,238.193,293.15,238.197,293.15,238.113,293.15,238.154,293.15,238.178,293.15,238.13,293.15,238.182,293.15,238.153,293.15,238.199,293.15,238.15,293.15,238.145,293.15,238.129,293.15,238.197,293.15,238.158,293.15,238.164,293.15,238.166,293.15,238.145,293.15,238.116,293.15,238.152,293.15,238.134,293.15,238.133,293.15,238.142,238.15,0,0,2.51169e-10,1.69705e-08
55,293.15,293.15,293.15,1.25056e-12,293.15,238.174,293.15,238.148,293.15,238.124,293.15,238.177,293.15,238.191,293.15,238.192,293.15,238.197,293.15,238.166,293.15,238.116,293.15,238.122,293.15,238.143,293.15,238.181,293.15,238.147,293.15,238.125,293.15,238.147,293.15,238.139,293.15,238.182,293.15,238.114,293.15,238.123,293.15,238.187,293.15,238.117,293.15,238.136,293.15,238.137,293.15,238.192,293.15,238.136,293.15,238.151,293.15,238.122,293.15,238.144,293.15,238.148,293.15,238.156,293.15,238.184,293.15,238.135,293.15,238.194,293.15,238.123,293.15,238.168,293.15,238.138,293.15,238.111,293.15,238.178,293.15,238.161,293.15,238.173,293.15,238.147,293.15,238.172,293.15,238.12,293.15,238.146,293.15,238.133,293.15,238.102,293.15,238.165,293.15,238.163,293.15,238.175,293.15,238.154,293.15,238.148,293.15,238.109,293.15,238.103,293.15,238.109,293.15,238.109,293.15,238.186,293.15,238.111,293.15,238.189,293.15,238.177,293.15,238.165,293.15,238.111,293.15,238.129,293.15,238.147,293.15,238.123,293.15,238.147,293.15,238.147,293.15,238.132,293.15,238.121,293.15,238.157,293.15,238.193,293.15,238.197,293.15,238.113,293.15,238.154,293.15,238.178,293.15,238.13,293.15,238.182,293.15,238.153,293.15,238.199,293.15,238.15,293.15,238.145,293.15,238.129,293.15,238.197,293.15,238.158,293.15,238.164,293.15,238.166,293.15,238.145,293.15,238.116,293.15,238.152,293.15,238.134,293.15,238.133,293.15,238.142,238.15,0,0,2.55843e-10,1.69957e-08
56,293.15,293.15,293.15,1.25056e-12,293.15,238.174,293.15,238.148,293.15,238.124,293.15,238.177,293.15,238.191,293.15,238.192,293.15,238.197,293.15,238.166,293.15,238.116,293.15,238.122,293.15,238.143,293.15,238.181,293.15,238.147,293.15,238.125,293.15,238.147,293.15,238.139,293.15,238.182,293.15,238.114,293.15,238.123,293.15,238.187,293.15,238.117,293.15,238.136,293.15,238.137,293.15,238.192,293.15,238.136,293.15,238.151,293.15,238.122,293.15,238.144,293.15,238.148,293.15,238.156,293.15,238.184,293.15,238.135,293.15,238.194,293.15,238.123,293.15,238.168,293.15,238.138,293.15,238.111,293.15,238.178,293.15,238.161,293.15,238.173,293.15,238.147,293.15,238.172,293.15,238.12,293.15,238.146,293.15,238.133,293.15,238.102,293.15,238.165,293.15,238.163,293.15,238.175,293.15,238.154,293.15,238.148,293.15,238.109,293.15,238.103,293.15,238.109,293.15,238.109,293.15,238.186,293.15,238.111,293.15,238.189,293.15,238.177,293.15,238.165,293.15,238.111,293.15,238.129,293.15,238.147,293.15,238.123,293.15,238.147,293.15,238.147,293.15,238.132,293.15,238.121,293.15,238.157,293.15,238.193,293.15,238.197,293.15,238.113,293.15,238.154,293.15,238.178,293.15,238.13,293.15,238.182,293.15,238.153,293.15,238.199,293.15,238.15,293.15,238.145,293.15,238.129,293.15,238.197,293.15,238.158,293.15,238.164,293.15,238.166,293.15,238.145,293.15,238.116,293.15,238.152,293.15,238.134,293.15,238.133,293.15,238.142,238.15,0,0,2.60529e-10,1.6896e-08
57,293.15,293.15,293.15,1.36424e-12,293.15,238.174,293.15,238.148,293.15,238.124,293.15,238.177,293.15,238.191,293.15,238.192,293.15,238.197,293.15,238.166,293.15,238.116,293.15,238.122,293.15,238.143,293.15,238.181,293.15,238.147,293.15,238.125,293.15,238.147,293.15,238.139,293.15,238.182,293.15,238.114,293.15,238.123,293.15,238.187,293.15,238.117,293.15,238.136,293.15,238.137,293.15,238.192,293.15,238.136,293.15,238.151,293.15,238.122,293.15,238.144,293.15,238.148,293.15,238.156,293.15,238.184,293.15,238.135,293.15,238.194,293.15,238.123,293.15,238.168,293.15,238.138,293.15,238.111,293.15,238.178,293.15,238.161,293.15,238.173,293.15,238.147,293.15,238.172,293.15,238.12,293.15,238.146,293.15,238.133,293.15,238.102,293.15,238.165,293.15,238.163,293.15,238.175,293.15,238.154,293.15,238.148,293.15,238.109,293.15,238.103,293.15,238.109,293.15,238.109,293.15,238.186,293.15,238.111,293.15,238.189,293.15,238.177,293.15,238.165,293.15,238.111,293.15,238.129,293.15,238.147,293.15,238.123,293.15,238.147,293.15,238.147,293.15,238.132,293.15,238.121,293.15,238.157,293.15,238.193,293.15,238.197,293.15,238.113,293.15,238.154,293.15,238.178,293.15,238.13,293.15,238.182,293.15,238.153,293.15,238.199,293.15,238.15,293.15,238.145,293.15,238.129,293.15,238.197,293.15,238.158,293.15,238.164,293.15,238.166,293.15,238.145,293.15,238.116,293.15,238.152,293.15,238.134,293.15,238.133,293.15,238.142,238.15,0,0,2.65205e-10,1.70089e-08
58,293.15,293.15,293.15,1.25056e-12,293.15,238.174,293.15,238.148,293.15,238.124,293.15,238.177,293.15,238.191,293.15,238.192,293.15,238.197,293.15,238.166,293.15,238.116,293.15,238.122,293.15,238.143,293.15,238.181,293.15,238.147,293.15,238.125,293.15,238.147,293.15,238.139,293.15,238.182,293.15,238.114,293.15,238.123,293.15,238.187,293.15,238.117,293.15,238.136,293.15,238.137,293.15,238.192,293.15,238.136,293.15,238.151,293.15,238.122,293.15,238.144,293.15,238.148,293.15,238.156,293.15,238.184,293.15,238.135,293.15,238.194,293.15,238.123,293.15,238.168,293.15,238.138,293.15,238.111,293.15,238.178,293.15,238.161,293.15,238.173,293.15,238.147,293.15,238.172,293.15,238.12,293.15,238.146,293.15,238.133,293.15,238.102,293.15,238.165,293.15,238.163,293.15,238.175,293.15,238.154,293.15,238.148,293.15,238.109,293.15,238.103,293.15,238.109,293.15,238.109,293.15,238.186,293.15,238.111,293.15,238.189,293.15,238.177,293.15,238.165,293.15,238.111,293.15,238.129,293.15,238.147,293.15,238.123,293.15,238.147,293.15,238.147,293.15,238.132,293.15,238.121,293.15,238.157,293.15,238.193,293.15,238.197,293.15,238.113,293.15,238.154,293.15,238.178,293.15,238.13,293.15,238.182,293.15,238.153,293.15,238.199,293.15,238.15,293.15,238.145,293.15,238.129,293.15,238.197,293.15,238.158,293.15,238.164,293.15,238.166,293.15,238.145,293.15,238.116,293.15,238.152,293.15,238.134,293.15,238.133,293.15,238.142,238.15,0,0,2.69855e-10,1.70668e-08
59,293.15,293.15,293.15,1.42109e-12,293.15,238.174,293.15,238.148,293.15,238.124,293.15,238.177,293.15,238.191,293.15,238.192,293.15,238.197,293.15,238.166,293.15,238.116,293.15,238.122,293.15,238.143,293.15,238.181,293.15,238.147,293.15,238.125,293.15,238.147,293.15,238.139,293.15,238.182,293.15,238.114,293.15,238.123,293.15,238.187,293.15,238.117,293.15,238.136,293.15,238.137,293.15,238.192,293.15,238.136,293.15,238.151,293.15,238.122,293.15,238.144,293.15,238.148,293.15,238.156,293.15,238.184,293.15,238.135,293.15,238.194,293.15,238.123,293.15,238.168,293.15,238.138,293.15,238.111,293.15,238.178,293.15,238.161,293.15,238.173,293.15,238.147,293.15,238.172,293.15,238.12,293.15,238.146,293.15,238.133,293.15,238.102,293.15,238.165,293.15,238.163,293.15,238.175,293.15,238.154,293.15,238.148,293.15,238.109,293.15,238.103,293.15,238.109,293.15,238.109,293.15,238.186,293.15,238.111,293.15,238.189,293.15,238.177,293.15,238.165,293.15,238.111,293.15,238.129,293.15,238.147,293.15,238.123,293.15,238.147,293.15,238.147,293.15,238.132,293.15,238.121,293.15,238.157,293.15,238.193,293.15,238.197,293.15,238.113,293.15,238.154,293.15,238.178,293.15,238.13,293.15,238.182,293.15,238.153,293.15,238.199,293.15,238.15,293.15,238.145,293.15,238.129,293.15,238.197,293.15,238.158,293.15,238.164,293.15,238.166,293.15,238.145,293.15,238.116,293.15,238.152,293.15,238.134,293.15,238.133,293.15,238.142,238.15,0,0,2.7458e-10,1.68383e-08
60,293.15,293.15,293.15,1.64846e-12,293.15,238.174,293.15,238.148,293.15,238.124,293.15,238.177,293.15,238.191,293.15,238.192,293.15,238.197,293.15,238.166,293.15,238.116,293.15,238.122,293.15,238.143,293.15,238.181,293.15,238.147,293.15,238.125,293.15,238.147,293.15,238.139,293.15,238.182,293.15,238.114,293.15,238.123,293.15,238.187,293.15,238.117,293.15,238.136,293.15,238.137,293.15,238.192,293.15,238.136,293.15,238.151,293.15,238.122,293.15,238.144,293.15,238.148,293.15,238.156,293.15,238.184,293.15,238.135,293.15,238.194,293.15,238.123,293.15,238.168,293.15,238.138,293.15,238.111,293.15,238.178,293.15,238.161,293.15,238.173,293.15,238.147,293.15,238.172,293.15,238.12,293.15,238.146,293.15,238.133,293.15,238.102,293.15,238.165,293.15,238.163,293.15,238.175,293.15,238.154,293.15,238.148,293.15,238.109,293.15,238.103,293.15,238.109,293.15,238.109,293.15,238.186,293.15,238.111,293.15,238.189,293.15,238.177,293.15,238.165,293.15,238.111,293.15,238.129,293.15,238.147,293.15,238.123,293.15,238.147,293.15,238.147,293.15,238.132,293.15,238.121,293.15,238.157,293.15,238.193,293.15,238.197,293.15,238.113,293.15,238.154,293.15,238.178,293.15,238.13,293.15,238.182,293.15,238.153,293.15,238.199,293.15,238.15,293.15,238.145,293.15,238.129,293.15,238.197,293.15,238.158,293.15,238.164,293.15,238.166,293.15,238.145,293.15,238.116,293.15,238.152,293.15,238.134,293.15,238.133,293.15,238.142,238.15,0,0,2.79321e-10,1.6928e-08
61,293.15,293.15,293.15,1.36424e-12,293.15,238.174,293.15,238.148,293.15,238.124,293.15,238.177,293.15,238.191,293.15,238.192,293.15,238.197,293.15,238.166,293.15,238.116,293.15,238.122,293.15,238.143,293.15,238.181,293.15,238.147,293.15,238.125,293.15,238.147,293.15,238.139,293.15,238.182,293.15,238.114,293.15,238.123,293.15,238.187,293.15,238.117,293.15,238.136,293.15,238.137,293.15,238.192,293.15,238.136,293.15,238.151,293.15,238.122,293.15,238.144,293.15,238.148,293.15,238.156,293.15,238.184,293.15,238.135,293.15,238.194,293.15,238.123,293.15,238.168,293.15,238.138,293.15,238.111,293.15,238.178,293.15,238.161,293.15,238.173,293.15,238.147,293.15,238.172,293.15,238.12,293.15,238.146,293.15,238.133,293.15,238.102,293.15,238.165,293.15,238.163,293.15,238.175,293.15,238.154,293.15,238.148,293.15,238.109,293.15,238.103,293.15,238.109,293.15,238.109,293.15,238.186,293.15,238.111,293.15,238.189,293.15,238.177,293.15,238.165,293.15,238.111,293.15,238.129,293.15,238.147,293.15,238.123,293.15,238.147,293.15,238.147,293.15,238.132,293.15,238.121,293.15,238.157,293.15,238.193,293.15,238.197,293.15,238.113,293.15,238.154,293.15,238.178,293.15,238.13,293.15,238.182,293.15,238.153,293.15,238.199,293.15,238.15,293.15,238.145,293.15,238.129,293.15,238.197,293.15,238.158,293.15,238.164,293.15,238.166,293.15,238.145,293.15,238.116,293.15,238.152,293.15,238.134,293.15,238.133,293.15,238.142,238.15,0,0,2.84002e-10,1.69007e-08
62,293.15,293.15,293.15,1.3074e-12,293.15,238.174,293.15,238.148,293.15,238.124,293.15,238.177,293.15,238.191,293.15,238.192,293.15,238.197,293.15,238.166,293.15,238.116,293.15,238.122,293.15,238.143,293.15,238.181,293.15,238.147,293.15,238.125,293.15,238.147,293.15,238.139,293.15,238.182,293.15,238.114,293.15,238.123,293.15,238.187,293.15,238.117,293.15,238.136,293.15,238.137,293.15,238.192,293.15,238.136,293.15,238.151,293.15,238.122,293.15,238.144,293.15,238.148,293.15,238.156,293.15,238.184,293.15,238.135,293.15,238.194,293.15,238.123,293.15,238.168,293.15,238.138,293.15,238.111,293.15,238.178,293.15,238.161,293.15,238.173,293.15,238.147,293.15,238.172,293.15,238.12,293.15,238.146,293.15,238.133,293.15,238.102,293.15,238.165,293.15,238.163,293.15,238.175,293.15,238.154,293.15,238.148,293.15,238.109,293.15,238.103,293.15,238.109,293.15,238.109,293.15,238.186,293.15,238.111,293.15,238.189,293.15,238.177,293.15,238.165,293.15,238.111,293.15,238.129,293.15,238.147,293.15,238.123,293.15,238.147,293.15,238.147,293.15,238.132,293.15,238.121,293.15,238.157,293.15,238.193,293.15,238.197,293.15,238.113,293.15,238.154,293.15,238.178,293.15,238.13,293.15,238.182,293.15,238.153,293.15,238.199,293.15,238.15,293.15,238.145,293.15,238.129,293.15,238.197,293.15,238.158,293.15,238.164,293.15,238.166,293.15,238.145,293.15,238.116,293.15,238.152,293.15,238.134,293.15,238.133,293.15,238.142,238.15,0,0,2.88665e-10,1.70117e-08
63,293.15,293.15,293.15,1.3074e-12,293.15,238.174,293.15,238.148,293.15,238.124,293.15,238.177,293.15,238.191,293.15,238.192,293.15,238.197,293.15,238.166,293.15,238.116,293.15,238.122,293.15,238.143,293.15,238.181,293.15,238.147,293.15,238.125,293.15,238.147,293.15,238.139,293.15,238.182,293.15,238.114,293.15,238.123,293.15,238.187,293.15,238.117,293.15,238.136,293.15,238.137,293.15,238.192,293.15,238.136,293.15,238.151,293.15,238.122,293.15,238.144,293.15,238.148,293.15,238.156,293.15,238.184,293.15,238.135,293.15,238.194,293.15,238.123,293.15,238.168,293.15,238.138,293.15,238.111,293.15,238.178,293.15,238.161,293.15,238.173,293.15,238.147,293.15,238.172,293.15,238.12,293.15,238.146,293.15,238.133,293.15,238.102,293.15,238.165,293.15,238.163,293.15,238.175,293.15,238.154,293.15,238.148,293.15,238.109,293.15,238.103,293.15,238.109,293.15,238.109,293.15,238.186,293.15,238.111,293.15,238.189,293.15,238.177,293.15,238.165,293.15,238.111,293.15,238.129,293.15,238.147,293.15,238.123,293.15,238.147,293.15,238.147,293.15,238.132,293.15,238.121,293.15,238.157,293.15,238.193,293.15,238.197,293.15,238.113,293.15,238.154,293.15,238.178,293.15,238.13,293.15,238.182,293.15,238.153,293.15,238.199,293.15,238.15,293.15,238.145,293.15,238.129,293.15,238.197,293.15,238.158,293.15,238.164,293.15,238.166,293.15,238.145,293.15,238.116,293.15,238.152,293.15,238.134,293.15,238.133,293.15,238.142,238.15,0,0,2.93331e-10,1.69747e-08
64,293.15,293.15,293.15,1.3074e-12,293.15,238.174,293.15,238.148,293.15,238.124,293.15,238.177,293.15,238.191,293.15,238.192,293.15,238.197,293.15,238.166,293.15,238.116,293.15,238.122,293.15,238.143,293.15,238.181,293.15,238.147,293.15,238.125,293.15,238.147,293.15,238.139,293.15,238.182,293.15,238.114,293.15,238.123,293.15,238.187,293.15,238.117,293.15,238.136,293.15,238.137,293.15,238.192,293.15,238.136,293.15,238.151,293.15,238.122,293.15,238.144,293.15,238.148,293.15,238.156,293.15,238.184,293.15,238.135,293.15,238.194,293.15,238.123,293.15,238.168,293.15,238.138,293.15,238.111,293.15,238.178,293.15,238.161,293.15,238.173,293.15,238.147,293.15,238.172,293.15,238.12,293.15,238.146,293.15,238.133,293.15,238.102,293.15,238.165,293.15,238.163,293.15,238.175,293.15,238.154,293.15,238.148,293.15,238.109,293.15,238.103,293.15,238.109,293.15,238.109,293.15,238.186,293.15,238.111,293.15,238.189,293.15,238.177,293.15,238.165,293.15,238.111,293.15,238.129,293.15,238.147,293.15,238.123,293.15,238.147,293.15,238.147,293.15,238.132,293.15,238.121,293.15,238.157,293.15,238.193,293.15,238.197,293.15,238.113,293.15,238.154,293.15,238.178,293.15,238.13,293.15,238.182,293.15,238.153,293.15,238.199,293.15,238.15,293.15,238.145,293.15,238.129,293.15,238.197,293.15,238.158,293.15,238.164,293.15,238.166,293.15,238.145,293.15,238.116,293.15,238.152,293.15,238.134,293.15,238.133,293.15,238.142,238.15,0,0,2.98032e-10,1.69102e-08
65,293.15,293.15,293.15,1.47793e-12,293.15,238.174,293.15,238.148,293.15,238.124,293.15,238.177,293.15,238.191,293.15,238.192,293.15,238.197,293.15,238.166,293.15,238.116,293.15,238.122,293.15,238.143,293.15,238.181,293.15,238.147,293.15,238.125,293.15,238.147,293.15,238.139,293.15,238.182,293.15,238.114,293.15,238.123,293.15,238.187,293.15,238.117,293.15,238.136,293.15,238.137,293.15,238.192,293.15,238.136,293.15,238.151,293.15,238.122,293.15,238.144,293.15,238.148,293.15,238.156,293.15,238.184,293.15,238.135,293.15,238.194,293.15,238.123,293.15,238.168,293.15,238.138,293.15,238.111,293.15,238.178,293.15,238.161,293.15,238.173,293.15,238.147,293.15,238.172,293.15,238.12,293.15,238.146,293.15,238.133,293.15,238.102,293.15,238.165,293.15,238.163,293.15,238.175,293.15,238.154,293.15,238.148,293.15,238.109,293.15,238.103,293.15,238.109,293.15,238.109,293.15,238.186,293.15,238.111,293.15,238.189,293.15,238.177,293.15,238.165,293.15,238.111,293.15,238.129,293.15,238.147,293.15,238.123,293.15,238.147,293.15,238.147,293.15,238.132,293.15,238.121,293.15,238.157,293.15,238.193,293.15,238.197,293.15,238.113,293.15,238.154,293.15,238.178,293.15,238.13,293.15,238.182,293.15,238.153,293.15,238.199,293.15,238.15,293.15,238.145,293.15,238.129,293.15,238.197,293.15,238.158,293.15,238.164,293.15,238.166,293.15,238.145,293.15,238.116,293.15,238.152,293.15,238.134,293.15,238.133,293.15,238.142,238.15,0,0,3.0271e-10,1.68301e-08
66,293.15,293.15,293.15,1.25056e-12,293.15,238.174,293.15,238.148,293.15,238.124,293.15,238.177,293.15,238.191,293.15,238.192,293.15,238.197,293.15,238.166,293.15,238.116,293.15,238.122,293.15,238.143,293.15,238.181,293.15,238.147,293.15,238.125,293.15,238.147,293.15,238.139,293.15,238.182,293.15,238.114,293.15,238.123,293.15,238.187,293.15,238.117,293.15,238.136,293.15,238.137,293.15,238.192,293.15,238.136,293.15,238.151,293.15,238.122,293.15,238.144,293.15,238.148,293.15,238.156,293.15,238.184,293.15,238.135,293.15,238.194,293.15,238.123,293.15,238.168,293.15,238.138,293.15,238.111,293.15,238.178,293.15,238.161,293.15,238.173,293.15,238.147,293.15,238.172,293.15,238.12,293.15,238.146,293.15,238.133,293.15,238.102,293.15,238.165,293.15,238.163,293.15,238.175,293.15,238.154,293.15,238.148,293.15,238.109,293.15,238.103,293.15,238.109,293.15,238.109,293.15,238.186,293.15,238.111,293.15,238.189,293.15,238.177,293.15,238.165,293.15,238.111,293.15,238.129,293.15,238.147,293.15,238.123,293.15,238.147,293.15,238.147,293.15,238.132,293.15,238.121,293.15,238.157,293.15,238.193,293.15,238.197,293.15,238.113,293.15,238.154,293.15,238.178,293.15,238.13,293.15,238.182,293.15,238.153,293.15,238.199,293.15,238.15,293.15,238.145,293.15,238.129,293.15,238.197,293.15,238.158,293.15,238.164,293.15,238.166,293.15,238.145,293.15,238.116,293.15,238.152,293.15,238.134,293.15,238.133,293.15,238.142,238.15,0,0,3.07352e-10,1.68374e-08
67,293.15,293.15,293.15,1.19371e-12,293.15,238.174,293.15,238.148,293.15,238.124,293.15,238.177,293.15,238.191,293.15,238.192,293.15,238.197,293.15,238.166,293.15,238.116,293.15,238.122,293.15,238.143,293.15,238.181,293.15,238.147,293.15,238.125,293.15,238.147,293.15,238.139,293.15,238.182,293.15,238.114,293.15,238.123,293.15,238.187,293.15,238.117,293.15,238.136,293.15,238.137,293.15,238.192,293.15,238.136,293.15,238.151,293.15,238.122,293.15,238.144,293.15,238.148,293.15,238.156,293.15,238.184,293.15,238.135,293.15,238.194,293.15,238.123,293.15,238.168,293.15,238.138,293.15,238.111,293.15,238.178,293.15,238.161,293.15,238.173,293.15,238.147,293.15,238.172,293.15,238.12,293.15,238.146,293.15,238.133,293.15,238.102,293.15,238.165,293.15,238.163,293.15,238.175,293.15,238.154,293.15,238.148,293.15,238.109,293.15,238.103,293.15,238.109,293.15,238.109,293.15,238.186,293.15,238.111,293.15,238.189,293.15,238.177,293.15,238.165,293.15,238.111,293.15,238.129,293.15,238.147,293.15,238.123,293.15,238.147,293.15,238.147,293.15,238.132,293.15,238.121,293.15,238.157,293.15,238.193,293.15,238.197,293.15,238.113,293.15,238.154,293.15,238.178,293.15,238.13,293.15,238.182,293.15,238.153,293.15,238.199,293.15,238.15,293.15,238.145,293.15,238.129,293.15,238.197,293.15,238.158,293.15,238.164,293.15,238.166,293.15,238.145,293.15,238.116,293.15,238.152,293.15,238.134,293.15,238.133,293.15,238.142,238.15,0,0,3.11985e-10,1.69452e-08
68,293.15,293.15,293.15,1.3074e-12,293.15,238.174,293.15,238.148,293.15,238.124,293.15,238.177,293.15,238.191,293.15,238.192,293.15,238.197,293.15,238.166,293.15,238.116,293.15,238.122,293.15,238.143,293.15,238.181,293.15,238.147,293.15,238.125,293.15,238.147,293.15,238.139,293.15,238.182,293.15,238.114,293.15,238.123,293.15,238.187,293.15,238.117,293.15,238.136,293.15,238.137,293.15,238.192,293.15,238.136,293.15,238.151,293.15,238.122,293.15,238.144,293.15,238.148,293.15,238.156,293.15,238.184,293.15,238.135,293.15,238.194,293.15,238.123,293.15,238.168,293.15,238.138,293.15,238.111,293.15,238.178,293.15,238.161,293.15,238.173,293.15,238.147,293.15,238.172,293.15,238.12,293.15,238.146,293.15,238.133,293.15,238.102,293.15,238.165,293.15,238.163,293.15,238.175,293.15,238.154,293.15,238.148,293.15,238.109,293.15,238.103,293.15,238.109,293.15,238.109,293.15,238.186,293.15,238.111,293.15,238.189,293.15,238.177,293.15,238.165,293.15,238.111,293.15,238.129,293.15,238.147,293.15,238.123,293.15,238.147,293.15,238.147,293.15,238.132,293.15,238.121,293.15,238.157,293.15,238.193,293.15,238.197,293.15,238.113,293.15,238.154,293.15,238.178,293.15,238.13,293.15,238.182,293.15,238.153,293.15,238.199,293.15,238.15,293.15,238.145,293.15,238.129,293.15,238.197,293.15,238.158,293.15,238.164,293.15,238.166,293.15,238.145,293.15,238.116,293.15,238.152,293.15,238.134,293.15,238.133,293.15,238.142,238.15,0,0,3.16604e-10,1.69957e-08
69,293.15,293.15,293.15,1.42109e-12,293.15,238.174,293.15,238.148,293.15,238.124,293.15,238.177,293.15,238.191,293.15,238.192,293.15,238.197,293.15,238.166,293.15,238.116,293.15,238.122,293.15,238.143,293.15,238.181,293.15,238.147,293.15,238.125,293.15,238.147,293.15,238.139,293.15,238.182,293.15,238.114,293.15,238.123,293.15,238.187,293.15,238.117,293.15,238.136,293.15,238.137,293.15,238.192,293.15,238.136,293.15,238.151,293.15,238.122,293.15,238.144,293.15,238.148,293.15,238.156,293.15,238.184,293.15,238.135,293.15,238.194,293.15,238.123,293.15,238.168,293.15,238.138,293.15,238.111,293.15,238.178,293.15,238.161,293.15,238.173,293.15,238.147,293.15,238.172,293.15,238.12,293.15,238.146,293.15,238.133,293.15,238.102,293.15,238.165,293.15,238.163,293.15,238.175,293.15,238.154,293.15,238.148,293.15,238.109,293.15,238.103,293.15,238.109,293.15,238.109,293.15,238.186,293.15,238.111,293.15,238.189,293.15,238.177,293.15,238.165,293.15,238.111,293.15,238.129,293.15,238.147,293.15,238.123,293.15,238.147,293.15,238.147,293.15,238.132,293.15,238.121,293.15,238.157,293.15,238.193,293.15,238.197,293.15,238.113,293.15,238.154,293.15,238.178,293.15,238.13,293.15,238.182,293.15,238.153,293.15,238.199,293.15,238.15,293.15,238.145,293.15,238.129,293.15,238.197,293.15,238.158,293.15,238.164,293.15,238.166,293.15,238.145,293.15,238.116,293.15,238.152,293.15,238.134,293.15,238.133,293.15,238.142,238.15,0,0,3.21262e-10,1.70044e-08
70,293.15,293.15,293.15,1.3074e-12,293.15,238.174,293.15,238.148,293.15,238.124,293.15,238.177,293.15,238.191,293.15,238.192,293.15,238.197,293.15,238.166,293.15,238.116,293.15,238.122,293.15,238.143,293.15,238.181,293.15,238.147,293.15,238.125,293.15,238.147,293.15,238.139,293.15,238.182,293.15,238.114,293.15,238.123,293.15,238.187,293.15,238.117,293.15,238.136,293.15,238.137,293.15,238.192,293.15,238.136,293.15,238.151,293.15,238.122,293.15,238.144,293.15,238.148,293.15,238.156,293.15,238.184,293.15,238.135,293.15,238.194,293.15,238.123,293.15,238.168,293.15,238.138,293.15,238.111,293.15,238.178,293.15,238.161,293.15,238.173,293.15,238.147,293.15,238.172,293.15,238.12,293.15,238.146,293.15,238.133,293.15,238.102,293.15,238.165,293.15,238.163,293.15,238.175,293.15,238.154,293.15,238.148,293.15,238.109,293.15,238.103,293.15,238.109,293.15,238.109,293.15,238.186,293.15,238.111,293.15,238.189,293.15,238.177,293.15,238.165,293.15,238.111,293.15,238.129,293.15,238.147,293.15,238.123,293.15,238.147,293.15,238.147,293.15,238.132,293.15,238.121,293.15,238.157,293.15,238.193,293.15,238.197,293.15,238.113,293.15,238.154,293.15,238.178,293.15,238.13,293.15,238.182,293.15,238.153,293.15,238.199,293.15,238.15,293.15,238.145,293.15,238.129,293.15,238.197,293.15,238.158,293.15,238.164,293.15,238.166,293.15,238.145,293.15,238.116,293.15,238.152,293.15,238.134,293.15,238.133,293.15,238.142,238.15,0,0,3.2592e-10,1.68916e-08
71,293.15,293.15,293.15,1.36424e-12,293.15,238.174,293.15,238.148,293.15,238.124,293.15,238.177,293.15,238.191,293.15,238.192,293.15,238.197,293.15,238.166,293.15,238.116,293.15,238.122,293.15,238.143,293.15,238.181,293.15,238.147,293.15,238.125,293.15,238.147,293.15,238.139,293.15,238.182,293.15,238.114,293.15,238.123,293.15,238.187,293.15,238.117,293.15,238.136,293.15,238.137,293.15,238.192,293.15,238.136,293.15,238.151,293.15,238.122,293.15,238.144,293.15,238.148,293.15,238.156,293.15,238.184,293.15,238.135,293.15,238.194,293.15,238.123,293.15,238.168,293.15,238.138,293.15,238.111,293.15,238.178,293.15,238.161,293.15,238.173,293.15,238.147,293.15,238.172,293.15,238.12,293.15,238.146,293.15,238.133,293.15,238.102,293.15,238.165,293.15,238.163,293.15,238.175,293.15,238.154,293.15,238.148,293.15,238.109,293.15,238.103,293.15,238.109,293.15,238.109,293.15,238.186,293.15,238.111,293.15,238.189,293.15,238.177,293.15,238.165,293.15,238.111,293.15,238.129,293.15,238.147,293.15,238.123,293.15,238.147,293.15,238.147,293.15,238.132,293.15,238.121,293.15,238.157,293.15,238.193,293.15,238.197,293.15,238.113,293.15,238.154,293.15,238.178,293.15,238.13,293.15,238.182,293.15,238.153,293.15,238.199,293.15,238.15,293.15,238.145,293.15,238.129,293.15,238.197,293.15,238.158,293.15,238.164,293.15,238.166,293.15,238.145,293.15,238.116,293.15,238.152,293.15,238.134,293.15,238.133,293.15,238.142,238.15,0,0,3.30591e-10,1.69033e-08
72,293.15,293.15,293.15,1.25056e-12,293.15,238.174,293.15,238.148,293.15,238.124,293.15,238.177,293.15,238.191,293.15,238.192,293.15,238.197,293.15,238.166,293.15,238.116,293.15,238.122,293.15,238.143,293.15,238.181,293.15,238.147,293.15,238.125,293.15,238.147,293.15,238.139,293.15,238.182,293.15,238.114,293.15,238.123,293.15,238.187,293.15,238.117,293.15,238.136,293.15,238.137,293.15,238.192,293.15,238.136,293.15,238.151,293.15,238.122,293.15,238.144,293.15,238.148,293.15,238.156,293.15,238.184,293.15,238.135,293.15,238.194,293.15,238.123,293.15,238.168,293.15,238.138,293.15,238.111,293.15,238.178,293.15,238.161,293.15,238.173,293.15,238.147,293.15,238.172,293.15,238.12,293.15,238.146,293.15,238.133,293.15,238.102,293.15,238.165,293.15,238.163,293.15,238.175,293.15,238.154,293.15,238.148,293.15,238.109,293.15,238.103,293.15,238.109,293.15,238.109,293.15,238.186,293.15,238.111,293.15,238.189,293.15,238.177,293.15,238.165,293.15,238.111,293.15,238.129,293.15,238.147,293.15,238.123,293.15,238.147,293.15,238.147,293.15,238.132,293.15,238.121,293.15,238.157,293.15,238.193,293.15,238.197,293.15,238.113,293.15,238.154,293.15,238.178,293.15,238.13,293.15,238.182,293.15,238.153,293.15,238.199,293.15,238.15,293.15,238.145,293.15,238.129,293.15,238.197,293.15,238.158,293.15,238.164,293.15,238.166,293.15,238.145,293.15,238.116,293.15,238.152,293.15,238.134,293.15,238.133,293.15,238.142,238.15,0,0,3.35226e-10,1.70242e-08
73,293.15,293.15,293.15,1.36424e-12,293.15,238.174,293.15,238.148,293.15,238.124,293.15,238.177,293.15,238.191,293.15,238.192,293.15,238.197,293.15,238.166,293.15,238.116,293.15,238.122,293.15,238.143,293.15,238.181,293.15,238.147,293.15,238.125,293.15,238.147,293.15,238.139,293.15,238.182,293.15,238.114,293.15,238.123,293.15,238.187,293.15,238.117,293.15,238.136,293.15,238.137,293.15,238.192,293.15,238.136,293.15,238.151,293.15,238.122,293.15,238.144,293.15,238.148,293.15,238.156,293.15,238.184,293.15,238.135,293.15,238.194,293.15,238.123,293.15,238.168,293.15,238.138,293.15,238.111,293.15,238.178,293.15,238.161,293.15,238.173,293.15,238.147,293.15,238.172,293.15,238.12,293.15,238.146,293.15,238.133,293.15,238.102,293.15,238.165,293.15,238.163,293.15,238.175,293.15,238.154,293.15,238.148,293.15,238.109,293.15,238.103,293.15,238.109,293.15,238.109,293.15,238.186,293.15,238.111,293.15,238.189,293.15,238.177,293.15,238.165,293.15,238.111,293.15,238.129,293.15,238.147,293.15,238.123,293.15,238.147,293.15,238.147,293.15,238.132,293.15,238.121,293.15,238.157,293.15,238.193,293.15,238.197,293.15,238.113,293.15,238.154,293.15,238.178,293.15,238.13,293.15,238.182,293.15,238.153,293.15,238.199,293.15,238.15,293.15,238.145,293.15,238.129,293.15,238.197,293.15,238.158,293.15,238.164,293.15,238.166,293.15,238.145,293.15,238.116,293.15,238.152,293.15,238.134,293.15,238.133,293.15,238.142,238.15,0,0,3.39866e-10,1.69573e-08
74,293.15,293.15,293.15,1.36424e-12,293.15,238.174,293.15,238.148,293.15,238.124,293.15,238.177,293.15,238.191,293.15,238.192,293.15,238.197,293.15,238.166,293.15,238.116,293.15,238.122,293.15,238.143,293.15,238.181,293.15,238.147,293.15,238.125,293.15,238.147,293.15,238.139,293.15,238.182,293.15,238.114,293.15,238.123,293.15,238.187,293.15,238.117,293.15,238.136,293.15,238.137,293.15,238.192,293.15,238.136,293.15,238.151,293.15,238.122,293.15,238.144,293.15,238.148,293.15,238.156,293.15,238.184,293.15,238.135,293.15,238.194,293.15,238.123,293.15,238.168,293.15,238.138,293.15,238.111,293.15,238.178,293.15,238.161,293.15,238.173,293.15,238.147,293.15,238.172,293.15,238.12,293.15,238.146,293.15,238.133,293.15,238.102,293.15,238.165,293.15,238.163,293.15,238.175,293.15,238.154,293.15,238.148,293.15,238.109,293.15,238.103,293.15,238.109,293.15,238.109,293.15,238.186,293.15,238.111,293.15,238.189,293.15,238.177,293.15,238.165,293.15,238.111,293.15,238.129,293.15,238.147,293.15,238.123,293.15,238.147,293.15,238.147,293.15,238.132,293.15,238.121,293.15,238.157,293.15,238.193,293.15,238.197,293.15,238.113,293.15,238.154,293.15,238.178,293.15,238.13,293.15,238.182,293.15,238.153,293.15,238.199,293.15,238.15,293.15,238.145,293.15,238.129,293.15,238.197,293.15,238.158,293.15,238.164,293.15,238.166,293.15,238.145,293.15,238.116,293.15,238.152,293.15,238.134,293.15,238.133,293.15,238.142,238.15,0,0,3.44503e-10,1.70045e-08
75,293.15,293.15,293.15,1.42109e-12,293.15,238.174,293.15,238.148,293.15,238.124,293.15,238.177,293.15,238.191,293.15,238.192,293.15,238.197,293.15,238.166,293.15,238.116,293.15,238.122,293.15,238.143,293.15,238.181,293.15,238.147,293.15,238.125,293.15,238.147,293.15,238.139,293.15,238.182,293.15,238.114,293.15,238.123,293.15,238.187,293.15,238.117,293.15,238.136,293.15,238.137,293.15,238.192,293.15,238.136,293.15,238.151,293.15,238.122,293.15,238.144,293.15,238.148,293.15,238.156,293.15,238.184,293.15,238.135,293.15,238.194,293.15,238.123,293.15,238.168,293.15,238.138,293.15,238.111,293.15,238.178,293.15,238.161,293.15,238.173,293.15,238.147,293.15,238.172,293.15,238.12,293.15,238.146,293.15,238.133,293.15,238.102,293.15,238.165,293.15,238.163,293.15,238.175,293.15,238.154,293.15,238.148,293.15,238.109,293.15,238.103,293.15,238.109,293.15,238.109,293.15,238.186,293.15,238.111,293.15,238.189,293.15,238.177,293.15,238.165,293.15,238.111,293.15,238.129,293.15,238.147,293.15,238.123,293.15,238.147,293.15,238.147,293.15,238.132,293.15,238.121,293.15,238.157,293.15,238.193,293.15,238.197,293.15,238.113,293.15,238.154,293.15,238.178,293.15,238.13,293.15,238.182,293.15,238.153,293.15,238.199,293.15,238.15,293.15,238.145,293.15,238.129,293.15,238.197,293.15,238.158,293.15,238.164,293.15,238.166,293.15,238.145,293.15,238.116,293.15,238.152,293.15,238.134,293.15,238.133,293.15,238.142,238.15,0,0,3.49169e-10,1.69528e-08
76,293.15,293.15,293.15,1.25056e-12,293.15,238.174,293.15,238.148,293.15,238.124,293.15,238.177,293.15,238.191,293.15,238.192,293.15,238.197,293.15,238.166,293.15,238.116,293.15,238.122,293.15,238.143,293.15,238.181,293.15,238.147,293.15,238.125,293.15,238.147,293.15,238.139,293.15,238.182,293.15,238.114,293.15,238.123,293.15,238.187,293.15,238.117,293.15,238.136,293.15,238.137,293.15,238.192,293.15,238.136,293.15,238.151,293.15,238.122,293.15,238.144,293.15,238.148,293.15,238.156,293.15,238.184,293.15,238.135,293.15,238.194,293.15,238.123,293.15,238.168,293.15,238.138,293.15,238.111,293.15,238.178,293.15,238.161,293.15,238.173,293.15,238.147,293.15,238.172,293.15,238.12,293.15,238.146,293.15,238.133,293.15,238.102,293.15,238.165,293.15,238.163,293.15,238.175,293.15,238.154,293.15,238.148,293.15,238.109,293.15,238.103,293.15,238.109,293.15,238.109,293.15,238.186,293.15,238.111,293.15,238.189,293.15,238.177,293.15,238.165,293.15,238.111,293.15,238.129,293.15,238.147,293.15,238.123,293.15,238.147,293.15,238.147,293.15,238.132,293.15,238.121,293.15,238.157,293.15,238.193,293.15,238.197,293.15,238.113,293.15,238.154,293.15,238.178,293.15,238.13,293.15,238.182,293.15,238.153,293.15,238.199,293.15,238.15,293.15,238.145,293.15,238.129,293.15,238.197,293.15,238.158,293.15,238.164,293.15,238.166,293.15,238.145,293.15,238.116,293.15,238.152,293.15,238.134,293.15,238.133,293.15,238.142,238.15,0,0,3.53841e-10,1.69044e-08
77,293.15,293.15,293.15,1.3074e-12,293.15,238.174,293.15,238.148,293.15,238.124,293.15,238.177,293.15,238.191,293.15,238.192,293.15,238.197,293.15,238.166,293.15,238.116,293.15,238.122,293.15,238.143,293.15,238.181,293.15,238.147,293.15,238.125,293.15,238.147,293.15,238.139,293.15,238.182,293.15,238.114,293.15,238.123,293.15,238.187,293.15,238.117,293.15,238.136,293.15,238.137,293.15,238.192,293.15,238.136,293.15,238.151,293.15,238.122,293.15,238.144,293.15,238.148,293.15,238.156,293.15,238.184,293.15,238.135,293.15,238.194,293.15,238.123,293.15,238.168,293.15,238.138,293.15,238.111,293.15,238.178,293.15,238.161,293.15,238.173,293.15,238.147,293.15,238.172,293.15,238.12,293.15,238.146,293.15,238.133,293.15,238.102,293.15,238.165,293.15,238.163,293.15,238.175,293.15,238.154,293.15,238.148,293.15,238.109,293.15,238.103,293.15,238.109,293.15,238.109,293.15,238.186,293.15,238.111,293.15,238.189,293.15,238.177,293.15,238.165,293.15,238.111,293.15,238.129,293.15,238.147,293.15,238.123,293.15,238.147,293.15,238.147,293.15,238.132,293.15,238.121,293.15,238.157,293.15,238.193,293.15,238.197,293.15,238.113,293.15,238.154,293.15,238.178,293.15,238.13,293.15,238.182,293.15,238.153,293.15,238.199,293.15,238.15,293.15,238.145,293.15,238.129,293.15,238.197,293.15,238.158,293.15,238.164,293.15,238.166,293.15,238.145,293.15,238.116,293.15,238.152,293.15,238.134,293.15,238.133,293.15,238.142,238.15,0,0,3.58553e-10,1.68756e-08
78,293.15,293.15,293.15,1.36424e-12,293.15,238.174,293.15,238.148,293.15,238.124,293.15,238.177,293.15,238.191,293.15,238.192,293.15,238.197,293.15,238.166,293.15,238.116,293.15,238.122,293.15,238.143,293.15,238.181,293.15,238.147,293.15,238.125,293.15,238.147,293.15,238.139,293.15,238.182,293.15,238.114,293.15,238.123,293.15,238.187,293.15,238.117,293.15,238.136,293.15,238.137,293.15,238.192,293.15,238.136,293.15,238.151,293.15,238.122,293.15,238.144,293.15,238.148,293.15,238.156,293.15,238.184,293.15,238.135,293.15,238.194,293.15,238.123,293.15,238.168,293.15,238.138,293.15,238.111,293.15,238.178,293.15,238.161,293.15,238.173,293.15,238.147,293.15,238.172,293.15,238.12,293.15,238.146,293.15,238.133,293.15,238.102,293.15,238.165,293.15,238.163,293.15,238.175,293.15,238.154,293.15,238.148,293.15,238.109,293.15,238.103,293.15,238.109,293.15,238.109,293.15,238.186,293.15,238.111,293.15,238.189,293.15,238.177,293.15,238.165,293.15,238.111,293.15,238.129,293.15,238.147,293.15,238.123,293.15,238.147,293.15,238.147,293.15,238.132,293.15,238.121,293.15,238.157,293.15,238.193,293.15,238.197,293.15,238.113,293.15,238.154,293.15,238.178,293.15,238.13,293.15,238.182,293.15,238.153,293.15,238.199,293.15,238.15,293.15,238.145,293.15,238.129,293.15,238.197,293.15,238.158,293.15,238.164,293.15,238.166,293.15,238.145,293.15,238.116,293.15,238.152,293.15,238.134,293.15,238.133,293.15,238.142,238.15,0,0,3.63208e-10,1.69472e-08
79,293.15,293.15,293.15,1.19371e-12,293.15,238.174,293.15,238.148,293.15,238.124,293.15,238.177,293.15,238.191,293.15,238.192,293.15,238.197,293.15,238.166,293.15,238.116,293.15,238.122,293.15,238.143,293.15,238.181,293.15,238.147,293.15,238.125,293.15,238.147,293.15,238.139,293.15,238.182,293.15,238.114,293.15,238.123,293.15,238.187,293.15,238.117,293.15,238.136,293.15,238.137,293.15,238.192,293.15,238.136,293.15,238.151,293.15,238.122,293.15,238.144,293.15,238.148,293.15,238.156,293.15,238.184,293.15,238.135,293.15,238.194,293.15,238.123,293.15,238.168,293.15,238.138,293.15,238.111,293.15,238.178,293.15,238.161,293.15,238.173,293.15,238.147,293.15,238.172,293.15,238.12,293.15,238.146,293.15,238.133,293.15,238.102,293.15,238.165,293.15,238.163,293.15,238.175,293.15,238.154,293.15,238.148,293.15,238.109,293.15,238.103,293.15,238.109,293.15,238.109,293.15,238.186,293.15,238.111,293.15,238.189,293.15,238.177,293.15,238.165,293.15,238.111,293.15,238.129,293.15,238.147,293.15,238.123,293.15,238.147,293.15,238.147,293.15,238.132,293.15,238.121,293.15,238.157,293.15,238.193,293.15,238.197,293.15,238.113,293.15,238.154,293.15,238.178,293.15,238.13,293.15,238.182,293.15,238.153,293.15,238.199,293.15,238.15,293.15,238.145,293.15,238.129,293.15,238.197,293.15,238.158,293.15,238.164,293.15,238.166,293.15,238.145,293.15,238.116,293.15,238.152,293.15,238.134,293.15,238.133,293.15,238.142,238.15,0,0,3.6788e-10,1.7029e-08
80,293.15,293.15,293.15,1.19371e-12,293.15,238.174,293.15,238.148,293.15,238.124,293.15,238.177,293.15,238.191,293.15,238.192,293.15,238.197,293.15,238.166,293.15,238.116,293.15,238.122,293.15,238.143,293.15,238.181,293.15,238.147,293.15,238.125,293.15,238.147,293.15,238.139,293.15,238.182,293.15,238.114,293.15,238.123,293.15,238.187,293.15,238.117,293.15,238.136,293.15,238.137,293.15,238.192,293.15,238.136,293.15,238.151,293.15,238.122,293.15,238.144,293.15,238.148,293.15,238.156,293.15,238.184,293.15,238.135,293.15,238.194,293.15,238.123,293.15,238.168,293.15,238.138,293.15,238.111,293.15,238.178,293.15,238.161,293.15,238.173,293.15,238.147,293.15,238.172,293.15,238.12,293.15,238.146,293.15,238.133,293.15,238.102,293.15,238.165,293.15,238.163,293.15,238.175,293.15,238.154,293.15,238.148,293.15,238.109,293.15,238.103,293.15,238.109,293.15,238.109,293.15,238.186,293.15,238.111,293.15,238.189,293.15,238.177,293.15,238.165,293.15,238.111,293.15,238.129,293.15,238.147,293.15,238.123,293.15,238.147,293.15,238.147,293.15,238.132,293.15,238.121,293.15,238.157,293.15,238.193,293.15,238.197,293.15,238.113,293.15,238.154,293.15,238.178,293.15,238.13,293.15,238.182,293.15,238.153,293.15,238.199,293.15,238.15,293.15,238.145,293.15,238.129,293.15,238.197,293.15,238.158,293.15,238.164,293.15,238.166,293.15,238.145,293.15,238.116,293.15,238.152,293.15,238.134,293.15,238.133,293.15,238.142,238.15,0,0,3.72551e-10,1.69287e-08
81,293.15,293.15,293.15,1.36424e-12,293.15,238.174,293.15,238.148,293.15,238.124,293.15,238.177,293.15,238.191,293.15,238.192,293.15,238.197,293.15,238.166,293.15,238.116,293.15,238.122,293.15,238.143,293.15,238.181,293.15,238.147,293.15,238.125,293.15,238.147,293.15,238.139,293.15,238.182,293.15,238.114,293.15,238.123,293.15,238.187,293.15,238.117,293.15,238.136,293.15,238.137,293.15,238.192,293.15,238.136,293.15,238.151,293.15,238.122,293.15,238.144,293.15,238.148,293.15,238.156,293.15,238.184,293.15,238.135,293.15,238.194,293.15,238.123,293.15,238.168,293.15,238.138,293.15,238.111,293.15,238.178,293.15,238.161,293.15,238.173,293.15,238.147,293.15,238.172,293.15,238.12,293.15,238.146,293.15,238.133,293.15,238.102,293.15,238.165,293.15,238.163,293.15,238.175,293.15,238.154,293.15,238.148,293.15,238.109,293.15,238.103,293.15,238.109,293.15,238.109,293.15,238.186,293.15,238.111,293.15,238.189,293.15,238.177,293.15,238.165,293.15,238.111,293.15,238.129,293.15,238.147,293.15,238.123,293.15,238.147,293.15,238.147,293.15,238.132,293.15,238.121,293.15,238.157,293.15,238.193,293.15,238.197,293.15,238.113,293.15,238.154,293.15,238.178,293.15,238.13,293.15,238.182,293.15,238.153,293.15,238.199,293.15,238.15,293.15,238.145,293.15,238.129,293.15,238.197,293.15,238.158,293.15,238.164,293.15,238.166,293.15,238.145,293.15,238.116,293.15,238.152,293.15,238.134,293.15,238.133,293.15,238.142,238.15,0,0,3.77246e-10,1.6859e-08
82,293.15,293.15,293.15,1.19371e-12,293.15,238.174,293.15,238.148,293.15,238.124,293.15,238.177,293.15,238.191,293.15,238.192,293.15,238.197,293.15,238.166,293.15,238.116,293.15,238.122,293.15,238.143,293.15,238.181,293.15,238.147,293.15,238.125,293.15,238.147,293.15,238.139,293.15,238.182,293.15,238.114,293.15,238.123,293.15,238.187,293.15,238.117,293.15,238.136,293.15,238.137,293.15,238.192,293.15,238.136,293.15,238.151,293.15,238.122,293.15,238.144,293.15,238.148,293.15,238.156,293.15,238.184,293.15,238.135,293.15,238.194,293.15,238.123,293.15,238.168,293.15,238.138,293.15,238.111,293.15,238.178,293.15,238.161,293.15,238.173,293.15,238.147,293.15,238.172,293.15,238.12,293.15,238.146,293.15,238.133,293.15,238.102,293.15,238.165,293.15,238.163,293.15,238.175,293.15,238.154,293.15,238.148,293.15,238.109,293.15,238.103,293.15,238.109,293.15,238.109,293.15,238.186,293.15,238.111,293.15,238.189,293.15,238.177,293.15,238.165,293.15,238.111,293.15,238.129,293.15,238.147,293.15,238.123,293.15,238.147,293.15,238.147,293.15,238.132,293.15,238.121,293.15,238.157,293.15,238.193,293.15,238.197,293.15,238.113,293.15,238.154,293.15,238.178,293.15,238.13,293.15,238.182,293.15,238.153,293.15,238.199,293.15,238.15,293.15,238.145,293.15,238.129,293.15,238.197,293.15,238.158,293.15,238.164,293.15,238.166,293.15,238.145,293.15,238.116,293.15,238.152,293.15,238.134,293.15,238.133,293.15,238.142,238.15,0,0,3.81894e-10,1.68424e-08
83,293.15,293.15,293.15,1.13687e-12,293.15,238.174,293.15,238.148,293.15,238.124,293.15,238.177,293.15,238.191,293.15,238.192,293.15,238.197,293.15,238.166,293.15,238.116,293.15,238.122,293.15,238.143,293.15,238.181,293.15,238.147,293.15,238.125,293.15,238.147,293.15,238.139,293.15,238.182,293.15,238.114,293.15,238.123,293.15,238.187,293.15,238.117,293.15,238.136,293.15,238.137,293.15,238.192,293.15,238.136,293.15,238.151,293.15,238.122,293.15,238.144,293.15,238.148,293.15,238.156,293.15,238.184,293.15,238.135,293.15,238.194,293.15,238.123,293.15,238.168,293.15,238.138,293.15,238.111,293.15,238.178,293.15,238.161,293.15,238.173,293.15,238.147,293.15,238.172,293.15,238.12,293.15,238.146,293.15,238.133,293.15,238.102,293.15,238.165,293.15,238.163,293.15,238.175,293.15,238.154,293.15,238.148,293.15,238.109,293.15,238.103,293.15,238.109,293.15,238.109,293.15,238.186,293.15,238.111,293.15,238.189,293.15,238.177,293.15,238.165,293.15,238.111,293.15,238.129,293.15,238.147,293.15,238.123,293.15,238.147,293.15,238.147,293.15,238.132,293.15,238.121,293.15,238.157,293.15,238.193,293.15,238.197,293.15,238.113,293.15,238.154,293.15,238.178,293.15,238.13,293.15,238.182,293.15,238.153,293.15,238.199,293.15,238.15,293.15,238.145,293.15,238.129,293.15,238.197,293.15,238.158,293.15,238.164,293.15,238.166,293.15,238.145,293.15,238.116,293.15,238.152,293.15,238.134,293.15,238.133,293.15,238.142,238.15,0,0,3.86555e-10,1.68517e-08
84,293.15,293.15,293.15,1.25056e-12,293.15,238.174,293.15,238.148,293.15,238.124,293.15,238.177,293.15,238.191,293.15,238.192,293.15,238.197,293.15,238.166,293.15,238.116,293.15,238.122,293.15,238.143,293.15,238.181,293.15,238.147,293.15,238.125,293.15,238.147,293.15,238.139,293.15,238.182,293.15,238.114,293.15,238.123,293.15,238.187,293.15,238.117,293.15,238.136,293.15,238.137,293.15,238.192,293.15,238.136,293.15,238.151,293.15,238.122,293.15,238.144,293.15,238.148,293.15,238.156,293.15,238.184,293.15,238.135,293.15,238.194,293.15,238.123,293.15,238.168,293.15,238.138,293.15,238.111,293.15,238.178,293.15,238.161,293.15,238.173,293.15,238.147,293.15,238.172,293.15,238.12,293.15,238.146,293.15,238.133,293.15,238.102,293.15,238.165,293.15,238.163,293.15,238.175,293.15,238.154,293.15,238.148,293.15,238.109,293.15,238.103,293.15,238.109,293.15,238.109,293.15,238.186,293.15,238.111,293.15,238.189,293.15,238.177,293.15,238.165,293.15,238.111,293.15,238.129,293.15,238.147,293.15,238.123,293.15,238.147,293.15,238.147,293.15,238.132,293.15,238.121,293.15,238.157,293.15,238.193,293.15,238.197,293.15,238.113,293.15,238.154,293.15,238.178,293.15,238.13,293.15,238.182,293.15,238.153,293.15,238.199,293.15,238.15,293.15,238.145,293.15,238.129,293.15,238.197,293.15,238.158,293.15,238.164,293.15,238.166,293.15,238.145,293.15,238.116,293.15,238.152,293.15,238.134,293.15,238.133,293.15,238.142,238.15,0,0,3.91203e-10,1.67948e-08
85,293.15,293.15,293.15,1.3074e-12,293.15,238.174,293.15,238.148,293.15,238.124,293.15,238.177,293.15,238.191,293.15,238.192,293.15,238.197,293.15,238.166,293.15,238.116,293.15,238.122,293.15,238.143,293.15,238.181,293.15,238.147,293.15,238.125,293.15,238.147,293.15,238.139,293.15,238.182,293.15,238.114,293.15,238.123,293.15,238.187,293.15,238.117,293.15,238.136,293.15,238.137,293.15,238.192,293.15,238.136,293.15,238.151,293.15,238.122,293.15,238.144,293.15,238.148,293.15,238.156,293.15,238.184,293.15,238.135,293.15,238.194,293.15,238.123,293.15,238.168,293.15,238.138,293.15,238.111,293.15,238.178,293.15,238.161,293.15,238.173,293.15,238.147,293.15,238.172,293.15,238.12,293.15,238.146,293.15,238.133,293.15,238.102,293.15,238.165,293.15,238.163,293.15,238.175,293.15,238.154,293.15,238.148,293.15,238.109,293.15,238.103,293.15,238.109,293.15,238.109,293.15,238.186,293.15,238.111,293.15,238.189,293.15,238.177,293.15,238.165,293.15,238.111,293.15,238.129,293.15,238.147,293.15,238.123,293.15,238.147,293.15,238.147,293.15,238.132,293.15,238.121,293.15,238.157,293.15,238.193,293.15,238.197,293.15,238.113,293.15,238.154,293.15,238.178,293.15,238.13,293.15,238.182,293.15,238.153,293.15,238.199,293.15,238.15,293.15,238.145,293.15,238.129,293.15,238.197,293.15,238.158,293.15,238.164,293.15,238.166,293.15,238.145,293.15,238.116,293.15,238.152,293.15,238.134,293.15,238.133,293.15,238.142,238.15,0,0,3.95894e-10,1.66243e-08
86,293.15,293.15,293.15,1.3074e-12,293.15,238.174,293.15,238.148,293.15,238.124,293.15,238.177,293.15,238.191,293.15,238.192,293.15,238.197,293.15,238.166,293.15,238.116,293.15,238.122,293.15,238.143,293.15,238.181,293.15,238.147,293.15,238.125,293.15,238.147,293.15,238.139,293.15,238.182,293.15,238.114,293.15,238.123,293.15,238.187,293.15,238.117,293.15,238.136,293.15,238.137,293.15,238.192,293.15,238.136,293.15,238.151,293.15,238.122,293.15,238.144,293.15,238.148,293.15,238.156,293.15,238.184,293.15,238.135,293.15,238.194,293.15,238.123,293.15,238.168,293.15,238.138,293.15,238.111,293.15,238.178,293.15,238.161,293.15,238.173,293.15,238.147,293.15,238.172,293.15,238.12,293.15,238.146,293.15,238.133,293.15,238.102,293.15,238.165,293.15,238.163,293.15,238.175,293.15,238.154,293.15,238.148,293.15,238.109,293.15,238.103,293.15,238.109,293.15,238.109,293.15,238.186,293.15,238.111,293.15,238.189,293.15,238.177,293.15,238.165,293.15,238.111,293.15,238.129,293.15,238.147,293.15,238.123,293.15,238.147,293.15,238.147,293.15,238.132,293.15,238.121,293.15,238.157,293.15,238.193,293.15,238.197,293.15,238.113,293.15,238.154,293.15,238.178,293.15,238.13,293.15,238.182,293.15,238.153,293.15,238.199,293.15,238.15,293.15,238.145,293.15,238.129,293.15,238.197,293.15,238.158,293.15,238.164,293.15,238.166,293.15,238.145,293.15,238.116,293.15,238.152,293.15,238.134,293.15,238.133,293.15,238.142,238.15,0,0,4.00521e-10,1.66797e-08
87,293.15,293.15,293.15,1.19371e-12,293.15,238.174,293.15,238.148,293.15,238.124,293.15,238.177,293.15,238.191,293.15,238.192,293.15,238.197,293.15,238.166,293.15,238.116,293.15,238.122,293.15,238.143,293.15,238.181,293.15,238.147,293.15,238.125,293.15,238.147,293.15,238.139,293.15,238.182,293.15,238.114,293.15,238.123,293.15,238.187,293.15,238.117,293.15,238.136,293.15,238.137,293.15,238.192,293.15,238.136,293.15,238.151,293.15,238.122,293.15,238.144,293.15,238.148,293.15,238.156,293.15,238.184,293.15,238.135,293.15,238.194,293.15,238.123,293.15,238.168,293.15,238.138,293.15,238.111,293.15,238.178,293.15,238.161,293.15,238.173,293.15,238.147,293.15,238.172,293.15,238.12,293.15,238.146,293.15,238.133,293.15,238.102,293.15,238.165,293.15,238.163,293.15,238.175,293.15,238.154,293.15,238.148,293.15,238.109,293.15,238.103,293.15,238.109,293.15,238.109,293.15,238.186,293.15,238.111,293.15,238.189,293.15,238.177,293.15,238.165,293.15,238.111,293.15,238.129,293.15,238.147,293.15,238.123,293.15,238.147,293.15,238.147,293.15,238.132,293.15,238.121,293.15,238.157,293.15,238.193,293.15,238.197,293.15,238.113,293.15,238.154,293.15,238.178,293.15,238.13,293.15,238.182,293.15,238.153,293.15,238.199,293.15,238.15,293.15,238.145,293.15,238.129,293.15,238.197,293.15,238.158,293.15,238.164,293.15,238.166,293.15,238.145,293.15,238.116,293.15,238.152,293.15,238.134,293.15,238.133,293.15,238.142,238.15,0,0,4.05116e-10,1.66859e-08
88,293.15,293.15,293.15,1.3074e-12,293.15,238.174,293.15,238.148,293.15,238.124,293.15,238.177,293.15,238.191,293.15,238.192,293.15,238.197,293.15,238.166,293.15,238.116,293.15,238.122,293.15,238.143,293.15,238.181,293.15,238.147,293.15,238.125,293.15,238.147,293.15,238.139,293.15,238.182,293.15,238.114,293.15,238.123,293.15,238.187,293.15,238.117,293.15,238.136,293.15,238.137,293.15,238.192,293.15,238.136,293.15,238.151,293.15,238.122,293.15,238.144,293.15,238.148,293.15,238.156,293.15,238.184,293.15,238.135,293.15,238.194,293.15,238.123,293.15,238.168,293.15,238.138,293.15,238.111,293.15,238.178,293.15,238.161,293.15,238.173,293.15,238.147,293.15,238.172,293.15,238.12,293.15,238.146,293.15,238.133,293.15,238.102,293.15,238.165,293.15,238.163,293.15,238.175,293.15,238.154,293.15,238.148,293.15,238.109,293.15,238.103,293.15,238.109,293.15,238.109,293.15,238.186,293.15,238.111,293.15,238.189,293.15,238.177,293.15,238.165,293.15,238.111,293.15,238.129,293.15,238.147,293.15,238.123,293.15,238.147,293.15,238.147,293.15,238.132,293.15,238.121,293.15,238.157,293.15,238.193,293.15,238.197,293.15,238.113,293.15,238.154,293.15,238.178,293.15,238.13,293.15,238.182,293.15,238.153,293.15,238.199,293.15,238.15,293.15,238.145,293.15,238.129,293.15,238.197,293.15,238.158,293.15,238.164,293.15,238.166,293.15,238.145,293.15,238.116,293.15,238.152,293.15,238.134,293.15,238.133,293.15,238.142,238.15,0,0,4.09706e-10,1.67213e-08
89,293.15,293.15,293.15,1.25056e-12,293.15,238.174,293.15,238.148,293.15,238.124,293.15,238.177,293.15,238.191,293.15,238.192,293.15,238.197,293.15,238.166,293.15,238.116,293.15,238.122,293.15,238.143,293.15,238.181,293.15,238.147,293.15,238.125,293.15,238.147,293.15,238.139,293.15,238.182,293.15,238.114,293.15,238.123,293.15,238.187,293.15,238.117,293.15,238.136,293.15,238.137,293.15,238.192,293.15,238.136,293.15,238.151,293.15,238.122,293.15,238.144,293.15,238.148,293.15,238.156,293.15,238.184,293.15,238.135,293.15,238.194,293.15,238.123,293.15,238.168,293.15,238.138,293.15,238.111,293.15,238.178,293.15,238.161,293.15,238.173,293.15,238.147,293.15,238.172,293.15,238.12,293.15,238.146,293.15,238.133,293.15,238.102,293.15,238.165,293.15,238.163,293.15,238.175,293.15,238.154,293.15,238.148,293.15,238.109,293.15,238.103,293.15,238.109,293.15,238.109,293.15,238.186,293.15,238.111,293.15,238.189,293.15,238.177,293.15,238.165,293.15,238.111,293.15,238.129,293.15,238.147,293.15,238.123,293.15,238.147,293.15,238.147,293.15,238.132,293.15,238.121,293.15,238.157,293.15,238.193,293.15,238.197,293.15,238.113,293.15,238.154,293.15,238.178,293.15,238.13,293.15,238.182,293.15,238.153,293.15,238.199,293.15,238.15,293.15,238.145,293.15,238.129,293.15,238.197,293.15,238.158,293.15,238.164,293.15,238.166,293.15,238.145,293.15,238.116,293.15,238.152,293.15,238.134,293.15,238.133,293.15,238.142,238.15,0,0,4.14301e-10,1.68097e-08
90,293.15,293.15,293.15,1.42109e-12,293.15,238.174,293.15,238.148,293.15,238.124,293.15,238.177,293.15,238.191,293.15,238.192,293.15,238.197,293.15,238.166,293.15,238.116,293.15,238.122,293.15,238.143,293.15,238.181,293.15,238.147,293.15,238.125,293.15,238.147,293.15,238.139,293.15,238.182,293.15,238.114,293.15,238.123,293.15,238.187,293.15,238.117,293.15,238.136,293.15,238.137,293.15,238.192,293.15,238.136,293.15,238.151,293.15,238.122,293.15,238.144,293.15,238.148,293.15,238.156,293.15,238.184,293.15,238.135,293.15,238.194,293.15,238.123,293.15,238.168,293.15,238.138,293.15,238.111,293.15,238.178,293.15,238.161,293.15,238.173,293.15,238.147,293.15,238.172,293.15,238.12,293.15,238.146,293.15,238.133,293.15,238.102,293.15,238.165,293.15,238.163,293.15,238.175,293.15,238.154,293.15,238.148,293.15,238.109,293.15,238.103,293.15,238.109,293.15,238.109,293.15,238.186,293.15,238.111,293.15,238.189,293.15,238.177,293.15,238.165,293.15,238.111,293.15,238.129,293.15,238.147,293.15,238.123,293.15,238.147,293.15,238.147,293.15,238.132,293.15,238.121,293.15,238.157,293.15,238.193,293.15,238.197,293.15,238.113,293.15,238.154,293.15,238.178,293.15,238.13,293.15,238.182,293.15,238.153,293.15,238.199,293.15,238.15,293.15,238.145,293.15,238.129,293.15,238.197,293.15,238.158,293.15,238.164,293.15,238.166,293.15,238.145,293.15,238.116,293.15,238.152,293.15,238.134,293.15,238.133,293.15,238.142,238.15,0,0,4.1888e-10,1.67919e-08
91,293.15,293.15,293.15,1.19371e-12,293.15,238.174,293.15,238.148,293.15,238.124,293.15,238.177,293.15,238.191,293.15,238.192,293.15,238.197,293.15,238.166,293.15,238.116,293.15,238.122,293.15,238.143,293.15,238.181,293.15,238.147,293.15,238.125,293.15,238.147,293.15,238.139,293.15,238.182,293.15,238.114,293.15,238.123,293.15,238.187,293.15,238.117,293.15,238.136,293.15,238.137,293.15,238.192,293.15,238.136,293.15,238.151,293.15,238.122,293.15,238.144,293.15,238.148,293.15,238.156,293.15,238.184,293.15,238.135,293.15,238.194,293.15,238.123,293.15,238.168,293.15,238.138,293.15,238.111,293.15,238.178,293.15,238.161,293.15,238.173,293.15,238.147,293.15,238.172,293.15,238.12,293.15,238.146,293.15,238.133,293.15,238.102,293.15,238.165,293.15,238.163,293.15,238.175,293.15,238.154,293.15,238.148,293.15,238.109,293.15,238.103,293.15,238.109,293.15,238.109,293.15,238.186,293.15,238.111,293.15,238.189,293.15,238.177,293.15,238.165,293.15,238.111,293.15,238.129,293.15,238.147,293.15,238.123,293.15,238.147,293.15,238.147,293.15,238.132,293.15,238.121,293.15,238.157,293.15,238.193,293.15,238.197,293.15,238.113,293.15,238.154,293.15,238.178,293.15,238.13,293.15,238.182,293.15,238.153,293.15,238.199,293.15,238.15,293.15,238.145,293.15,238.129,293.15,238.197,293.15,238.158,293.15,238.164,293.15,238.166,293.15,238.145,293.15,238.116,293.15,238.152,293.15,238.134,293.15,238.133,293.15,238.142,238.15,0,0,4.23471e-10,1.65946e-08
92,293.15,293.15,293.15,1.3074e-12,293.15,238.174,293.15,238.148,293.15,238.124,293.15,238.177,293.15,238.191,293.15,238.192,293.15,238.197,293.15,238.166,293.15,238.116,293.15,238.122,293.15,238.143,293.15,238.181,293.15,238.147,293.15,238.125,293.15,238.147,293.15,238.139,293.15,238.182,293.15,238.114,293.15,238.123,293.15,238.187,293.15,238.117,293.15,238.136,293.15,238.137,293.15,238.192,293.15,238.136,293.15,238.151,293.15,238.122,293.15,238.144,293.15,238.148,293.15,238.156,293.15,238.184,293.15,238.135,293.15,238.194,293.15,238.123,293.15,238.168,293.15,238.138,293.15,238.111,293.15,238.178,293.15,238.161,293.15,238.173,293.15,238.147,293.15,238.172,293.15,238.12,293.15,238.146,293.15,238.133,293.15,238.102,293.15,238.165,293.15,238.163,293.15,238.175,293.15,238.154,293.15,238.148,293.15,238.109,293.15,238.103,293.15,238.109,293.15,238.109,293.15,238.186,293.15,238.111,293.15,238.189,293.15,238.177,293.15,238.165,293.15,238.111,293.15,238.129,293.15,238.147,293.15,238.123,293.15,238.147,293.15,238.147,293.15,238.132,293.15,238.121,293.15,238.157,293.15,238.193,293.15,238.197,293.15,238.113,293.15,238.154,293.15,238.178,293.15,238.13,293.15,238.182,293.15,238.153,293.15,238.199,293.15,238.15,293.15,238.145,293.15,238.129,293.15,238.197,293.15,238.158,293.15,238.164,293.15,238.166,293.15,238.145,293.15,238.116,293.15,238.152,293.15,238.134,293.15,238.133,293.15,238.142,238.15,0,0,4.28089e-10,1.68172e-08
93,293.15,293.15,293.15,1.13687e-12,293.15,238.174,293.15,238.148,293.15,238.124,293.15,238.177,293.15,238.191,293.15,238.192,293.15,238.197,293.15,238.166,293.15,238.116,293.15,238.122,293.15,238.143,293.15,238.181,293.15,238.147,293.15,238.125,293.15,238.147,293.15,238.139,293.15,238.182,293.15,238.114,293.15,238.123,293.15,238.187,293.15,238.117,293.15,238.136,293.15,238.137,293.15,238.192,293.15,238.136,293.15,238.151,293.15,238.122,293.15,238.144,293.15,238.148,293.15,238.156,293.15,238.184,293.15,238.135,293.15,238.194,293.15,238.123,293.15,238.168,293.15,238.138,293.15,238.111,293.15,238.178,293.15,238.161,293.15,238.173,293.15,238.147,293.15,238.172,293.15,238.12,293.15,238.146,293.15,238.133,293.15,238.102,293.15,238.165,293.15,238.163,293.15,238.175,293.15,238.154,293.15,238.148,293.15,238.109,293.15,238.103,293.15,238.109,293.15,238.109,293.15,238.186,293.15,238.111,293.15,238.189,293.15,238.177,293.15,238.165,293.15,238.111,293.15,238.129,293.15,238.147,293.15,238.123,293.15,238.147,293.15,238.147,293.15,238.132,293.15,238.121,293.15,238.157,293.15,238.193,293.15,238.197,293.15,238.113,293.15,238.154,293.15,238.178,293.15,238.13,293.15,238.182,293.15,238.153,293.15,238.199,293.15,238.15,293.15,238.145,293.15,238.129,293.15,238.197,293.15,238.158,293.15,238.164,293.15,238.166,293.15,238.145,293.15,238.116,293.15,238.152,293.15,238.134,293.15,238.133,293.15,238.142,238.15,0,0,4.32639e-10,1.66097e-08
94,293.15,293.15,293.15,1.19371e-12,293.15,238.174,293.15,238.148,293.15,238.124,293.15,238.177,293.15,238.191,293.15,238.192,293.15,238.197,293.15,238.166,293.15,238.116,293.15,238.122,293.15,238.143,293.15,238.181,293.15,238.147,293.15,238.125,293.15,238.147,293.15,238.139,293.15,238.182,293.15,238.114,293.15,238.123,293.15,238.187,293.15,238.117,293.15,238.136,293.15,238.137,293.15,238.192,293.15,238.136,293.15,238.151,293.15,238.122,293.15,238.144,293.15,238.148,293.15,238.156,293.15,238.184,293.15,238.135,293.15,238.194,293.15,238.123,293.15,238.168,293.15,238.138,293.15,238.111,293.15,238.178,293.15,238.161,293.15,238.173,293.15,238.147,293.15,238.172,293.15,238.12,293.15,238.146,293.15,238.133,293.15,238.102,293.15,238.165,293.15,238.163,293.15,238.175,293.15,238.154,293.15,238.148,293.15,238.109,293.15,238.103,293.15,238.109,293.15,238.109,293.15,238.186,293.15,238.111,293.15,238.189,293.15,238.177,293.15,238.165,293.15,238.111,293.15,238.129,293.15,238.147,293.15,238.123,293.15,238.147,293.15,238.147,293.15,238.132,293.15,238.121,293.15,238.157,293.15,238.193,293.15,238.197,293.15,238.113,293.15,238.154,293.15,238.178,293.15,238.13,293.15,238.182,293.15,238.153,293.15,238.199,293.15,238.15,293.15,238.145,293.15,238.129,293.15,238.197,293.15,238.158,293.15,238.164,293.15,238.166,293.15,238.145,293.15,238.116,293.15,238.152,293.15,238.134,293.15,238.133,293.15,238.142,238.15,0,0,4.37232e-10,1.6663e-08
95,293.15,293.15,293.15,1.19371e-12,293.15,238.174,293.15,238.148,293.15,238.124,293.15,238.177,293.15,238.191,293.15,238.192,293.15,238.197,293.15,238.166,293.15,238.116,293.15,238.122,293.15,238.143,293.15,238.181,293.15,238.147,293.15,238.125,293.15,238.147,293.15,238.139,293.15,238.182,293.15,238.114,293.15,238.123,293.15,238.187,293.15,238.117,293.15,238.136,293.15,238.137,293.15,238.192,293.15,238.136,293.15,238.151,293.15,238.122,293.15,238.144,293.15,238.148,293.15,238.156,293.15,238.184,293.15,238.135,293.15,238.194,293.15,238.123,293.15,238.168,293.15,238.138,293.15,238.111,293.15,238.178,293.15,238.161,293.15,238.173,293.15,238.147,293.15,238.172,293.15,238.12,293.15,238.146,293.15,238.133,293.15,238.102,293.15,238.165,293.15,238.163,293.15,238.175,293.15,238.154,293.15,238.148,293.15,238.109,293.15,238.103,293.15,238.109,293.15,238.109,293.15,238.186,293.15,238.111,293.15,238.189,293.15,238.177,293.15,238.165,293.15,238.111,293.15,238.129,293.15,238.147,293.15,238.123,293.15,238.147,293.15,238.147,293.15,238.132,293.15,238.121,293.15,238.157,293.15,238.193,293.15,238.197,293.15,238.113,293.15,238.154,293.15,238.178,293.15,238.13,293.15,238.182,293.15,238.153,293.15,238.199,293.15,238.15,293.15,238.145,293.15,238.129,293.15,238.197,293.15,238.158,293.15,238.164,293.15,238.166,293.15,238.145,293.15,238.116,293.15,238.152,293.15,238.134,293.15,238.133,293.15,238.142,238.15,0,0,4.41777e-10,1.66734e-08
96,293.15,293.15,293.15,1.25056e-12,293.15,238.174,293.15,238.148,293.15,238.124,293.15,238.177,293.15,238.191,293.15,238.192,293.15,238.197,293.15,238.166,293.15,238.116,293.15,238.122,293.15,238.143,293.15,238.181,293.15,238.147,293.15,238.125,293.15,238.147,293.15,238.139,293.15,238.182,293.15,238.114,293.15,238.123,293.15,238.187,293.15,238.117,293.15,238.136,293.15,238.137,293.15,238.192,293.15,238.136,293.15,238.151,293.15,238.122,293.15,238.144,293.15,238.148,293.15,238.156,293.15,238.184,293.15,238.135,293.15,238.194,293.15,238.123,293.15,238.168,293.15,238.138,293.15,238.111,293.15,238.178,293.15,238.161,293.15,238.173,293.15,238.147,293.15,238.172,293.15,238.12,293.15,238.146,293.15,238.133,293.15,238.102,293.15,238.165,293.15,238.163,293.15,238.175,293.15,238.154,293.15,238.148,293.15,238.109,293.15,238.103,293.15,238.109,293.15,238.109,293.15,238.186,293.15,238.111,293.15,238.189,293.15,238.177,293.15,238.165,293.15,238.111,293.15,238.129,293.15,238.147,293.15,238.123,293.15,238.147,293.15,238.147,293.15,238.132,293.15,238.121,293.15,238.157,293.15,238.193,293.15,238.197,293.15,238.113,293.15,238.154,293.15,238.178,293.15,238.13,293.15,238.182,293.15,238.153,293.15,238.199,293.15,238.15,293.15,238.145,293.15,238.129,293.15,238.197,293.15,238.158,293.15,238.164,293.15,238.166,293.15,238.145,293.15,238.116,293.15,238.152,293.15,238.134,293.15,238.133,293.15,238.142,238.15,0,0,4.46324e-10,1.67945e-08
97,293.15,293.15,293.15,1.25056e-12,293.15,238.174,293.15,238.148,293.15,238.124,293.15,238.177,293.15,238.191,293.15,238.192,293.15,238.197,293.15,238.166,293.15,238.116,293.15,238.122,293.15,238.143,293.15,238.181,293.15,238.147,293.15,238.125,293.15,238.147,293.15,238.139,293.15,238.182,293.15,238.114,293.15,238.123,293.15,238.187,293.15,238.117,293.15,238.136,293.15,238.137,293.15,238.192,293.15,238.136,293.15,238.151,293.15,238.122,293.15,238.144,293.15,238.148,293.15,238.156,293.15,238.184,293.15,238.135,293.15,238.194,293.15,238.123,293.15,238.168,293.15,238.138,293.15,238.111,293.15,238.178,293.15,238.161,293.15,238.173,293.15,238.147,293.15,238.172,293.15,238.12,293.15,238.146,293.15,238.133,293.15,238.102,293.15,238.165,293.15,238.163,293.15,238.175,293.15,238.154,293.15,238.148,293.15,238.109,293.15,238.103,293.15,238.109,293.15,238.109,293.15,238.186,293.15,238.111,293.15,238.189,293.15,238.177,293.15,238.165,293.15,238.111,293.15,238.129,293.15,238.147,293.15,238.123,293.15,238.147,293.15,238.147,293.15,238.132,293.15,238.121,293.15,238.157,293.15,238.193,293.15,238.197,293.15,238.113,293.15,238.154,293.15,238.178,293.15,238.13,293.15,238.182,293.15,238.153,293.15,238.199,293.15,238.15,293.15,238.145,293.15,238.129,293.15,238.197,293.15,238.158,293.15,238.164,293.15,238.166,293.15,238.145,293.15,238.116,293.15,238.152,293.15,238.134,293.15,238.133,293.15,238.142,238.15,0,0,4.50874e-10,1.67512e-08
98,293.15,293.15,293.15,1.19371e-12,293.15,238.174,293.15,238.148,293.15,238.124,293.15,238.177,293.15,238.191,293.15,238.192,293.15,238.197,293.15,238.166,293.15,238.116,293.15,238.122,293.15,238.143,293.15,238.181,293.15,238.147,293.15,238.125,293.15,238.147,293.15,238.139,293.15,238.182,293.15,238.114,293.15,238.123,293.15,238.187,293.15,238.117,293.15,238.136,293.15,238.137,293.15,238.192,293.15,238.136,293.15,238.151,293.15,238.122,293.15,238.144,293.15,238.148,293.15,238.156,293.15,238.184,293.15,238.135,293.15,238.194,293.15,238.123,293.15,238.168,293.15,238.138,293.15,238.111,293.15,238.178,293.15,238.161,293.15,238.173,293.15,238.147,293.15,238.172,293.15,238.12,293.15,238.146,293.15,238.133,293.15,238.102,293.15,238.165,293.15,238.163,293.15,238.175,293.15,238.154,293.15,238.148,293.15,238.109,293.15,238.103,293.15,238.109,293.15,238.109,293.15,238.186,293.15,238.111,293.15,238.189,293.15,238.177,293.15,238.165,293.15,238.111,293.15,238.129,293.15,238.147,293.15,238.123,293.15,238.147,293.15,238.147,293.15,238.132,293.15,238.121,293.15,238.157,293.15,238.193,293.15,238.197,293.15,238.113,293.15,238.154,293.15,238.178,293.15,238.13,293.15,238.182,293.15,238.153,293.15,238.199,293.15,238.15,293.15,238.145,293.15,238.129,293.15,238.197,293.15,238.158,293.15,238.164,293.15,238.166,293.15,238.145,293.15,238.116,293.15,238.152,293.15,238.134,293.15,238.133,293.15,238.142,238.15,0,0,4.55423e-10,1.69022e-08
99,293.15,293.15,293.15,1.3074e-12,293.15,238.174,293.15,238.148,293.15,238.124,293.15,238.177,293.15,238.191,293.15,238.192,293.15,238.197,293.15,238.166,293.15,238.116,293.15,238.122,293.15,238.143,293.15,238.181,293.15,238.147,293.15,238.125,293.15,238.147,293.15,238.139,293.15,238.182,293.15,238.114,293.15,238.123,293.15,238.187,293.15,238.117,293.15,238.136,293.15,238.137,293.15,238.192,293.15,238.136,293.15,238.151,293.15,238.122,293.15,238.144,293.15,238.148,293.15,238.156,293.15,238.184,293.15,238.135,293.15,238.194,293.15,238.123,293.15,238.168,293.15,238.138,293.15,238.111,293.15,238.178,293.15,238.161,293.15,238.173,293.15,238.147,293.15,238.172,293.15,238.12,293.15,238.146,293.15,238.133,293.15,238.102,293.15,238.165,293.15,238.163,293.15,238.175,293.15,238.154,293.15,238.148,293.15,238.109,293.15,238.103,293.15,238.109,293.15,238.109,293.15,238.186,293.15,238.111,293.15,238.189,293.15,238.177,293.15,238.165,293.15,238.111,293.15,238.129,293.15,238.147,293.15,238.123,293.15,238.147,293.15,238.147,293.15,238.132,293.15,238.121,293.15,238.157,293.15,238.193,293.15,238.197,293.15,238.113,293.15,238.154,293.15,238.178,293.15,238.13,293.15,238.182,293.15,238.153,293.15,238.199,293.15,238.15,293.15,238.145,293.15,238.129,293.15,238.197,293.15,238.158,293.15,238.164,293.15,238.166,293.15,238.145,293.15,238.116,293.15,238.152,293.15,238.134,293.15,238.133,293.15,238.142,238.15,0,0,4.59981e-10,1.68762e-08
100,293.15,293.15,293.15,1.3074e-12,293.15,238.174,293.15,238.148,293.15,238.124,293.15,238.177,293.15,238.191,293.15,238.192,293.15,238.197,293.15,238.166,293.15,238.116,293.15,238.122,293.15,238.143,293.15,238.181,293.15,238.147,293.15,238.125,293.15,238.147,293.15,238.139,293.15,238.182,293.15,238.114,293.15,238.123,293.15,238.187,293.15,238.117,293.15,238.136,293.15,238.137,293.15,238.192,293.15,238.136,293.15,238.151,293.15,238.122,293.15,238.144,293.15,238.148,293.15,238.156,293.15,238.184,293.15,238.135,293.15,238.194,293.15,238.123,293.15,238.168,293.15,238.138,293.15,238.111,293.15,238.178,293.15,238.161,293.15,238.173,293.15,238.147,293.15,238.172,293.15,238.12,293.15,238.146,293.15,238.133,293.15,238.102,293.15,238.165,293.15,238.163,293.15,238.175,293.15,238.154,293.15,238.148,293.15,238.109,293.15,238.103,293.15,238.109,293.15,238.109,293.15,238.186,293.15,238.111,293.15,238.189,293.15,238.177,293.15,238.165,293.15,238.111,293.15,238.129,293.15,238.147,293.15,238.123,293.15,238.147,293.15,238.147,293.15,238.132,293.15,238.121,293.15,238.157,293.15,238.193,293.15,238.197,293.15,238.113,293.15,238.154,293.15,238.178,293.15,238.13,293.15,238.182,293.15,238.153,293.15,238.199,293.15,238.15,293.15,238.145,293.15,238.129,293.15,238.197,293.15,238.158,293.15,238.164,293.15,238.166,293.15,238.145,293.15,238.116,293.15,238.152,293.15,238.134,293.15,238.133,293.15,238.142,238.15,0,0,4.64564e-10,1.6898e-08
101,293.15,293.15,293.15,1.25056e-12,293.15,238.174,293.15,238.148,293.15,238.124,293.15,238.177,293.15,238.191,293.15,238.192,293.15,238.197,293.15,238.166,293.15,238.116,293.15,238.122,293.15,238.143,293.15,238.181,293.15,238.147,293.15,238.125,293.15,238.147,293.15,238.139,293.15,238.182,293.15,238.114,293.15,238.123,293.15,238.187,293.15,238.117,293.15,238.136,293.15,238.137,293.15,238.192,293.15,238.136,293.15,238.151,293.15,238.122,293.15,238.144,293.15,238.148,293.15,238.156,293.15,238.184,293.15,238.135,293.15,238.194,293.15,238.123,293.15,238.168,293.15,238.138,293.15,238.111,293.15,238.178,293.15,238.161,293.15,238.173,293.15,238.147,293.15,238.172,293.15,238.12,293.15,238.146,293.15,238.133,293.15,238.102,293.15,238.165,293.15,238.163,293.15,238.175,293.15,238.154,293.15,238.148,293.15,238.109,293.15,238.103,293.15,238.109,293.15,238.109,293.15,238.186,293.15,238.111,293.15,238.189,293.15,238.177,293.15,238.165,293.15,238.111,293.15,238.129,293.15,238.147,293.15,238.123,293.15,238.147,293.15,238.147,293.15,238.132,293.15,238.121,293.15,238.157,293.15,238.193,293.15,238.197,293.15,238.113,293.15,238.154,293.15,238.178,293.15,238.13,293.15,238.182,293.15,238.153,293.15,238.199,293.15,238.15,293.15,238.145,293.15,238.129,293.15,238.197,293.15,238.158,293.15,238.164,293.15,238.166,293.15,238.145,293.15,238.116,293.15,238.152,293.15,238.134,293.15,238.133,293.15,238.142,238.15,0,0,4.69125e-10,1.67581e-08
102,293.15,293.15,293.15,1.25056e-12,293.15,238.174,293.15,238.148,293.15,238.124,293.15,238.177,293.15,238.191,293.15,238.192,293.15,238.197,293.15,238.166,293.15,238.116,293.15,238.122,293.15,238.143,293.15,238.181,293.15,238.147,293.15,238.125,293.15,238.147,293.15,238.139,293.15,238.182,293.15,238.114,293.15,238.123,293.15,238.187,293.15,238.117,293.15,238.136,293.15,238.137,293.15,238.192,293.15,238.136,293.15,238.151,293.15,238.122,293.15,238.144,293.15,238.148,293.15,238.156,293.15,238.184,293.15,238.135,293.15,238.194,293.15,238.123,293.15,238.168,293.15,238.138,293.15,238.111,293.15,238.178,293.15,238.161,293.15,238.173,293.15,238.147,293.15,238.172,293.15,238.12,293.15,238.146,293.15,238.133,293.15,238.102,293.15,238.165,293.15,238.163,293.15,238.175,293.15,238.154,293.15,238.148,293.15,238.109,293.15,238.103,293.15,238.109,293.15,238.109,293.15,238.186,293.15,238.111,293.15,238.189,293.15,238.177,293.15,238.165,293.15,238.111,293.15,238.129,293.15,238.147,293.15,238.123,293.15,238.147,293.15,238.147,293.15,238.132,293.15,238.121,293.15,238.157,293.15,238.193,293.15,238.197,293.15,238.113,293.15,238.154,293.15,238.178,293.15,238.13,293.15,238.182,293.15,238.153,293.15,238.199,293.15,238.15,293.15,238.145,293.15,238.129,293.15,238.197,293.15,238.158,293.15,238.164,293.15,238.166,293.15,238.145,293.15,238.116,293.15,238.152,293.15,238.134,293.15,238.133,293.15,238.142,238.15,0,0,4.737e-10,1.68267e-08
103,293.15,293.15,293.15,1.42109e-12,293.15,238.174,293.15,238.148,293.15,238.124,293.15,238.177,293.15,238.191,293.15,238.192,293.15,238.197,293.15,238.166,293.15,238.116,293.15,238.122,293.15,238.143,293.15,238.181,293.15,238.147,293.15,238.125,293.15,238.147,293.15,238.139,293.15,238.182,293.15,238.114,293.15,238.123,293.15,238.187,293.15,238.117,293.15,238.136,293.15,238.137,293.15,238.192,293.15,238.136,293.15,238.151,293.15,238.122,293.15,238.144,293.15,238.148,293.15,238.156,293.15,238.184,293.15,238.135,293.15,238.194,293.15,238.123,293.15,238.168,293.15,238.138,293.15,238.111,293.15,238.178,293.15,238.161,293.15,238.173,293.15,238.147,293.15,238.172,293.15,238.12,293.15,238.146,293.15,238.133,293.15,238.102,293.15,238.165,293.15,238.163,293.15,238.175,293.15,238.154,293.15,238.148,293.15,238.109,293.15,238.103,293.15,238.109,293.15,238.109,293.15,238.186,293.15,238.111,293.15,238.189,293.15,238.177,293.15,238.165,293.15,238.111,293.15,238.129,293.15,238.147,293.15,238.123,293.15,238.147,293.15,238.147,293.15,238.132,293.15,238.121,293.15,238.157,293.15,238.193,293.15,238.197,293.15,238.113,293.15,238.154,293.15,238.178,293.15,238.13,293.15,238.182,293.15,238.153,293.15,238.199,293.15,238.15,293.15,238.145,293.15,238.129,293.15,238.197,293.15,238.158,293.15,238.164,293.15,238.166,293.15,238.145,293.15,238.116,293.15,238.152,293.15,238.134,293.15,238.133,293.15,238.142,238.15,0,0,4.78253e-10,1.68434e-08
104,293.15,293.15,293.15,1.42109e-12,293.15,238.174,293.15,238.148,293.15,238.124,293.15,238.177,293.15,238.191,293.15,238.192,293.15,238.197,293.15,238.166,293.15,238.116,293.15,238.122,293.15,238.143,293.15,238.181,293.15,238.147,293.15,238.125,293.15,238.147,293.15,238.139,293.15,238.182,293.15,238.114,293.15,238.123,293.15,238.187,293.15,238.117,293.15,238.136,293.15,238.137,293.15,238.192,293.15,238.136,293.15,238.151,293.15,238.122,293.15,238.144,293.15,238.148,293.15,238.156,293.15,238.184,293.15,238.135,293.15,238.194,293.15,238.123,293.15,238.168,293.15,238.138,293.15,238.111,293.15,238.178,293.15,238.161,293.15,238.173,293.15,238.147,293.15,238.172,293.15,238.12,293.15,238.146,293.15,238.133,293.15,238.102,293.15,238.165,293.15,238.163,293.15,238.175,293.15,238.154,293.15,238.148,293.15,238.109,293.15,238.103,293.15,238.109,293.15,238.109,293.15,238.186,293.15,238.111,293.15,238.189,293.15,238.177,293.15,238.165,293.15,238.111,293.15,238.129,293.15,238.147,293.15,238.123,293.15,238.147,293.15,238.147,293.15,238.132,293.15,238.121,293.15,238.157,293.15,238.193,293.15,238.197,293.15,238.113,293.15,238.154,293.15,238.178,293.15,238.13,293.15,238.182,293.15,238.153,293.15,238.199,293.15,238.15,293.15,238.145,293.15,238.129,293.15,238.197,293.15,238.158,293.15,238.164,293.15,238.166,293.15,238.145,293.15,238.116,293.15,238.152,293.15,238.134,293.15,238.133,293.15,238.142,238.15,0,0,4.82809e-10,1.69477e-08
105,293.15,293.15,293.15,1.42109e-12,293.15,238.174,293.15,238.148,293.15,238.124,293.15,238.177,293.15,238.191,293.15,238.192,293.15,238.197,293.15,238.166,293.15,238.116,293.15,238.122,293.15,238.143,293.15,238.181,293.15,238.147,293.15,238.125,293.15,238.147,293.15,238.139,293.15,238.182,293.15,238.114,293.15,238.123,293.15,238.187,293.15,238.117,293.15,238.136,293.15,238.137,293.15,238.192,293.15,238.136,293.15,238.151,293.15,238.122,293.15,238.144,293.15,238.148,293.15,238.156,293.15,238.184,293.15,238.135,293.15,238.194,293.15,238.123,293.15,238.168,293.15,238.138,293.15,238.111,293.15,238.178,293.15,238.161,293.15,238.173,293.15,238.147,293.15,238.172,293.15,238.12,293.15,238.146,293.15,238.133,293.15,238.102,293.15,238.165,293.15,238.163,293.15,238.175,293.15,238.154,293.15,238.148,293.15,238.109,293.15,238.103,293.15,238.109,293.15,238.109,293.15,238.186,293.15,238.111,293.15,238.189,293.15,238.177,293.15,238.165,293.15,238.111,293.15,238.129,293.15,238.147,293.15,238.123,293.15,238.147,293.15,238.147,293.15,238.132,293.15,238.121,293.15,238.157,293.15,238.193,293.15,238.197,293.15,238.113,293.15,238.154,293.15,238.178,293.15,238.13,293.15,238.182,293.15,238.153,293.15,238.199,293.15,238.15,293.15,238.145,293.15,238.129,293.15,238.197,293.15,238.158,293.15,238.164,293.15,238.166,293.15,238.145,293.15,238.116,293.15,238.152,293.15,238.134,293.15,238.133,293.15,238.142,238.15,0,0,4.87377e-10,1.70191e-08
106,293.15,293.15,293.15,1.36424e-12,293.15,238.174,293.15,238.148,293.15,238.124,293.15,238.177,293.15,238.191,293.15,238.192,293.15,238.197,293.15,238.166,293.15,238.116,293.15,238.122,293.15,238.143,293.15,238.181,293.15,238.147,293.15,238.125,293.15,238.147,293.15,238.139,293.15,238.182,293.15,238.114,293.15,238.123,293.15,238.187,293.15,238.117,293.15,238.136,293.15,238.137,293.15,238.192,293.15,238.136,293.15,238.151,293.15,238.122,293.15,238.144,293.15,238.148,293.15,238.156,293.15,238.184,293.15,238.135,293.15,238.194,293.15,238.123,293.15,238.168,293.15,238.138,293.15,238.111,293.15,238.178,293.15,238.161,293.15,238.173,293.15,238.147,293.15,238.172,293.15,238.12,293.15,238.146,293.15,238.133,293.15,238.102,293.15,238.165,293.15,238.163,293.15,238.175,293.15,238.154,293.15,238.148,293.15,238.109,293.15,238.103,293.15,238.109,293.15,238.109,293.15,238.186,293.15,238.111,293.15,238.189,293.15,238.177,293.15,238.165,293.15,238.111,293.15,238.129,293.15,238.147,293.15,238.123,293.15,238.147,293.15,238.147,293.15,238.132,293.15,238.121,293.15,238.157,293.15,238.193,293.15,238.197,293.15,238.113,293.15,238.154,293.15,238.178,293.15,238.13,293.15,238.182,293.15,238.153,293.15,238.199,293.15,238.15,293.15,238.145,293.15,238.129,293.15,238.197,293.15,238.158,293.15,238.164,293.15,238.166,293.15,238.145,293.15,238.116,293.15,238.152,293.15,238.134,293.15,238.133,293.15,238.142,238.15,0,0,4.91956e-10,1.69889e-08
107,293.15,293.15,293.15,1.42109e-12,293.15,238.174,293.15,238.148,293.15,238.124,293.15,238.177,293.15,238.191,293.15,238.192,293.15,238.197,293.15,238.166,293.15,238.116,293.15,238.122,293.15,238.143,293.15,238.181,293.15,238.147,293.15,238.125,293.15,238.147,293.15,238.139,293.15,238.182,293.15,238.114,293.15,238.123,293.15,238.187,293.15,238.117,293.15,238.136,293.15,238.137,293.15,238.192,293.15,238.136,293.15,238.151,293.15,238.122,293.15,238.144,293.15,238.148,293.15,238.156,293.15,238.184,293.15,238.135,293.15,238.194,293.15,238.123,293.15,238.168,293.15,238.138,293.15,238.111,293.15,238.178,293.15,238.161,293.15,238.173,293.15,238.147,293.15,238.172,293.15,238.12,293.15,238.146,293.15,238.133,293.15,238.102,293.15,238.165,293.15,238.163,293.15,238.175,293.15,238.154,293.15,238.148,293.15,238.109,293.15,238.103,293.15,238.109,293.15,238.109,293.15,238.186,293.15,238.111,293.15,238.189,293.15,238.177,293.15,238.165,293.15,238.111,293.15,238.129,293.15,238.147,293.15,238.123,293.15,238.147,293.15,238.147,293.15,238.132,293.15,238.121,293.15,238.157,293.15,238.193,293.15,238.197,293.15,238.113,293.15,238.154,293.15,238.178,293.15,238.13,293.15,238.182,293.15,238.153,293.15,238.199,293.15,238.15,293.15,238.145,293.15,238.129,293.15,238.197,293.15,238.158,293.15,238.164,293.15,238.166,293.15,238.145,293.15,238.116,293.15,238.152,293.15,238.134,293.15,238.133,293.15,238.142,238.15,0,0,4.96535e-10,1.69725e-08
108,293.15,293.15,293.15,1.36424e-12,293.15,238.174,293.15,238.148,293.15,238.124,293.15,238.177,293.15,238.191,293.15,238.192,293.15,238.197,293.15,238.166,293.15,238.116,293.15,238.122,293.15,238.143,293.15,238.181,293.15,238.147,293.15,238.125,293.15,238.147,293.15,238.139,293.15,238.182,293.15,238.114,293.15,238.123,293.15,238.187,293.15,238.117,293.15,238.136,293.15,238.137,293.15,238.192,293.15,238.136,293.15,238.151,293.15,238.122,293.15,238.144,293.15,238.148,293.15,238.156,293.15,238.184,293.15,238.135,293.15,238.194,293.15,238.123,293.15,238.168,293.15,238.138,293.15,238.111,293.15,238.178,293.15,238.161,293.15,238.173,293.15,238.147,293.15,238.172,293.15,238.12,293.15,238.146,293.15,238.133,293.15,238.102,293.15,238.165,293.15,238.163,293.15,238.175,293.15,238.154,293.15,238.148,293.15,238.109,293.15,238.103,293.15,238.109,293.15,238.109,293.15,238.186,293.15,238.111,293.15,238.189,293.15,238.177,293.15,238.165,293.15,238.111,293.15,238.129,293.15,238.147,293.15,238.123,293.15,238.147,293.15,238.147,293.15,238.132,293.15,238.121,293.15,238.157,293.15,238.193,293.15,238.197,293.15,238.113,293.15,238.154,293.15,238.178,293.15,238.13,293.15,238.182,293.15,238.153,293.15,238.199,293.15,238.15,293.15,238.145,293.15,238.129,293.15,238.197,293.15,238.158,293.15,238.164,293.15,238.166,293.15,238.145,293.15,238.116,293.15,238.152,293.15,238.134,293.15,238.133,293.15,238.142,238.15,0,0,5.01106e-10,1.69829e-08
109,293.15,293.15,293.15,1.13687e-12,293.15,238.174,293.15,238.148,293.15,238.124,293.15,238.177,293.15,238.191,293.15,238.192,293.15,238.197,293.15,238.166,293.15,238.116,293.15,238.122,293.15,238.143,293.15,238.181,293.15,238.147,293.15,238.125,293.15,238.147,293.15,238.139,293.15,238.182,293.15,238.114,293.15,238.123,293.15,238.187,293.15,238.117,293.15,238.136,293.15,238.137,293.15,238.192,293.15,238.136,293.15,238.151,293.15,238.122,293.15,238.144,293.15,238.148,293.15,238.156,293.15,238.184,293.15,238.135,293.15,238.194,293.15,238.123,293.15,238.168,293.15,238.138,293.15,238.111,293.15,238.178,293.15,238.161,293.15,238.173,293.15,238.147,293.15,238.172,293.15,238.12,293.15,238.146,293.15,238.133,293.15,238.102,293.15,238.165,293.15,238.163,293.15,238.175,293.15,238.154,293.15,238.148,293.15,238.109,293.15,238.103,293.15,238.109,293.15,238.109,293.15,238.186,293.15,238.111,293.15,238.189,293.15,238.177,293.15,238.165,293.15,238.111,293.15,238.129,293.15,238.147,293.15,238.123,293.15,238.147,293.15,238.147,293.15,238.132,293.15,238.121,293.15,238.157,293.15,238.193,293.15,238.197,293.15,238.113,293.15,238.154,293.15,238.178,293.15,238.13,293.15,238.182,293.15,238.153,293.15,238.199,293.15,238.15,293.15,238.145,293.15,238.129,293.15,238.197,293.15,238.158,293.15,238.164,293.15,238.166,293.15,238.145,293.15,238.116,293.15,238.152,293.15,238.134,293.15,238.133,293.15,238.142,238.15,0,0,5.05694e-10,1.69904e-08
110,293.15,293.15,293.15,1.36424e-12,293.15,238.174,293.15,238.148,293.15,238.124,293.15,238.177,293.15,238.191,293.15,238.192,293.15,238.197,293.15,238.166,293.15,238.116,293.15,238.122,293.15,238.143,293.15,238.181,293.15,238.147,293.15,238.125,293.15,238.147,293.15,238.139,293.15,238.182,293.15,238.114,293.15,238.123,293.15,238.187,293.15,238.117,293.15,238.136,293.15,238.137,293.15,238.192,293.15,238.136,293.15,238.151,293.15,238.122,293.15,238.144,293.15,238.148,293.15,238.156,293.15,238.184,293.15,238.135,293.15,238.194,293.15,238.123,293.15,238.168,293.15,238.138,293.15,238.111,293.15,238.178,293.15,238.161,293.15,238.173,293.15,238.147,293.15,238.172,293.15,238.12,293.15,238.146,293.15,238.133,293.15,238.102,293.15,238.165,293.15,238.163,293.15,238.175,293.15,238.154,293.15,238.148,293.15,238.109,293.15,238.103,293.15,238.109,293.15,238.109,293.15,238.186,293.15,238.111,293.15,238.189,293.15,238.177,293.15,238.165,293.15,238.111,293.15,238.129,293.15,238.147,293.15,238.123,293.15,238.147,293.15,238.147,293.15,238.132,293.15,238.121,293.15,238.157,293.15,238.193,293.15,238.197,293.15,238.113,293.15,238.154,293.15,238.178,293.15,238.13,293.15,238.182,293.15,238.153,293.15,238.199,293.15,238.15,293.15,238.145,293.15,238.129,293.15,238.197,293.15,238.158,293.15,238.164,293.15,238.166,293.15,238.145,293.15,238.116,293.15,238.152,293.15,238.134,293.15,238.133,293.15,238.142,238.15,0,0,5.10254e-10,1.70035e-08
111,293.15,293.15,293.15,1.3074e-12,293.15,238.174,293.15,238.148,293.15,238.124,293.15,238.177,293.15,238.191,293.15,238.192,293.15,238.197,293.15,238.166,293.15,238.116,293.15,238.122,293.15,238.143,293.15,238.181,293.15,238.147,293.15,238.125,293.15,238.147,293.15,238.139,293.15,238.182,293.15,238.114,293.15,238.123,293.15,238.187,293.15,238.117,293.15,238.136,293.15,238.137,293.15,238.192,293.15,238.136,293.15,238.151,293.15,238.122,293.15,238.144,293.15,238.148,293.15,238.156,293.15,238.184,293.15,238.135,293.15,238.194,293.15,238.123,293.15,238.168,293.15,238.138,293.15,238.111,293.15,238.178,293.15,238.161,293.15,238.173,293.15,238.147,293.15,238.172,293.15,238.12,293.15,238.146,293.15,238.133,293.15,238.102,293.15,238.165,293.15,238.163,293.15,238.175,293.15,238.154,293.15,238.148,293.15,238.109,293.15,238.103,293.15,238.109,293.15,238.109,293.15,238.186,293.15,238.111,293.15,238.189,293.15,238.177,293.15,238.165,293.15,238.111,293.15,238.129,293.15,238.147,293.15,238.123,293.15,238.147,293.15,238.147,293.15,238.132,293.15,238.121,293.15,238.157,293.15,238.193,293.15,238.197,293.15,238.113,293.15,238.154,293.15,238.178,293.15,238.13,293.15,238.182,293.15,238.153,293.15,238.199,293.15,238.15,293.15,238.145,293.15,238.129,293.15,238.197,293.15,238.158,293.15,238.164,293.15,238.166,293.15,238.145,293.15,238.116,293.15,238.152,293.15,238.134,293.15,238.133,293.15,238.142,238.15,0,0,5.14807e-10,1.69624e-08
112,293.15,293.15,293.15,1.36424e-12,293.15,238.174,293.15,238.148,293.15,238.124,293.15,238.177,293.15,238.191,293.15,238.192,293.15,238.197,293.15,238.166,293.15,238.116,293.15,238.122,293.15,238.143,293.15,238.181,293.15,238.147,293.15,238.125,293.15,238.147,293.15,238.139,293.15,238.182,293.15,238.114,293.15,238.123,293.15,238.187,293.15,238.117,293.15,238.136,293.15,238.137,293.15,238.192,293.15,238.136,293.15,238.151,293.15,238.122,293.15,238.144,293.15,238.148,293.15,238.156,293.15,238.184,293.15,238.135,293.15,238.194,293.15,238.123,293.15,238.168,293.15,238.138,293.15,238.111,293.15,238.178,293.15,238.161,293.15,238.173,293.15,238.147,293.15,238.172,293.15,238.12,293.15,238.146,293.15,238.133,293.15,238.102,293.15,238.165,293.15,238.163,293.15,238.175,293.15,238.154,293.15,238.148,293.15,238.109,293.15,238.103,293.15,238.109,293.15,238.109,293.15,238.186,293.15,238.111,293.15,238.189,293.15,238.177,293.15,238.165,293.15,238.111,293.15,238.129,293.15,238.147,293.15,238.123,293.15,238.147,293.15,238.147,293.15,238.132,293.15,238.121,293.15,238.157,293.15,238.193,293.15,238.197,293.15,238.113,293.15,238.154,293.15,238.178,293.15,238.13,293.15,238.182,293.15,238.153,293.15,238.199,293.15,238.15,293.15,238.145,293.15,238.129,293.15,238.197,293.15,238.158,293.15,238.164,293.15,238.166,293.15,238.145,293.15,238.116,293.15,238.152,293.15,238.134,293.15,238.133,293.15,238.142,238.15,0,0,5.1935e-10,1.70618e-08
113,293.15,293.15,293.15,1.36424e-12,293.15,238.174,293.15,238.148,293.15,238.124,293.15,238.177,293.15,238.191,293.15,238.192,293.15,238.197,293.15,238.166,293.15,238.116,293.15,238.122,293.15,238.143,293.15,238.181,293.15,238.147,293.15,238.125,293.15,238.147,293.15,238.139,293.15,238.182,293.15,238.114,293.15,238.123,293.15,238.187,293.15,238.117,293.15,238.136,293.15,238.137,293.15,238.192,293.15,238.136,293.15,238.151,293.15,238.122,293.15,238.144,293.15,238.148,293.15,238.156,293.15,238.184,293.15,238.135,293.15,238.194,293.15,238.123,293.15,238.168,293.15,238.138,293.15,238.111,293.15,238.178,293.15,238.161,293.15,238.173,293.15,238.147,293.15,238.172,293.15,238.12,293.15,238.146,293.15,238.133,293.15,238.102,293.15,238.165,293.15,238.163,293.15,238.175,293.15,238.154,293.15,238.148,293.15,238.109,293.15,238.103,293.15,238.109,293.15,238.109,293.15,238.186,293.15,238.111,293.15,238.189,293.15,238.177,293.15,238.165,293.15,238.111,293.15,238.129,293.15,238.147,293.15,238.123,293.15,238.147,293.15,238.147,293.15,238.132,293.15,238.121,293.15,238.157,293.15,238.193,293.15,238.197,293.15,238.113,293.15,238.154,293.15,238.178,293.15,238.13,293.15,238.182,293.15,238.153,293.15,238.199,293.15,238.15,293.15,238.145,293.15,238.129,293.15,238.197,293.15,238.158,293.15,238.164,293.15,238.166,293.15,238.145,293.15,238.116,293.15,238.152,293.15,238.134,293.15,238.133,293.15,238.142,238.15,0,0,5.2392e-10,1.71095e-08
114,293.15,293.15,293.15,1.47793e-12,293.15,238.174,293.15,238.148,293.15,238.124,293.15,238.177,293.15,238.191,293.15,238.192,293.15,238.197,293.15,238.166,293.15,238.116,293.15,238.122,293.15,238.143,293.15,238.181,293.15,238.147,293.15,238.125,293.15,238.147,293.15,238.139,293.15,238.182,293.15,238.114,293.15,238.123,293.15,238.187,293.15,238.117,293.15,238.136,293.15,238.137,293.15,238.192,293.15,238.136,293.15,238.151,293.15,238.122,293.15,238.144,293.15,238.148,293.15,238.156,293.15,238.184,293.15,238.135,293.15,238.194,293.15,238.123,293.15,238.168,293.15,238.138,293.15,238.111,293.15,238.178,293.15,238.161,293.15,238.173,293.15,238.147,293.15,238.172,293.15,238.12,293.15,238.146,293.15,238.133,293.15,238.102,293.15,238.165,293.15,238.163,293.15,238.175,293.15,238.154,293.15,238.148,293.15,238.109,293.15,238.103,293.15,238.109,293.15,238.109,293.15,238.186,293.15,238.111,293.15,238.189,293.15,238.177,293.15,238.165,293.15,238.111,293.15,238.129,293.15,238.147,293.15,238.123,293.15,238.147,293.15,238.147,293.15,238.132,293.15,238.121,293.15,238.157,293.15,238.193,293.15,238.197,293.15,238.113,293.15,238.154,293.15,238.178,293.15,238.13,293.15,238.182,293.15,238.153,293.15,238.199,293.15,238.15,293.15,238.145,293.15,238.129,293.15,238.197,293.15,238.158,293.15,238.164,293.15,238.166,293.15,238.145,293.15,238.116,293.15,238.152,293.15,238.134,293.15,238.133,293.15,238.142,238.15,0,0,5.2852e-10,1.70341e-08
115,293.15,293.15,293.15,1.42109e-12,293.15,238.174,293.15,238.148,293.15,238.124,293.15,238.177,293.15,238.191,293.15,238.192,293.15,238.197,293.15,238.166,293.15,238.116,293.15,238.122,293.15,238.143,293.15,238.181,293.15,238.147,293.15,238.125,293.15,238.147,293.15,238.139,293.15,238.182,293.15,238.114,293.15,238.123,293.15,238.187,293.15,238.117,293.15,238.136,293.15,238.137,293.15,238.192,293.15,238.136,293.15,238.151,293.15,238.122,293.15,238.144,293.15,238.148,293.15,238.156,293.15,238.184,293.15,238.135,293.15,238.194,293.15,238.123,293.15,238.168,293.15,238.138,293.15,238.111,293.15,238.178,293.15,238.161,293.15,238.173,293.15,238.147,293.15,238.172,293.15,238.12,293.15,238.146,293.15,238.133,293.15,238.102,293.15,238.165,293.15,238.163,293.15,238.175,293.15,238.154,293.15,238.148,293.15,238.109,293.15,238.103,293.15,238.109,293.15,238.109,293.15,238.186,293.15,238.111,293.15,238.189,293.15,238.177,293.15,238.165,293.15,238.111,293.15,238.129,293.15,238.147,293.15,238.123,293.15,238.147,293.15,238.147,293.15,238.132,293.15,238.121,293.15,238.157,293.15,238.193,293.15,238.197,293.15,238.113,293.15,238.154,293.15,238.178,293.15,238.13,293.15,238.182,293.15,238.153,293.15,238.199,293.15,238.15,293.15,238.145,293.15,238.129,293.15,238.197,293.15,238.158,293.15,238.164,293.15,238.166,293.15,238.145,293.15,238.116,293.15,238.152,293.15,238.134,293.15,238.133,293.15,238.142,238.15,0,0,5.33136e-10,1.71239e-08
116,293.15,293.15,293.15,1.13687e-12,293.15,238.174,293.15,238.148,293.15,238.124,293.15,238.177,293.15,238.191,293.15,238.192,293.15,238.197,293.15,238.166,293.15,238.116,293.15,238.122,293.15,238.143,293.15,238.181,293.15,238.147,293.15,238.125,293.15,238.147,293.15,238.139,293.15,238.182,293.15,238.114,293.15,238.123,293.15,238.187,293.15,238.117,293.15,238.136,293.15,238.137,293.15,238.192,293.15,238.136,293.15,238.151,293.15,238.122,293.15,238.144,293.15,238.148,293.15,238.156,293.15,238.184,293.15,238.135,293.15,238.194,293.15,238.123,293.15,238.168,293.15,238.138,293.15,238.111,293.15,238.178,293.15,238.161,293.15,238.173,293.15,238.147,293.15,238.172,293.15,238.12,293.15,238.146,293.15,238.133,293.15,238.102,293.15,238.165,293.15,238.163,293.15,238.175,293.15,238.154,293.15,238.148,293.15,238.109,293.15,238.103,293.15,238.109,293.15,238.109,293.15,238.186,293.15,238.111,293.15,238.189,293.15,238.177,293.15,238.165,293.15,238.111,293.15,238.129,293.15,238.147,293.15,238.123,293.15,238.147,293.15,238.147,293.15,238.132,293.15,238.121,293.15,238.157,293.15,238.193,293.15,238.197,293.15,238.113,293.15,238.154,293.15,238.178,293.15,238.13,293.15,238.182,293.15,238.153,293.15,238.199,293.15,238.15,293.15,238.145,293.15,238.129,293.15,238.197,293.15,238.158,293.15,238.164,293.15,238.166,293.15,238.145,293.15,238.116,293.15,238.152,293.15,238.134,293.15,238.133,293.15,238.142,238.15,0,0,5.37725e-10,1.71488e-08
117,293.15,293.15,293.15,1.13687e-12,293.15,238.174,293.15,238.148,293.15,238.124,293.15,238.177,293.15,238.191,293.15,238.192,293.15,238.197,293.15,238.166,293.15,238.116,293.15,238.122,293.15,238.143,293.15,238.181,293.15,238.147,293.15,238.125,293.15,238.147,293.15,238.139,293.15,238.182,293.15,238.114,293.15,238.123,293.15,238.187,293.15,238.117,293.15,238.136,293.15,238.137,293.15,238.192,293.15,238.136,293.15,238.151,293.15,238.122,293.15,238.144,293.15,238.148,293.15,238.156,293.15,238.184,293.15,238.135,293.15,238.194,293.15,238.123,293.15,238.168,293.15,238.138,293.15,238.111,293.15,238.178,293.15,238.161,293.15,238.173,293.15,238.147,293.15,238.172,293.15,238.12,293.15,238.146,293.15,238.133,293.15,238.102,293.15,238.165,293.15,238.163,293.15,238.175,293.15,238.154,293.15,238.148,293.15,238.109,293.15,238.103,293.15,238.109,293.15,238.109,293.15,238.186,293.15,238.111,293.15,238.189,293.15,238.177,293.15,238.165,293.15,238.111,293.15,238.129,293.15,238.147,293.15,238.123,293.15,238.147,293.15,238.147,293.15,238.132,293.15,238.121,293.15,238.157,293.15,238.193,293.15,238.197,293.15,238.113,293.15,238.154,293.15,238.178,293.15,238.13,293.15,238.182,293.15,238.153,293.15,238.199,293.15,238.15,293.15,238.145,293.15,238.129,293.15,238.197,293.15,238.158,293.15,238.164,293.15,238.166,293.15,238.145,293.15,238.116,293.15,238.152,293.15,238.134,293.15,238.133,293.15,238.142,238.15,0,0,5.42316e-10,1.72104e-08
118,293.15,293.15,293.15,1.19371e-12,293.15,238.174,293.15,238.148,293.15,238.124,293.15,238.177,293.15,238.191,293.15,238.192,293.15,238.197,293.15,238.166,293.15,238.116,293.15,238.122,293.15,238.143,293.15,238.181,293.15,238.147,293.15,238.125,293.15,238.147,293.15,238.139,293.15,238.182,293.15,238.114,293.15,238.123,293.15,238.187,293.15,238.117,293.15,238.136,293.15,238.137,293.15,238.192,293.15,238.136,293.15,238.151,293.15,238.122,293.15,238.144,293.15,238.148,293.15,238.156,293.15,238.184,293.15,238.135,293.15,238.194,293.15,238.123,293.15,238.168,293.15,238.138,293.15,238.111,293.15,238.178,293.15,238.161,293.15,238.173,293.15,238.147,293.15,238.172,293.15,238.12,293.15,238.146,293.15,238.133,293.15,238.102,293.15,238.165,293.15,238.163,293.15,238.175,293.15,238.154,293.15,238.148,293.15,238.109,293.15,238.103,293.15,238.109,293.15,238.109,293.15,238.186,293.15,238.111,293.15,238.189,293.15,238.177,293.15,238.165,293.15,238.111,293.15,238.129,293.15,238.147,293.15,238.123,293.15,238.147,293.15,238.147,293.15,238.132,293.15,238.121,293.15,238.157,293.15,238.193,293.15,238.197,293.15,238.113,293.15,238.154,293.15,238.178,293.15,238.13,293.15,238.182,293.15,238.153,293.15,238.199,293.15,238.15,293.15,238.145,293.15,238.129,293.15,238.197,293.15,238.158,293.15,238.164,293.15,238.166,293.15,238.145,293.15,238.116,293.15,238.152,293.15,238.134,293.15,238.133,293.15,238.142,238.15,0,0,5.46908e-10,1.72074e-08
119,293.15,293.15,293.15,1.3074e-12,293.15,238.174,293.15,238.148,293.15,238.124,293.15,238.177,293.15,238.191,293.15,238.192,293.15,238.197,293.15,238.166,293.15,238.116,293.15,238.122,293.15,238.143,293.15,238.181,293.15,238.147,293.15,238.125,293.15,238.147,293.15,238.139,293.15,238.182,293.15,238.114,293.15,238.123,293.15,238.187,293.15,238.117,293.15,238.136,293.15,238.137,293.15,238.192,293.15,238.136,293.15,238.151,293.15,238.122,293.15,238.144,293.15,238.148,293.15,238.156,293.15,238.184,293.15,238.135,293.15,238.194,293.15,238.123,293.15,238.168,293.15,238.138,293.15,238.111,293.15,238.178,293.15,238.161,293.15,238.173,293.15,238.147,293.15,238.172,293.15,238.12,293.15,238.146,293.15,238.133,293.15,238.102,293.15,238.165,293.15,238.163,293.15,238.175,293.15,238.154,293.15,238.148,293.15,238.109,293.15,238.103,293.15,238.109,293.15,238.109,293.15,238.186,293.15,238.111,293.15,238.189,293.15,238.177,293.15,238.165,293.15,238.111,293.15,238.129,293.15,238.147,293.15,238.123,293.15,238.147,293.15,238.147,293.15,238.132,293.15,238.121,293.15,238.157,293.15,238.193,293.15,238.197,293.15,238.113,293.15,238.154,293.15,238.178,293.15,238.13,293.15,238.182,293.15,238.153,293.15,238.199,293.15,238.15,293.15,238.145,293.15,238.129,293.15,238.197,293.15,238.158,293.15,238.164,293.15,238.166,293.15,238.145,293.15,238.116,293.15,238.152,293.15,238.134,293.15,238.133,293.15,238.142,238.15,0,0,5.51499e-10,1.71731e-08
120,293.15,293.15,293.15,1.3074e-12,293.15,238.174,293.15,238.148,293.15,238.124,293.15,238.177,293.15,238.191,293.15,238.192,293.15,238.197,293.15,238.166,293.15,238.116,293.15,238.122,293.15,238.143,293.15,238.181,293.15,238.147,293.15,238.125,293.15,238.147,293.15,238.139,293.15,238.182,293.15,238.114,293.15,238.123,293.15,238.187,293.15,238.117,293.15,238.136,293.15,238.137,293.15,238.192,293.15,238.136,293.15,238.151,293.15,238.122,293.15,238.144,293.15,238.148,293.15,238.156,293.15,238.184,293.15,238.135,293.15,238.194,293.15,238.123,293.15,238.168,293.15,238.138,293.15,238.111,293.15,238.178,293.15,238.161,293.15,238.173,293.15,238.147,293.15,238.172,293.15,238.12,293.15,238.146,293.15,238.133,293.15,238.102,293.15,238.165,293.15,238.163,293.15,238.175,293.15,238.154,293.15,238.148,293.15,238.109,293.15,238.103,293.15,238.109,293.15,238.109,293.15,238.186,293.15,238.111,293.15,238.189,293.15,238.177,293.15,238.165,293.15,238.111,293.15,238.129,293.15,238.147,293.15,238.123,293.15,238.147,293.15,238.147,293.15,238.132,293.15,238.121,293.15,238.157,293.15,238.193,293.15,238.197,293.15,238.113,293.15,238.154,293.15,238.178,293.15,238.13,293.15,238.182,293.15,238.153,293.15,238.199,293.15,238.15,293.15,238.145,293.15,238.129,293.15,238.197,293.15,238.158,293.15,238.164,293.15,238.166,293.15,238.145,293.15,238.116,293.15,238.152,293.15,238.134,293.15,238.133,293.15,238.142,238.15,0,0,5.56111e-10,1.72884e-08
121,293.15,293.15,293.15,1.08002e-12,293.15,238.174,293.15,238.148,293.15,238.124,293.15,238.177,293.15,238.191,293.15,238.192,293.15,238.197,293.15,238.166,293.15,238.116,293.15,238.122,293.15,238.143,293.15,238.181,293.15,238.147,293.15,238.125,293.15,238.147,293.15,238.139,293.15,238.182,293.15,238.114,293.15,238.123,293.15,238.187,293.15,238.117,293.15,238.136,293.15,238.137,293.15,238.192,293.15,238.136,293.15,238.151,293.15,238.122,293.15,238.144,293.15,238.148,293.15,238.156,293.15,238.184,293.15,238.135,293.15,238.194,293.15,238.123,293.15,238.168,293.15,238.138,293.15,238.111,293.15,238.178,293.15,238.161,293.15,238.173,293.15,238.147,293.15,238.172,293.15,238.12,293.15,238.146,293.15,238.133,293.15,238.102,293.15,238.165,293.15,238.163,293.15,238.175,293.15,238.154,293.15,238.148,293.15,238.109,293.15,238.103,293.15,238.109,293.15,238.109,293.15,238.186,293.15,238.111,293.15,238.189,293.15,238.177,293.15,238.165,293.15,238.111,293.15,238.129,293.15,238.147,293.15,238.123,293.15,238.147,293.15,238.147,293.15,238.132,293.15,238.121,293.15,238.157,293.15,238.193,293.15,238.197,293.15,238.113,293.15,238.154,293.15,238.178,293.15,238.13,293.15,238.182,293.15,238.153,293.15,238.199,293.15,238.15,293.15,238.145,293.15,238.129,293.15,238.197,293.15,238.158,293.15,238.164,293.15,238.166,293.15,238.145,293.15,238.116,293.15,238.152,293.15,238.134,293.15,238.133,293.15,238.142,238.15,0,0,5.60727e-10,1.7056e-08
122,293.15,293.15,293.15,1.25056e-12,293.15,238.174,293.15,238.148,293.15,238.124,293.15,238.177,293.15,238.191,293.15,238.192,293.15,238.197,293.15,238.166,293.15,238.116,293.15,238.122,293.15,238.143,293.15,238.181,293.15,238.147,293.15,238.125,293.15,238.147,293.15,238.139,293.15,238.182,293.15,238.114,293.15,238.123,293.15,238.187,293.15,238.117,293.15,238.136,293.15,238.137,293.15,238.192,293.15,238.136,293.15,238.151,293.15,238.122,293.15,238.144,293.15,238.148,293.15,238.156,293.15,238.184,293.15,238.135,293.15,238.194,293.15,238.123,293.15,238.168,293.15,238.138,293.15,238.111,293.15,238.178,293.15,238.161,293.15,238.173,293.15,238.147,293.15,238.172,293.15,238.12,293.15,238.146,293.15,238.133,293.15,238.102,293.15,238.165,293.15,238.163,293.15,238.175,293.15,238.154,293.15,238.148,293.15,238.109,293.15,238.103,293.15,238.109,293.15,238.109,293.15,238.186,293.15,238.111,293.15,238.189,293.15,238.177,293.15,238.165,293.15,238.111,293.15,238.129,293.15,238.147,293.15,238.123,293.15,238.147,293.15,238.147,293.15,238.132,293.15,238.121,293.15,238.157,293.15,238.193,293.15,238.197,293.15,238.113,293.15,238.154,293.15,238.178,293.15,238.13,293.15,238.182,293.15,238.153,293.15,238.199,293.15,238.15,293.15,238.145,293.15,238.129,293.15,238.197,293.15,238.158,293.15,238.164,293.15,238.166,293.15,238.145,293.15,238.116,293.15,238.152,293.15,238.134,293.15,238.133,293.15,238.142,238.15,0,0,5.65354e-10,1.72575e-08
123,293.15,293.15,293.15,1.13687e-12,293.15,238.174,293.15,238.148,293.15,238.124,293.15,238.177,293.15,238.191,293.15,238.192,293.15,238.197,293.15,238.166,293.15,238.116,293.15,238.122,293.15,238.143,293.15,238.181,293.15,238.147,293.15,238.125,293.15,238.147,293.15,238.139,293.15,238.182,293.15,238.114,293.15,238.123,293.15,238.187,293.15,238.117,293.15,238.136,293.15,238.137,293.15,238.192,293.15,238.136,293.15,238.151,293.15,238.122,293.15,238.144,293.15,238.148,293.15,238.156,293.15,238.184,293.15,238.135,293.15,238.194,293.15,238.123,293.15,238.168,293.15,238.138,293.15,238.111,293.15,238.178,293.15,238.161,293.15,238.173,293.15,238.147,293.15,238.172,293.15,238.12,293.15,238.146,293.15,238.133,293.15,238.102,293.15,238.165,293.15,238.163,293.15,238.175,293.15,238.154,293.15,238.148,293.15,238.109,293.15,238.103,293.15,238.109,293.15,238.109,293.15,238.186,293.15,238.111,293.15,238.189,293.15,238.177,293.15,238.165,293.15,238.111,293.15,238.129,293.15,238.147,293.15,238.123,293.15,238.147,293.15,238.147,293.15,238.132,293.15,238.121,293.15,238.157,293.15,238.193,293.15,238.197,293.15,238.113,293.15,238.154,293.15,238.178,293.15,238.13,293.15,238.182,293.15,238.153,293.15,238.199,293.15,238.15,293.15,238.145,293.15,238.129,293.15,238.197,293.15,238.158,293.15,238.164,293.15,238.166,293.15,238.145,293.15,238.116,293.15,238.152,293.15,238.134,293.15,238.133,293.15,238.142,238.15,0,0,5.69899e-10,1.72082e-08
124,293.15,293.15,293.15,1.19371e-12,293.15,238.174,293.15,238.148,293.15,238.124,293.15,238.177,293.15,238.191,293.15,238.192,293.15,238.197,293.15,238.166,293.15,238.116,293.15,238.122,293.15,238.143,293.15,238.181,293.15,238.147,293.15,238.125,293.15,238.147,293.15,238.139,293.15,238.182,293.15,238.114,293.15,238.123,293.15,238.187,293.15,238.117,293.15,238.136,293.15,238.137,293.15,238.192,293.15,238.136,293.15,238.151,293.15,238.122,293.15,238.144,293.15,238.148,293.15,238.156,293.15,238.184,293.15,238.135,293.15,238.194,293.15,238.123,293.15,238.168,293.15,238.138,293.15,238.111,293.15,238.178,293.15,238.161,293.15,238.173,293.15,238.147,293.15,238.172,293.15,238.12,293.15,238.146,293.15,238.133,293.15,238.102,293.15,238.165,293.15,238.163,293.15,238.175,293.15,238.154,293.15,238.148,293.15,238.109,293.15,238.103,293.15,238.109,293.15,238.109,293.15,238.186,293.15,238.111,293.15,238.189,293.15,238.177,293.15,238.165,293.15,238.111,293.15,238.129,293.15,238.147,293.15,238.123,293.15,238.147,293.15,238.147,293.15,238.132,293.15,238.121,293.15,238.157,293.15,238.193,293.15,238.197,293.15,238.113,293.15,238.154,293.15,238.178,293.15,238.13,293.15,238.182,293.15,238.153,293.15,238.199,293.15,238.15,293.15,238.145,293.15,238.129,293.15,238.197,293.15,238.158,293.15,238.164,293.15,238.166,293.15,238.145,293.15,238.116,293.15,238.152,293.15,238.134,293.15,238.133,293.15,238.142,238.15,0,0,5.7448e-10,1.7309e-08
125,293.15,293.15,293.15,1.13687e-12,293.15,238.174,293.15,238.148,293.15,238.124,293.15,238.177,293.15,238.191,293.15,238.192,293.15,238.197,293.15,238.166,293.15,238.116,293.15,238.122,293.15,238.143,293.15,238.181,293.15,238.147,293.15,238.125,293.15,238.147,293.15,238.139,293.15,238.182,293.15,238.114,293.15,238.123,293.15,238.187,293.15,238.117,293.15,238.136,293.15,238.137,293.15,238.192,293.15,238.136,293.15,238.151,293.15,238.122,293.15,238.144,293.15,238.148,293.15,238.156,293.15,238.184,293.15,238.135,293.15,238.194,293.15,238.123,293.15,238.168,293.15,238.138,293.15,238.111,293.15,238.178,293.15,238.161,293.15,238.173,293.15,238.147,293.15,238.172,293.15,238.12,293.15,238.146,293.15,238.133,293.15,238.102,293.15,238.165,293.15,238.163,293.15,238.175,293.15,238.154,293.15,238.148,293.15,238.109,293.15,238.103,293.15,238.109,293.15,238.109,293.15,238.186,293.15,238.111,293.15,238.189,293.15,238.177,293.15,238.165,293.15,238.111,293.15,238.129,293.15,238.147,293.15,238.123,293.15,238.147,293.15,238.147,293.15,238.132,293.15,238.121,293.15,238.157,293.15,238.193,293.15,238.197,293.15,238.113,293.15,238.154,293.15,238.178,293.15,238.13,293.15,238.182,293.15,238.153,293.15,238.199,293.15,238.15,293.15,238.145,293.15,238.129,293.15,238.197,293.15,238.158,293.15,238.164,293.15,238.166,293.15,238.145,293.15,238.116,293.15,238.152,293.15,238.134,293.15,238.133,293.15,238.142,238.15,0,0,5.79045e-10,1.73754e-08
126,293.15,293.15,293.15,1.19371e-12,293.15,238.174,293.15,238.148,293.15,238.124,293.15,238.177,293.15,238.191,293.15,238.192,293.15,238.197,293.15,238.166,293.15,238.116,293.15,238.122,293.15,238.143,293.15,238.181,293.15,238.147,293.15,238.125,293.15,238.147,293.15,238.139,293.15,238.182,293.15,238.114,293.15,238.123,293.15,238.187,293.15,238.117,293.15,238.136,293.15,238.137,293.15,238.192,293.15,238.136,293.15,238.151,293.15,238.122,293.15,238.144,293.15,238.148,293.15,238.156,293.15,238.184,293.15,238.135,293.15,238.194,293.15,238.123,293.15,238.168,293.15,238.138,293.15,238.111,293.15,238.178,293.15,238.161,293.15,238.173,293.15,238.147,293.15,238.172,293.15,238.12,293.15,238.146,293.15,238.133,293.15,238.102,293.15,238.165,293.15,238.163,293.15,238.175,293.15,238.154,293.15,238.148,293.15,238.109,293.15,238.103,293.15,238.109,293.15,238.109,293.15,238.186,293.15,238.111,293.15,238.189,293.15,238.177,293.15,238.165,293.15,238.111,293.15,238.129,293.15,238.147,293.15,238.123,293.15,238.147,293.15,238.147,293.15,238.132,293.15,238.121,293.15,238.157,293.15,238.193,293.15,238.197,293.15,238.113,293.15,238.154,293.15,238.178,293.15,238.13,293.15,238.182,293.15,238.153,293.15,238.199,293.15,238.15,293.15,238.145,293.15,238.129,293.15,238.197,293.15,238.158,293.15,238.164,293.15,238.166,293.15,238.145,293.15,238.116,293.15,238.152,293.15,238.134,293.15,238.133,293.15,238.142,238.15,0,0,5.83625e-10,1.7297e-08
127,293.15,293.15,293.15,1.3074e-12,293.15,238.174,293.15,238.148,293.15,238.124,293.15,238.177,293.15,238.191,293.15,238.192,293.15,238.197,293.15,238.166,293.15,238.116,293.15,238.122,293.15,238.143,293.15,238.181,293.15,238.147,293.15,238.125,293.15,238.147,293.15,238.139,293.15,238.182,293.15,238.114,293.15,238.123,293.15,238.187,293.15,238.117,293.15,238.136,293.15,238.137,293.15,238.192,293.15,238.136,293.15,238.151,293.15,238.122,293.15,238.144,293.15,238.148,293.15,238.156,293.15,238.184,293.15,238.135,293.15,238.194,293.15,238.123,293.15,238.168,293.15,238.138,293.15,238.111,293.15,238.178,293.15,238.161,293.15,238.173,293.15,238.147,293.15,238.172,293.15,238.12,293.15,238.146,293.15,238.133,293.15,238.102,293.15,238.165,293.15,238.163,293.15,238.175,293.15,238.154,293.15,238.148,293.15,238.109,293.15,238.103,293.15,238.109,293.15,238.109,293.15,238.186,293.15,238.111,293.15,238.189,293.15,238.177,293.15,238.165,293.15,238.111,293.15,238.129,293.15,238.147,293.15,238.123,293.15,238.147,293.15,238.147,293.15,238.132,293.15,238.121,293.15,238.157,293.15,238.193,293.15,238.197,293.15,238.113,293.15,238.154,293.15,238.178,293.15,238.13,293.15,238.182,293.15,238.153,293.15,238.199,293.15,238.15,293.15,238.145,293.15,238.129,293.15,238.197,293.15,238.158,293.15,238.164,293.15,238.166,293.15,238.145,293.15,238.116,293.15,238.152,293.15,238.134,293.15,238.133,293.15,238.142,238.15,0,0,5.88207e-10,1.73098e-08
128,293.15,293.15,293.15,1.25056e-12,293.15,238.174,293.15,238.148,293.15,238.124,293.15,238.177,293.15,238.191,293.15,238.192,293.15,238.197,293.15,238.166,293.15,238.116,293.15,238.122,293.15,238.143,293.15,238.181,293.15,238.147,293.15,238.125,293.15,238.147,293.15,238.139,293.15,238.182,293.15,238.114,293.15,238.123,293.15,238.187,293.15,238.117,293.15,238.136,293.15,238.137,293.15,238.192,293.15,238.136,293.15,238.151,293.15,238.122,293.15,238.144,293.15,238.148,293.15,238.156,293.15,238.184,293.15,238.135,293.15,238.194,293.15,238.123,293.15,238.168,293.15,238.138,293.15,238.111,293.15,238.178,293.15,238.161,293.15,238.173,293.15,238.147,293.15,238.172,293.15,238.12,293.15,238.146,293.15,238.133,293.15,238.102,293.15,238.165,293.15,238.163,293.15,238.175,293.15,238.154,293.15,238.148,293.15,238.109,293.15,238.103,293.15,238.109,293.15,238.109,293.15,238.186,293.15,238.111,293.15,238.189,293.15,238.177,293.15,238.165,293.15,238.111,293.15,238.129,293.15,238.147,293.15,238.123,293.15,238.147,293.15,238.147,293.15,238.132,293.15,238.121,293.15,238.157,293.15,238.193,293.15,238.197,293.15,238.113,293.15,238.154,293.15,238.178,293.15,238.13,293.15,238.182,293.15,238.153,293.15,238.199,293.15,238.15,293.15,238.145,293.15,238.129,293.15,238.197,293.15,238.158,293.15,238.164,293.15,238.166,293.15,238.145,293.15,238.116,293.15,238.152,293.15,238.134,293.15,238.133,293.15,238.142,238.15,0,0,5.92779e-10,1.7303e-08
129,293.15,293.15,293.15,1.13687e-12,293.15,238.174,293.15,238.148,293.15,238.124,293.15,238.177,293.15,238.191,293.15,238.192,293.15,238.197,293.15,238.166,293.15,238.116,293.15,238.122,293.15,238.143,293.15,238.181,293.15,238.147,293.15,238.125,293.15,238.147,293.15,238.139,293.15,238.182,293.15,238.114,293.15,238.123,293.15,238.187,293.15,238.117,293.15,238.136,293.15,238.137,293.15,238.192,293.15,238.136,293.15,238.151,293.15,238.122,293.15,238.144,293.15,238.148,293.15,238.156,293.15,238.184,293.15,238.135,293.15,238.194,293.15,238.123,293.15,238.168,293.15,238.138,293.15,238.111,293.15,238.178,293.15,238.161,293.15,238.173,293.15,238.147,293.15,238.172,293.15,238.12,293.15,238.146,293.15,238.133,293.15,238.102,293.15,238.165,293.15,238.163,293.15,238.175,293.15,238.154,293.15,238.148,293.15,238.109,293.15,238.103,293.15,238.109,293.15,238.109,293.15,238.186,293.15,238.111,293.15,238.189,293.15,238.177,293.15,238.165,293.15,238.111,293.15,238.129,293.15,238.147,293.15,238.123,293.15,238.147,293.15,238.147,293.15,238.132,293.15,238.121,293.15,238.157,293.15,238.193,293.15,238.197,293.15,238.113,293.15,238.154,293.15,238.178,293.15,238.13,293.15,238.182,293.15,238.153,293.15,238.199,293.15,238.15,293.15,238.145,293.15,238.129,293.15,238.197,293.15,238.158,293.15,238.164,293.15,238.166,293.15,238.145,293.15,238.116,293.15,238.152,293.15,238.134,293.15,238.133,293.15,238.142,238.15,0,0,5.9733e-10,1.73172e-08
130,293.15,293.15,293.15,1.19371e-12,293.15,238.174,293.15,238.148,293.15,238.124,293.15,238.177,293.15,238.191,293.15,238.192,293.15,238.197,293.15,238.166,293.15,238.116,293.15,238.122,293.15,238.143,293.15,238.181,293.15,238.147,293.15,238.125,293.15,238.147,293.15,238.139,293.15,238.182,293.15,238.114,293.15,238.123,293.15,238.187,293.15,238.117,293.15,238.136,293.15,238.137,293.15,238.192,293.15,238.136,293.15,238.151,293.15,238.122,293.15,238.144,293.15,238.148,293.15,238.156,293.15,238.184,293.15,238.135,293.15,238.194,293.15,238.123,293.15,238.168,293.15,238.138,293.15,238.111,293.15,238.178,293.15,238.161,293.15,238.173,293.15,238.147,293.15,238.172,293.15,238.12,293.15,238.146,293.15,238.133,293.15,238.102,293.15,238.165,293.15,238.163,293.15,238.175,293.15,238.154,293.15,238.148,293.15,238.109,293.15,238.103,293.15,238.109,293.15,238.109,293.15,238.186,293.15,238.111,293.15,238.189,293.15,238.177,293.15,238.165,293.15,238.111,293.15,238.129,293.15,238.147,293.15,238.123,293.15,238.147,293.15,238.147,293.15,238.132,293.15,238.121,293.15,238.157,293.15,238.193,293.15,238.197,293.15,238.113,293.15,238.154,293.15,238.178,293.15,238.13,293.15,238.182,293.15,238.153,293.15,238.199,293.15,238.15,293.15,238.145,293.15,238.129,293.15,238.197,293.15,238.158,293.15,238.164,293.15,238.166,293.15,238.145,293.15,238.116,293.15,238.152,293.15,238.134,293.15,238.133,293.15,238.142,238.15,0,0,6.01895e-10,1.72898e-08
131,293.15,293.15,293.15,1.36424e-12,293.15,238.174,293.15,238.148,293.15,238.124,293.15,238.177,293.15,238.191,293.15,238.192,293.15,238.197,293.15,238.166,293.15,238.116,293.15,238.122,293.15,238.143,293.15,238.181,293.15,238.147,293.15,238.125,293.15,238.147,293.15,238.139,293.15,238.182,293.15,238.114,293.15,238.123,293.15,238.187,293.15,238.117,293.15,238.136,293.15,238.137,293.15,238.192,293.15,238.136,293.15,238.151,293.15,238.122,293.15,238.144,293.15,238.148,293.15,238.156,293.15,238.184,293.15,238.135,293.15,238.194,293.15,238.123,293.15,238.168,293.15,238.138,293.15,238.111,293.15,238.178,293.15,238.161,293.15,238.173,293.15,238.147,293.15,238.172,293.15,238.12,293.15,238.146,293.15,238.133,293.15,238.102,293.15,238.165,293.15,238.163,293.15,238.175,293.15,238.154,293.15,238.148,293.15,238.109,293.15,238.103,293.15,238.109,293.15,238.109,293.15,238.186,293.15,238.111,293.15,238.189,293.15,238.177,293.15,238.165,293.15,238.111,293.15,238.129,293.15,238.147,293.15,238.123,293.15,238.147,293.15,238.147,293.15,238.132,293.15,238.121,293.15,238.157,293.15,238.193,293.15,238.197,293.15,238.113,293.15,238.154,293.15,238.178,293.15,238.13,293.15,238.182,293.15,238.153,293.15,238.199,293.15,238.15,293.15,238.145,293.15,238.129,293.15,238.197,293.15,238.158,293.15,238.164,293.15,238.166,293.15,238.145,293.15,238.116,293.15,238.152,293.15,238.134,293.15,238.133,293.15,238.142,238.15,0,0,6.06457e-10,1.72622e-08
132,293.15,293.15,293.15,1.3074e-12,293.15,238.174,293.15,238.148,293.15,238.124,293.15,238.177,293.15,238.191,293.15,238.192,293.15,238.197,293.15,238.166,293.15,238.116,293.15,238.122,293.15,238.143,293.15,238.181,293.15,238.147,293.15,238.125,293.15,238.147,293.15,238.139,293.15,238.182,293.15,238.114,293.15,238.123,293.15,238.187,293.15,238.117,293.15,238.136,293.15,238.137,293.15,238.192,293.15,238.136,293.15,238.151,293.15,238.122,293.15,238.144,293.15,238.148,293.15,238.156,293.15,238.184,293.15,238.135,293.15,238.194,293.15,238.123,293.15,238.168,293.15,238.138,293.15,238.111,293.15,238.178,293.15,238.161,293.15,238.173,293.15,238.147,293.15,238.172,293.15,238.12,293.15,238.146,293.15,238.133,293.15,238.102,293.15,238.165,293.15,238.163,293.15,238.175,293.15,238.154,293.15,238.148,293.15,238.109,293.15,238.103,293.15,238.109,293.15,238.109,293.15,238.186,293.15,238.111,293.15,238.189,293.15,238.177,293.15,238.165,293.15,238.111,293.15,238.129,293.15,238.147,293.15,238.123,293.15,238.147,293.15,238.147,293.15,238.132,293.15,238.121,293.15,238.157,293.15,238.193,293.15,238.197,293.15,238.113,293.15,238.154,293.15,238.178,293.15,238.13,293.15,238.182,293.15,238.153,293.15,238.199,293.15,238.15,293.15,238.145,293.15,238.129,293.15,238.197,293.15,238.158,293.15,238.164,293.15,238.166,293.15,238.145,293.15,238.116,293.15,238.152,293.15,238.134,293.15,238.133,293.15,238.142,238.15,0,0,6.11011e-10,1.72892e-08
133,293.15,293.15,293.15,1.3074e-12,293.15,238.174,293.15,238.148,293.15,238.124,293.15,238.177,293.15,238.191,293.15,238.192,293.15,238.197,293.15,238.166,293.15,238.116,293.15,238.122,293.15,238.143,293.15,238.181,293.15,238.147,293.15,238.125,293.15,238.147,293.15,238.139,293.15,238.182,293.15,238.114,293.15,238.123,293.15,238.187,293.15,238.117,293.15,238.136,293.15,238.137,293.15,238.192,293.15,238.136,293.15,238.151,293.15,238.122,293.15,238.144,293.15,238.148,293.15,238.156,293.15,238.184,293.15,238.135,293.15,238.194,293.15,238.123,293.15,238.168,293.15,238.138,293.15,238.111,293.15,238.178,293.15,238.161,293.15,238.173,293.15,238.147,293.15,238.172,293.15,238.12,293.15,238.146,293.15,238.133,293.15,238.102,293.15,238.165,293.15,238.163,293.15,238.175,293.15,238.154,293.15,238.148,293.15,238.109,293.15,238.103,293.15,238.109,293.15,238.109,293.15,238.186,293.15,238.111,293.15,238.189,293.15,238.177,293.15,238.165,293.15,238.111,293.15,238.129,293.15,238.147,293.15,238.123,293.15,238.147,293.15,238.147,293.15,238.132,293.15,238.121,293.15,238.157,293.15,238.193,293.15,238.197,293.15,238.113,293.15,238.154,293.15,238.178,293.15,238.13,293.15,238.182,293.15,238.153,293.15,238.199,293.15,238.15,293.15,238.145,293.15,238.129,293.15,238.197,293.15,238.158,293.15,238.164,293.15,238.166,293.15,238.145,293.15,238.116,293.15,238.152,293.15,238.134,293.15,238.133,293.15,238.142,238.15,0,0,6.1555e-10,1.72762e-08
134,293.15,293.15,293.15,1.19371e-12,293.15,238.174,293.15,238.148,293.15,238.124,293.15,238.177,293.15,238.191,293.15,238.192,293.15,238.197,293.15,238.166,293.15,238.116,293.15,238.122,293.15,238.143,293.15,238.181,293.15,238.147,293.15,238.125,293.15,238.147,293.15,238.139,293.15,238.182,293.15,238.114,293.15,238.123,293.15,238.187,293.15,238.117,293.15,238.136,293.15,238.137,293.15,238.192,293.15,238.136,293.15,238.151,293.15,238.122,293.15,238.144,293.15,238.148,293.15,238.156,293.15,238.184,293.15,238.135,293.15,238.194,293.15,238.123,293.15,238.168,293.15,238.138,293.15,238.111,293.15,238.178,293.15,238.161,293.15,238.173,293.15,238.147,293.15,238.172,293.15,238.12,293.15,238.146,293.15,238.133,293.15,238.102,293.15,238.165,293.15,238.163,293.15,238.175,293.15,238.154,293.15,238.148,293.15,238.109,293.15,238.103,293.15,238.109,293.15,238.109,293.15,238.186,293.15,238.111,293.15,238.189,293.15,238.177,293.15,238.165,293.15,238.111,293.15,238.129,293.15,238.147,293.15,238.123,293.15,238.147,293.15,238.147,293.15,238.132,293.15,238.121,293.15,238.157,293.15,238.193,293.15,238.197,293.15,238.113,293.15,238.154,293.15,238.178,293.15,238.13,293.15,238.182,293.15,238.153,293.15,238.199,293.15,238.15,293.15,238.145,293.15,238.129,293.15,238.197,293.15,238.158,293.15,238.164,293.15,238.166,293.15,238.145,293.15,238.116,293.15,238.152,293.15,238.134,293.15,238.133,293.15,238.142,238.15,0,0,6.20084e-10,1.73549e-08
135,293.15,293.15,293.15,1.25056e-12,293.15,238.174,293.15,238.148,293.15,238.124,293.15,238.177,293.15,238.191,293.15,238.192,293.15,238.197,293.15,238.166,293.15,238.116,293.15,238.122,293.15,238.143,293.15,238.181,293.15,238.147,293.15,238.125,293.15,238.147,293.15,238.139,293.15,238.182,293.15,238.114,293.15,238.123,293.15,238.187,293.15,238.117,293.15,238.136,293.15,238.137,293.15,238.192,293.15,238.136,293.15,238.151,293.15,238.122,293.15,238.144,293.15,238.148,293.15,238.156,293.15,238.184,293.15,238.135,293.15,238.194,293.15,238.123,293.15,238.168,293.15,238.138,293.15,238.111,293.15,238.178,293.15,238.161,293.15,238.173,293.15,238.147,293.15,238.172,293.15,238.12,293.15,238.146,293.15,238.133,293.15,238.102,293.15,238.165,293.15,238.163,293.15,238.175,293.15,238.154,293.15,238.148,293.15,238.109,293.15,238.103,293.15,238.109,293.15,238.109,293.15,238.186,293.15,238.111,293.15,238.189,293.15,238.177,293.15,238.165,293.15,238.111,293.15,238.129,293.15,238.147,293.15,238.123,293.15,238.147,293.15,238.147,293.15,238.132,293.15,238.121,293.15,238.157,293.15,238.193,293.15,238.197,293.15,238.113,293.15,238.154,293.15,238.178,293.15,238.13,293.15,238.182,293.15,238.153,293.15,238.199,293.15,238.15,293.15,238.145,293.15,238.129,293.15,238.197,293.15,238.158,293.15,238.164,293.15,238.166,293.15,238.145,293.15,238.116,293.15,238.152,293.15,238.134,293.15,238.133,293.15,238.142,238.15,0,0,6.24632e-10,1.73013e-08
136,293.15,293.15,293.15,1.3074e-12,293.15,238.174,293.15,238.148,293.15,238.124,293.15,238.177,293.15,238.191,293.15,238.192,293.15,238.197,293.15,238.166,293.15,238.116,293.15,238.122,293.15,238.143,293.15,238.181,293.15,238.147,293.15,238.125,293.15,238.147,293.15,238.139,293.15,238.182,293.15,238.114,293.15,238.123,293.15,238.187,293.15,238.117,293.15,238.136,293.15,238.137,293.15,238.192,293.15,238.136,293.15,238.151,293.15,238.122,293.15,238.144,293.15,238.148,293.15,238.156,293.15,238.184,293.15,238.135,293.15,238.194,293.15,238.123,293.15,238.168,293.15,238.138,293.15,238.111,293.15,238.178,293.15,238.161,293.15,238.173,293.15,238.147,293.15,238.172,293.15,238.12,293.15,238.146,293.15,238.133,293.15,238.102,293.15,238.165,293.15,238.163,293.15,238.175,293.15,238.154,293.15,238.148,293.15,238.109,293.15,238.103,293.15,238.109,293.15,238.109,293.15,238.186,293.15,238.111,293.15,238.189,293.15,238.177,293.15,238.165,293.15,238.111,293.15,238.129,293.15,238.147,293.15,238.123,293.15,238.147,293.15,238.147,293.15,238.132,293.15,238.121,293.15,238.157,293.15,238.193,293.15,238.197,293.15,238.113,293.15,238.154,293.15,238.178,293.15,238.13,293.15,238.182,293.15,238.153,293.15,238.199,293.15,238.15,293.15,238.145,293.15,238.129,293.15,238.197,293.15,238.158,293.15,238.164,293.15,238.166,293.15,238.145,293.15,238.116,293.15,238.152,293.15,238.134,293.15,238.133,293.15,238.142,238.15,0,0,6.29193e-10,1.73947e-08
137,293.15,293.15,293.15,1.25056e-12,293.15,238.174,293.15,238.148,293.15,238.124,293.15,238.177,293.15,238.191,293.15,238.192,293.15,238.197,293.15,238.166,293.15,238.116,293.15,238.122,293.15,238.143,293.15,238.181,293.15,238.147,293.15,238.125,293.15,238.147,293.15,238.139,293.15,238.182,293.15,238.114,293.15,238.123,293.15,238.187,293.15,238.117,293.15,238.136,293.15,238.137,293.15,238.192,293.15,238.136,293.15,238.151,293.15,238.122,293.15,238.144,293.15,238.148,293.15,238.156,293.15,238.184,293.15,238.135,293.15,238.194,293.15,238.123,293.15,238.168,293.15,238.138,293.15,238.111,293.15,238.178,293.15,238.161,293.15,238.173,293.15,238.147,293.15,238.172,293.15,238.12,293.15,238.146,293.15,238.133,293.15,238.102,293.15,238.165,293.15,238.163,293.15,238.175,293.15,238.154,293.15,238.148,293.15,238.109,293.15,238.103,293.15,238.109,293.15,238.109,293.15,238.186,293.15,238.111,293.15,238.189,293.15,238.177,293.15,238.165,293.15,238.111,293.15,238.129,293.15,238.147,293.15,238.123,293.15,238.147,293.15,238.147,293.15,238.132,293.15,238.121,293.15,238.157,293.15,238.193,293.15,238.197,293.15,238.113,293.15,238.154,293.15,238.178,293.15,238.13,293.15,238.182,293.15,238.153,293.15,238.199,293.15,238.15,293.15,238.145,293.15,238.129,293.15,238.197,293.15,238.158,293.15,238.164,293.15,238.166,293.15,238.145,293.15,238.116,293.15,238.152,293.15,238.134,293.15,238.133,293.15,238.142,238.15,0,0,6.33724e-10,1.72407e-08
138,293.15,293.15,293.15,1.3074e-12,293.15,238.174,293.15,238.148,293.15,238.124,293.15,238.177,293.15,238.191,293.15,238.192,293.15,238.197,293.15,238.166,293.15,238.116,293.15,238.122,293.15,238.143,293.15,238.181,293.15,238.147,293.15,238.125,293.15,238.147,293.15,238.139,293.15,238.182,293.15,238.114,293.15,238.123,293.15,238.187,293.15,238.117,293.15,238.136,293.15,238.137,293.15,238.192,293.15,238.136,293.15,238.151,293.15,238.122,293.15,238.144,293.15,238.148,293.15,238.156,293.15,238.184,293.15,238.135,293.15,238.194,293.15,238.123,293.15,238.168,293.15,238.138,293.15,238.111,293.15,238.178,293.15,238.161,293.15,238.173,293.15,238.147,293.15,238.172,293.15,238.12,293.15,238.146,293.15,238.133,293.15,238.102,293.15,238.165,293.15,238.163,293.15,238.175,293.15,238.154,293.15,238.148,293.15,238.109,293.15,238.103,293.15,238.109,293.15,238.109,293.15,238.186,293.15,238.111,293.15,238.189,293.15,238.177,293.15,238.165,293.15,238.111,293.15,238.129,293.15,238.147,293.15,238.123,293.15,238.147,293.15,238.147,293.15,238.132,293.15,238.121,293.15,238.157,293.15,238.193,293.15,238.197,293.15,238.113,293.15,238.154,293.15,238.178,293.15,238.13,293.15,238.182,293.15,238.153,293.15,238.199,293.15,238.15,293.15,238.145,293.15,238.129,293.15,238.197,293.15,238.158,293.15,238.164,293.15,238.166,293.15,238.145,293.15,238.116,293.15,238.152,293.15,238.134,293.15,238.133,293.15,238.142,238.15,0,0,6.38269e-10,1.73088e-08
139,293.15,293.15,293.15,1.25056e-12,293.15,238.174,293.15,238.148,293.15,238.124,293.15,238.177,293.15,238.191,293.15,238.192,293.15,238.197,293.15,238.166,293.15,238.116,293.15,238.122,293.15,238.143,293.15,238.181,293.15,238.147,293.15,238.125,293.15,238.147,293.15,238.139,293.15,238.182,293.15,238.114,293.15,238.123,293.15,238.187,293.15,238.117,293.15,238.136,293.15,238.137,293.15,238.192,293.15,238.136,293.15,238.151,293.15,238.122,293.15,238.144,293.15,238.148,293.15,238.156,293.15,238.184,293.15,238.135,293.15,238.194,293.15,238.123,293.15,238.168,293.15,238.138,293.15,238.111,293.15,238.178,293.15,238.161,293.15,238.173,293.15,238.147,293.15,238.172,293.15,238.12,293.15,238.146,293.15,238.133,293.15,238.102,293.15,238.165,293.15,238.163,293.15,238.175,293.15,238.154,293.15,238.148,293.15,238.109,293.15,238.103,293.15,238.109,293.15,238.109,293.15,238.186,293.15,238.111,293.15,238.189,293.15,238.177,293.15,238.165,293.15,238.111,293.15,238.129,293.15,238.147,293.15,238.123,293.15,238.147,293.15,238.147,293.15,238.132,293.15,238.121,293.15,238.157,293.15,238.193,293.15,238.197,293.15,238.113,293.15,238.154,293.15,238.178,293.15,238.13,293.15,238.182,293.15,238.153,293.15,238.199,293.15,238.15,293.15,238.145,293.15,238.129,293.15,238.197,293.15,238.158,293.15,238.164,293.15,238.166,293.15,238.145,293.15,238.116,293.15,238.152,293.15,238.134,293.15,238.133,293.15,238.142,238.15,0,0,6.42786e-10,1.73167e-08
140,293.15,293.15,293.15,1.19371e-12,293.15,238.174,293.15,238.148,293.15,238.124,293.15,238.177,293.15,238.191,293.15,238.192,293.15,238.197,293.15,238.166,293.15,238.116,293.15,238.122,293.15,238.143,293.15,238.181,293.15,238.147,293.15,238.125,293.15,238.147,293.15,238.139,293.15,238.182,293.15,238.114,293.15,238.123,293.15,238.187,293.15,238.117,293.15,238.136,293.15,238.137,293.15,238.192,293.15,238.136,293.15,238.151,293.15,238.122,293.15,238.144,293.15,238.148,293.15,238.156,293.15,238.184,293.15,238.135,293.15,238.194,293.15,238.123,293.15,238.168,293.15,238.138,293.15,238.111,293.15,238.178,293.15,238.161,293.15,238.173,293.15,238.147,293.15,238.172,293.15,238.12,293.15,238.146,293.15,238.133,293.15,238.102,293.15,238.165,293.15,238.163,293.15,238.175,293.15,238.154,293.15,238.148,293.15,238.109,293.15,238.103,293.15,238.109,293.15,238.109,293.15,238.186,293.15,238.111,293.15,238.189,293.15,238.177,293.15,238.165,293.15,238.111,293.15,238.129,293.15,238.147,293.15,238.123,293.15,238.147,293.15,238.147,293.15,238.132,293.15,238.121,293.15,238.157,293.15,238.193,293.15,238.197,293.15,238.113,293.15,238.154,293.15,238.178,293.15,238.13,293.15,238.182,293.15,238.153,293.15,238.199,293.15,238.15,293.15,238.145,293.15,238.129,293.15,238.197,293.15,238.158,293.15,238.164,293.15,238.166,293.15,238.145,293.15,238.116,293.15,238.152,293.15,238.134,293.15,238.133,293.15,238.142,238.15,0,0,6.473e-10,1.73671e-08
141,293.15,293.15,293.15,1.08002e-12,293.15,238.174,293.15,238.148,293.15,238.124,293.15,238.177,293.15,238.191,293.15,238.192,293.15,238.197,293.15,238.166,293.15,238.116,293.15,238.122,293.15,238.143,293.15,238.181,293.15,238.147,293.15,238.125,293.15,238.147,293.15,238.139,293.15,238.182,293.15,238.114,293.15,238.123,293.15,238.187,293.15,238.117,293.15,238.136,293.15,238.137,293.15,238.192,293.15,238.136,293.15,238.151,293.15,238.122,293.15,238.144,293.15,238.148,293.15,238.156,293.15,238.184,293.15,238.135,293.15,238.194,293.15,238.123,293.15,238.168,293.15,238.138,293.15,238.111,293.15,238.178,293.15,238.161,293.15,238.173,293.15,238.147,293.15,238.172,293.15,238.12,293.15,238.146,293.15,238.133,293.15,238.102,293.15,238.165,293.15,238.163,293.15,238.175,293.15,238.154,293.15,238.148,293.15,238.109,293.15,238.103,293.15,238.109,293.15,238.109,293.15,238.186,293.15,238.111,293.15,238.189,293.15,238.177,293.15,238.165,293.15,238.111,293.15,238.129,293.15,238.147,293.15,238.123,293.15,238.147,293.15,238.147,293.15,238.132,293.15,238.121,293.15,238.157,293.15,238.193,293.15,238.197,293.15,238.113,293.15,238.154,293.15,238.178,293.15,238.13,293.15,238.182,293.15,238.153,293.15,238.199,293.15,238.15,293.15,238.145,293.15,238.129,293.15,238.197,293.15,238.158,293.15,238.164,293.15,238.166,293.15,238.145,293.15,238.116,293.15,238.152,293.15,238.134,293.15,238.133,293.15,238.142,238.15,0,0,6.51804e-10,1.72829e-08
142,293.15,293.15,293.15,1.36424e-12,293.15,238.174,293.15,238.148,293.15,238.124,293.15,238.177,293.15,238.191,293.15,238.192,293.15,238.197,293.15,238.166,293.15,238.116,293.15,238.122,293.15,238.143,293.15,238.181,293.15,238.147,293.15,238.125,293.15,238.147,293.15,238.139,293.15,238.182,293.15,238.114,293.15,238.123,293.15,238.187,293.15,238.117,293.15,238.136,293.15,238.137,293.15,238.192,293.15,238.136,293.15,238.151,293.15,238.122,293.15,238.144,293.15,238.148,293.15,238.156,293.15,238.184,293.15,238.135,293.15,238.194,293.15,238.123,293.15,238.168,293.15,238.138,293.15,238.111,293.15,238.178,293.15,238.161,293.15,238.173,293.15,238.147,293.15,238.172,293.15,238.12,293.15,238.146,293.15,238.133,293.15,238.102,293.15,238.165,293.15,238.163,293.15,238.175,293.15,238.154,293.15,238.148,293.15,238.109,293.15,238.103,293.15,238.109,293.15,238.109,293.15,238.186,293.15,238.111,293.15,238.189,293.15,238.177,293.15,238.165,293.15,238.111,293.15,238.129,293.15,238.147,293.15,238.123,293.15,238.147,293.15,238.147,293.15,238.132,293.15,238.121,293.15,238.157,293.15,238.193,293.15,238.197,293.15,238.113,293.15,238.154,293.15,238.178,293.15,238.13,293.15,238.182,293.15,238.153,293.15,238.199,293.15,238.15,293.15,238.145,293.15,238.129,293.15,238.197,293.15,238.158,293.15,238.164,293.15,238.166,293.15,238.145,293.15,238.116,293.15,238.152,293.15,238.134,293.15,238.133,293.15,238.142,238.15,0,0,6.56327e-10,1.73227e-08
143,293.15,293.15,293.15,1.13687e-12,293.15,238.174,293.15,238.148,293.15,238.124,293.15,238.177,293.15,238.191,293.15,238.192,293.15,238.197,293.15,238.166,293.15,238.116,293.15,238.122,293.15,238.143,293.15,238.181,293.15,238.147,293.15,238.125,293.15,238.147,293.15,238.139,293.15,238.182,293.15,238.114,293.15,238.123,293.15,238.187,293.15,238.117,293.15,238.136,293.15,238.137,293.15,238.192,293.15,238.136,293.15,238.151,293.15,238.122,293.15,238.144,293.15,238.148,293.15,238.156,293.15,238.184,293.15,238.135,293.15,238.194,293.15,238.123,293.15,238.168,293.15,238.138,293.15,238.111,293.15,238.178,293.15,238.161,293.15,238.173,293.15,238.147,293.15,238.172,293.15,238.12,293.15,238.146,293.15,238.133,293.15,238.102,293.15,238.165,293.15,238.163,293.15,238.175,293.15,238.154,293.15,238.148,293.15,238.109,293.15,238.103,293.15,238.109,293.15,238.109,293.15,238.186,293.15,238.111,293.15,238.189,293.15,238.177,293.15,238.165,293.15,238.111,293.15,238.129,293.15,238.147,293.15,238.123,293.15,238.147,293.15,238.147,293.15,238.132,293.15,238.121,293.15,238.157,293.15,238.193,293.15,238.197,293.15,238.113,293.15,238.154,293.15,238.178,293.15,238.13,293.15,238.182,293.15,238.153,293.15,238.199,293.15,238.15,293.15,238.145,293.15,238.129,293.15,238.197,293.15,238.158,293.15,238.164,293.15,238.166,293.15,238.145,293.15,238.116,293.15,238.152,293.15,238.134,293.15,238.133,293.15,238.142,238.15,0,0,6.60847e-10,1.73106e-08
144,293.15,293.15,293.15,1.19371e-12,293.15,238.174,293.15,238.148,293.15,238.124,293.15,238.177,293.15,238.191,293.15,238.192,293.15,238.197,293.15,238.166,293.15,238.116,293.15,238.122,293.15,238.143,293.15,238.181,293.15,238.147,293.15,238.125,293.15,238.147,293.15,238.139,293.15,238.182,293.15,238.114,293.15,238.123,293.15,238.187,293.15,238.117,293.15,238.136,293.15,238.137,293.15,238.192,293.15,238.136,293.15,238.151,293.15,238.122,293.15,238.144,293.15,238.148,293.15,238.156,293.15,238.184,293.15,238.135,293.15,238.194,293.15,238.123,293.15,238.168,293.15,238.138,293.15,238.111,293.15,238.178,293.15,238.161,293.15,238.173,293.15,238.147,293.15,238.172,293.15,238.12,293.15,238.146,293.15,238.133,293.15,238.102,293.15,238.165,293.15,238.163,293.15,238.175,293.15,238.154,293.15,238.148,293.15,238.109,293.15,238.103,293.15,238.109,293.15,238.109,293.15,238.186,293.15,238.111,293.15,238.189,293.15,238.177,293.15,238.165,293.15,238.111,293.15,238.129,293.15,238.147,293.15,238.123,293.15,238.147,293.15,238.147,293.15,238.132,293.15,238.121,293.15,238.157,293.15,238.193,293.15,238.197,293.15,238.113,293.15,238.154,293.15,238.178,293.15,238.13,293.15,238.182,293.15,238.153,293.15,238.199,293.15,238.15,293.15,238.145,293.15,238.129,293.15,238.197,293.15,238.158,293.15,238.164,293.15,238.166,293.15,238.145,293.15,238.116,293.15,238.152,293.15,238.134,293.15,238.133,293.15,238.142,238.15,0,0,6.6536e-10,1.73527e-08
145,293.15,293.15,293.15,1.42109e-12,293.15,238.174,293.15,238.148,293.15,238.124,293.15,238.177,293.15,238.191,293.15,238.192,293.15,238.197,293.15,238.166,293.15,238.116,293.15,238.122,293.15,238.143,293.15,238.181,293.15,238.147,293.15,238.125,293.15,238.147,293.15,238.139,293.15,238.182,293.15,238.114,293.15,238.123,293.15,238.187,293.15,238.117,293.15,238.136,293.15,238.137,293.15,238.192,293.15,238.136,293.15,238.151,293.15,238.122,293.15,238.144,293.15,238.148,293.15,238.156,293.15,238.184,293.15,238.135,293.15,238.194,293.15,238.123,293.15,238.168,293.15,238.138,293.15,238.111,293.15,238.178,293.15,238.161,293.15,238.173,293.15,238.147,293.15,238.172,293.15,238.12,293.15,238.146,293.15,238.133,293.15,238.102,293.15,238.165,293.15,238.163,293.15,238.175,293.15,238.154,293.15,238.148,293.15,238.109,293.15,238.103,293.15,238.109,293.15,238.109,293.15,238.186,293.15,238.111,293.15,238.189,293.15,238.177,293.15,238.165,293.15,238.111,293.15,238.129,293.15,238.147,293.15,238.123,293.15,238.147,293.15,238.147,293.15,238.132,293.15,238.121,293.15,238.157,293.15,238.193,293.15,238.197,293.15,238.113,293.15,238.154,293.15,238.178,293.15,238.13,293.15,238.182,293.15,238.153,293.15,238.199,293.15,238.15,293.15,238.145,293.15,238.129,293.15,238.197,293.15,238.158,293.15,238.164,293.15,238.166,293.15,238.145,293.15,238.116,293.15,238.152,293.15,238.134,293.15,238.133,293.15,238.142,238.15,0,0,6.69861e-10,1.74328e-08
146,293.15,293.15,293.15,1.3074e-12,293.15,238.174,293.15,238.148,293.15,238.124,293.15,238.177,293.15,238.191,293.15,238.192,293.15,238.197,293.15,238.166,293.15,238.116,293.15,238.122,293.15,238.143,293.15,238.181,293.15,238.147,293.15,238.125,293.15,238.147,293.15,238.139,293.15,238.182,293.15,238.114,293.15,238.123,293.15,238.187,293.15,238.117,293.15,238.136,293.15,238.137,293.15,238.192,293.15,238.136,293.15,238.151,293.15,238.122,293.15,238.144,293.15,238.148,293.15,238.156,293.15,238.184,293.15,238.135,293.15,238.194,293.15,238.123,293.15,238.168,293.15,238.138,293.15,238.111,293.15,238.178,293.15,238.161,293.15,238.173,293.15,238.147,293.15,238.172,293.15,238.12,293.15,238.146,293.15,238.133,293.15,238.102,293.15,238.165,293.15,238.163,293.15,238.175,293.15,238.154,293.15,238.148,293.15,238.109,293.15,238.103,293.15,238.109,293.15,238.109,293.15,238.186,293.15,238.111,293.15,238.189,293.15,238.177,293.15,238.165,293.15,238.111,293.15,238.129,293.15,238.147,293.15,238.123,293.15,238.147,293.15,238.147,293.15,238.132,293.15,238.121,293.15,238.157,293.15,238.193,293.15,238.197,293.15,238.113,293.15,238.154,293.15,238.178,293.15,238.13,293.15,238.182,293.15,238.153,293.15,238.199,293.15,238.15,293.15,238.145,293.15,238.129,293.15,238.197,293.15,238.158,293.15,238.164,293.15,238.166,293.15,238.145,293.15,238.116,293.15,238.152,293.15,238.134,293.15,238.133,293.15,238.142,238.15,0,0,6.74352e-10,1.7476e-08
147,293.15,293.15,293.15,1.3074e-12,293.15,238.174,293.15,238.148,293.15,238.124,293.15,238.177,293.15,238.191,293.15,238.192,293.15,238.197,293.15,238.166,293.15,238.116,293.15,238.122,293.15,238.143,293.15,238.181,293.15,238.147,293.15,238.125,293.15,238.147,293.15,238.139,293.15,238.182,293.15,238.114,293.15,238.123,293.15,238.187,293.15,238.117,293.15,238.136,293.15,238.137,293.15,238.192,293.15,238.136,293.15,238.151,293.15,238.122,293.15,238.144,293.15,238.148,293.15,238.156,293.15,238.184,293.15,238.135,293.15,238.194,293.15,238.123,293.15,238.168,293.15,238.138,293.15,238.111,293.15,238.178,293.15,238.161,293.15,238.173,293.15,238.147,293.15,238.172,293.15,238.12,293.15,238.146,293.15,238.133,293.15,238.102,293.15,238.165,293.15,238.163,293.15,238.175,293.15,238.154,293.15,238.148,293.15,238.109,293.15,238.103,293.15,238.109,293.15,238.109,293.15,238.186,293.15,238.111,293.15,238.189,293.15,238.177,293.15,238.165,293.15,238.111,293.15,238.129,293.15,238.147,293.15,238.123,293.15,238.147,293.15,238.147,293.15,238.132,293.15,238.121,293.15,238.157,293.15,238.193,293.15,238.197,293.15,238.113,293.15,238.154,293.15,238.178,293.15,238.13,293.15,238.182,293.15,238.153,293.15,238.199,293.15,238.15,293.15,238.145,293.15,238.129,293.15,238.197,293.15,238.158,293.15,238.164,293.15,238.166,293.15,238.145,293.15,238.116,293.15,238.152,293.15,238.134,293.15,238.133,293.15,238.142,238.15,0,0,6.78843e-10,1.74626e-08
148,293.15,293.15,293.15,1.19371e-12,293.15,238.174,293.15,238.148,293.15,238.124,293.15,238.177,293.15,238.191,293.15,238.192,293.15,238.197,293.15,238.166,293.15,238.116,293.15,238.122,293.15,238.143,293.15,238.181,293.15,238.147,293.15,238.125,293.15,238.147,293.15,238.139,293.15,238.182,293.15,238.114,293.15,238.123,293.15,238.187,293.15,238.117,293.15,238.136,293.15,238.137,293.15,238.192,293.15,238.136,293.15,238.151,293.15,238.122,293.15,238.144,293.15,238.148,293.15,238.156,293.15,238.184,293.15,238.135,293.15,238.194,293.15,238.123,293.15,238.168,293.15,238.138,293.15,238.111,293.15,238.178,293.15,238.161,293.15,238.173,293.15,238.147,293.15,238.172,293.15,238.12,293.15,238.146,293.15,238.133,293.15,238.102,293.15,238.165,293.15,238.163,293.15,238.175,293.15,238.154,293.15,238.148,293.15,238.109,293.15,238.103,293.15,238.109,293.15,238.109,293.15,238.186,293.15,238.111,293.15,238.189,293.15,238.177,293.15,238.165,293.15,238.111,293.15,238.129,293.15,238.147,293.15,238.123,293.15,238.147,293.15,238.147,293.15,238.132,293.15,238.121,293.15,238.157,293.15,238.193,293.15,238.197,293.15,238.113,293.15,238.154,293.15,238.178,293.15,238.13,293.15,238.182,293.15,238.153,293.15,238.199,293.15,238.15,293.15,238.145,293.15,238.129,293.15,238.197,293.15,238.158,293.15,238.164,293.15,238.166,293.15,238.145,293.15,238.116,293.15,238.152,293.15,238.134,293.15,238.133,293.15,238.142,238.15,0,0,6.83363e-10,1.753e-08
149,293.15,293.15,293.15,1.3074e-12,293.15,238.174,293.15,238.148,293.15,238.124,293.15,238.177,293.15,238.191,293.15,238.192,293.15,238.197,293.15,238.166,293.15,238.116,293.15,238.122,293.15,238.143,293.15,238.181,293.15,238.147,293.15,238.125,293.15,238.147,293.15,238.139,293.15,238.182,293.15,238.114,293.15,238.123,293.15,238.187,293.15,238.117,293.15,238.136,293.15,238.137,293.15,238.192,293.15,238.136,293.15,238.151,293.15,238.122,293.15,238.144,293.15,238.148,293.15,238.156,293.15,238.184,293.15,238.135,293.15,238.194,293.15,238.123,293.15,238.168,293.15,238.138,293.15,238.111,293.15,238.178,293.15,238.161,293.15,238.173,293.15,238.147,293.15,238.172,293.15,238.12,293.15,238.146,293.15,238.133,293.15,238.102,293.15,238.165,293.15,238.163,293.15,238.175,293.15,238.154,293.15,238.148,293.15,238.109,293.15,238.103,293.15,238.109,293.15,238.109,293.15,238.186,293.15,238.111,293.15,238.189,293.15,238.177,293.15,238.165,293.15,238.111,293.15,238.129,293.15,238.147,293.15,238.123,293.15,238.147,293.15,238.147,293.15,238.132,293.15,238.121,293.15,238.157,293.15,238.193,293.15,238.197,293.15,238.113,293.15,238.154,293.15,238.178,293.15,238.13,293.15,238.182,293.15,238.153,293.15,238.199,293.15,238.15,293.15,238.145,293.15,238.129,293.15,238.197,293.15,238.158,293.15,238.164,293.15,238.166,293.15,238.145,293.15,238.116,293.15,238.152,293.15,238.134,293.15,238.133,293.15,238.142,238.15,0,0,6.87883e-10,1.73928e-08
150,293.15,293.15,293.15,1.19371e-12,293.15,238.174,293.15,238.148,293.15,238.124,293.15,238.177,293.15,238.191,293.15,238.192,293.15,238.197,293.15,238.166,293.15,238.116,293.15,238.122,293.15,238.143,293.15,238.181,293.15,238.147,293.15,238.125,293.15,238.147,293.15,238.139,293.15,238.182,293.15,238.114,293.15,238.123,293.15,238.187,293.15,238.117,293.15,238.136,293.15,238.137,293.15,238.192,293.15,238.136,293.15,238.151,293.15,238.122,293.15,238.144,293.15,238.148,293.15,238.156,293.15,238.184,293.15,238.135,293.15,238.194,293.15,238.123,293.15,238.168,293.15,238.138,293.15,238.111,293.15,238.178,293.15,238.161,293.15,238.173,293.15,238.147,293.15,238.172,293.15,238.12,293.15,238.146,293.15,238.133,293.15,238.102,293.15,238.165,293.15,238.163,293.15,238.175,293.15,238.154,293.15,238.148,293.15,238.109,293.15,238.103,293.15,238.109,293.15,238.109,293.15,238.186,293.15,238.111,293.15,238.189,293.15,238.177,293.15,238.165,293.15,238.111,293.15,238.129,293.15,238.147,293.15,238.123,293.15,238.147,293.15,238.147,293.15,238.132,293.15,238.121,293.15,238.157,293.15,238.193,293.15,238.197,293.15,238.113,293.15,238.154,293.15,238.178,293.15,238.13,293.15,238.182,293.15,238.153,293.15,238.199,293.15,238.15,293.15,238.145,293.15,238.129,293.15,238.197,293.15,238.158,293.15,238.164,293.15,238.166,293.15,238.145,293.15,238.116,293.15,238.152,293.15,238.134,293.15,238.133,293.15,238.142,238.15,0,0,6.92398e-10,1.73532e-08
151,293.15,293.15,293.15,1.19371e-12,293.15,238.174,293.15,238.148,293.15,238.124,293.15,238.177,293.15,238.191,293.15,238.192,293.15,238.197,293.15,238.166,293.15,238.116,293.15,238.122,293.15,238.143,293.15,238.181,293.15,238.147,293.15,238.125,293.15,238.147,293.15,238.139,293.15,238.182,293.15,238.114,293.15,238.123,293.15,238.187,293.15,238.117,293.15,238.136,293.15,238.137,293.15,238.192,293.15,238.136,293.15,238.151,293.15,238.122,293.15,238.144,293.15,238.148,293.15,238.156,293.15,238.184,293.15,238.135,293.15,238.194,293.15,238.123,293.15,238.168,293.15,238.138,293.15,238.111,293.15,238.178,293.15,238.161,293.15,238.173,293.15,238.147,293.15,238.172,293.15,238.12,293.15,238.146,293.15,238.133,293.15,238.102,293.15,238.165,293.15,238.163,293.15,238.175,293.15,238.154,293.15,238.148,293.15,238.109,293.15,238.103,293.15,238.109,293.15,238.109,293.15,238.186,293.15,238.111,293.15,238.189,293.15,238.177,293.15,238.165,293.15,238.111,293.15,238.129,293.15,238.147,293.15,238.123,293.15,238.147,293.15,238.147,293.15,238.132,293.15,238.121,293.15,238.157,293.15,238.193,293.15,238.197,293.15,238.113,293.15,238.154,293.15,238.178,293.15,238.13,293.15,238.182,293.15,238.153,293.15,238.199,293.15,238.15,293.15,238.145,293.15,238.129,293.15,238.197,293.15,238.158,293.15,238.164,293.15,238.166,293.15,238.145,293.15,238.116,293.15,238.152,293.15,238.134,293.15,238.133,293.15,238.142,238.15,0,0,6.96902e-10,1.74322e-08
152,293.15,293.15,293.15,1.36424e-12,293.15,238.174,293.15,238.148,293.15,238.124,293.15,238.177,293.15,238.191,293.15,238.192,293.15,238.197,293.15,238.166,293.15,238.116,293.15,238.122,293.15,238.143,293.15,238.181,293.15,238.147,293.15,238.125,293.15,238.147,293.15,238.139,293.15,238.182,293.15,238.114,293.15,238.123,293.15,238.187,293.15,238.117,293.15,238.136,293.15,238.137,293.15,238.192,293.15,238.136,293.15,238.151,293.15,238.122,293.15,238.144,293.15,238.148,293.15,238.156,293.15,238.184,293.15,238.135,293.15,238.194,293.15,238.123,293.15,238.168,293.15,238.138,293.15,238.111,293.15,238.178,293.15,238.161,293.15,238.173,293.15,238.147,293.15,238.172,293.15,238.12,293.15,238.146,293.15,238.133,293.15,238.102,293.15,238.165,293.15,238.163,293.15,238.175,293.15,238.154,293.15,238.148,293.15,238.109,293.15,238.103,293.15,238.109,293.15,238.109,293.15,238.186,293.15,238.111,293.15,238.189,293.15,238.177,293.15,238.165,293.15,238.111,293.15,238.129,293.15,238.147,293.15,238.123,293.15,238.147,293.15,238.147,293.15,238.132,293.15,238.121,293.15,238.157,293.15,238.193,293.15,238.197,293.15,238.113,293.15,238.154,293.15,238.178,293.15,238.13,293.15,238.182,293.15,238.153,293.15,238.199,293.15,238.15,293.15,238.145,293.15,238.129,293.15,238.197,293.15,238.158,293.15,238.164,293.15,238.166,293.15,238.145,293.15,238.116,293.15,238.152,293.15,238.134,293.15,238.133,293.15,238.142,238.15,0,0,7.01391e-10,1.7384e-08
153,293.15,293.15,293.15,1.13687e-12,293.15,238.174,293.15,238.148,293.15,238.124,293.15,238.177,293.15,238.191,293.15,238.192,293.15,238.197,293.15,238.166,293.15,238.116,293.15,238.122,293.15,238.143,293.15,238.181,293.15,238.147,293.15,238.125,293.15,238.147,293.15,238.139,293.15,238.182,293.15,238.114,293.15,238.123,293.15,238.187,293.15,238.117,293.15,238.136,293.15,238.137,293.15,238.192,293.15,238.136,293.15,238.151,293.15,238.122,293.15,238.144,293.15,238.148,293.15,238.156,293.15,238.184,293.15,238.135,293.15,238.194,293.15,238.123,293.15,238.168,293.15,238.138,293.15,238.111,293.15,238.178,293.15,238.161,293.15,238.173,293.15,238.147,293.15,238.172,293.15,238.12,293.15,238.146,293.15,238.133,293.15,238.102,293.15,238.165,293.15,238.163,293.15,238.175,293.15,238.154,293.15,238.148,293.15,238.109,293.15,238.103,293.15,238.109,293.15,238.109,293.15,238.186,293.15,238.111,293.15,238.189,293.15,238.177,293.15,238.165,293.15,238.111,293.15,238.129,293.15,238.147,293.15,238.123,293.15,238.147,293.15,238.147,293.15,238.132,293.15,238.121,293.15,238.157,293.15,238.193,293.15,238.197,293.15,238.113,293.15,238.154,293.15,238.178,293.15,238.13,293.15,238.182,293.15,238.153,293.15,238.199,293.15,238.15,293.15,238.145,293.15,238.129,293.15,238.197,293.15,238.158,293.15,238.164,293.15,238.166,293.15,238.145,293.15,238.116,293.15,238.152,293.15,238.134,293.15,238.133,293.15,238.142,238.15,0,0,7.05903e-10,1.74118e-08
154,293.15,293.15,293.15,1.36424e-12,293.15,238.174,293.15,238.148,293.15,238.124,293.15,238.177,293.15,238.191,293.15,238.192,293.15,238.197,293.15,238.166,293.15,238.116,293.15,238.122,293.15,238.143,293.15,238.181,293.15,238.147,293.15,238.125,293.15,238.147,293.15,238.139,293.15,238.182,293.15,238.114,293.15,238.123,293.15,238.187,293.15,238.117,293.15,238.136,293.15,238.137,293.15,238.192,293.15,238.136,293.15,238.151,293.15,238.122,293.15,238.144,293.15,238.148,293.15,238.156,293.15,238.184,293.15,238.135,293.15,238.194,293.15,238.123,293.15,238.168,293.15,238.138,293.15,238.111,293.15,238.178,293.15,238.161,293.15,238.173,293.15,238.147,293.15,238.172,293.15,238.12,293.15,238.146,293.15,238.133,293.15,238.102,293.15,238.165,293.15,238.163,293.15,238.175,293.15,238.154,293.15,238.148,293.15,238.109,293.15,238.103,293.15,238.109,293.15,238.109,293.15,238.186,293.15,238.111,293.15,238.189,293.15,238.177,293.15,238.165,293.15,238.111,293.15,238.129,293.15,238.147,293.15,238.123,293.15,238.147,293.15,238.147,293.15,238.132,293.15,238.121,293.15,238.157,293.15,238.193,293.15,238.197,293.15,238.113,293.15,238.154,293.15,238.178,293.15,238.13,293.15,238.182,293.15,238.153,293.15,238.199,293.15,238.15,293.15,238.145,293.15,238.129,293.15,238.197,293.15,238.158,293.15,238.164,293.15,238.166,293.15,238.145,293.15,238.116,293.15,238.152,293.15,238.134,293.15,238.133,293.15,238.142,238.15,0,0,7.10403e-10,1.74209e-08
155,293.15,293.15,293.15,1.25056e-12,293.15,238.174,293.15,238.148,293.15,238.124,293.15,238.177,293.15,238.191,293.15,238.192,293.15,238.197,293.15,238.166,293.15,238.116,293.15,238.122,293.15,238.143,293.15,238.181,293.15,238.147,293.15,238.125,293.15,238.147,293.15,238.139,293.15,238.182,293.15,238.114,293.15,238.123,293.15,238.187,293.15,238.117,293.15,238.136,293.15,238.137,293.15,238.192,293.15,238.136,293.15,238.151,293.15,238.122,293.15,238.144,293.15,238.148,293.15,238.156,293.15,238.184,293.15,238.135,293.15,238.194,293.15,238.123,293.15,238.168,293.15,238.138,293.15,238.111,293.15,238.178,293.15,238.161,293.15,238.173,293.15,238.147,293.15,238.172,293.15,238.12,293.15,238.146,293.15,238.133,293.15,238.102,293.15,238.165,293.15,238.163,293.15,238.175,293.15,238.154,293.15,238.148,293.15,238.109,293.15,238.103,293.15,238.109,293.15,238.109,293.15,238.186,293.15,238.111,293.15,238.189,293.15,238.177,293.15,238.165,293.15,238.111,293.15,238.129,293.15,238.147,293.15,238.123,293.15,238.147,293.15,238.147,293.15,238.132,293.15,238.121,293.15,238.157,293.15,238.193,293.15,238.197,293.15,238.113,293.15,238.154,293.15,238.178,293.15,238.13,293.15,238.182,293.15,238.153,293.15,238.199,293.15,238.15,293.15,238.145,293.15,238.129,293.15,238.197,293.15,238.158,293.15,238.164,293.15,238.166,293.15,238.145,293.15,238.116,293.15,238.152,293.15,238.134,293.15,238.133,293.15,238.142,238.15,0,0,7.14891e-10,1.73614e-08
156,293.15,293.15,293.15,1.13687e-12,293.15,238.174,293.15,238.148,293.15,238.124,293.15,238.177,293.15,238.191,293.15,238.192,293.15,238.197,293.15,238.166,293.15,238.116,293.15,238.122,293.15,238.143,293.15,238.181,293.15,238.147,293.15,238.125,293.15,238.147,293.15,238.139,293.15,238.182,293.15,238.114,293.15,238.123,293.15,238.187,293.15,238.117,293.15,238.136,293.15,238.137,293.15,238.192,293.15,238.136,293.15,238.151,293.15,238.122,293.15,238.144,293.15,238.148,293.15,238.156,293.15,238.184,293.15,238.135,293.15,238.194,293.15,238.123,293.15,238.168,293.15,238.138,293.15,238.111,293.15,238.178,293.15,238.161,293.15,238.173,293.15,238.147,293.15,238.172,293.15,238.12,293.15,238.146,293.15,238.133,293.15,238.102,293.15,238.165,293.15,238.163,293.15,238.175,293.15,238.154,293.15,238.148,293.15,238.109,293.15,238.103,293.15,238.109,293.15,238.109,293.15,238.186,293.15,238.111,293.15,238.189,293.15,238.177,293.15,238.165,293.15,238.111,293.15,238.129,293.15,238.147,293.15,238.123,293.15,238.147,293.15,238.147,293.15,238.132,293.15,238.121,293.15,238.157,293.15,238.193,293.15,238.197,293.15,238.113,293.15,238.154,293.15,238.178,293.15,238.13,293.15,238.182,293.15,238.153,293.15,238.199,293.15,238.15,293.15,238.145,293.15,238.129,293.15,238.197,293.15,238.158,293.15,238.164,293.15,238.166,293.15,238.145,293.15,238.116,293.15,238.152,293.15,238.134,293.15,238.133,293.15,238.142,238.15,0,0,7.19416e-10,1.73717e-08
157,293.15,293.15,293.15,1.25056e-12,293.15,238.174,293.15,238.148,293.15,238.124,293.15,238.177,293.15,238.191,293.15,238.192,293.15,238.197,293.15,238.166,293.15,238.116,293.15,238.122,293.15,238.143,293.15,238.181,293.15,238.147,293.15,238.125,293.15,238.147,293.15,238.139,293.15,238.182,293.15,238.114,293.15,238.123,293.15,238.187,293.15,238.117,293.15,238.136,293.15,238.137,293.15,238.192,293.15,238.136,293.15,238.151,293.15,238.122,293.15,238.144,293.15,238.148,293.15,238.156,293.15,238.184,293.15,238.135,293.15,238.194,293.15,238.123,293.15,238.168,293.15,238.138,293.15,238.111,293.15,238.178,293.15,238.161,293.15,238.173,293.15,238.147,293.15,238.172,293.15,238.12,293.15,238.146,293.15,238.133,293.15,238.102,293.15,238.165,293.15,238.163,293.15,238.175,293.15,238.154,293.15,238.148,293.15,238.109,293.15,238.103,293.15,238.109,293.15,238.109,293.15,238.186,293.15,238.111,293.15,238.189,293.15,238.177,293.15,238.165,293.15,238.111,293.15,238.129,293.15,238.147,293.15,238.123,293.15,238.147,293.15,238.147,293.15,238.132,293.15,238.121,293.15,238.157,293.15,238.193,293.15,238.197,293.15,238.113,293.15,238.154,293.15,238.178,293.15,238.13,293.15,238.182,293.15,238.153,293.15,238.199,293.15,238.15,293.15,238.145,293.15,238.129,293.15,238.197,293.15,238.158,293.15,238.164,293.15,238.166,293.15,238.145,293.15,238.116,293.15,238.152,293.15,238.134,293.15,238.133,293.15,238.142,238.15,0,0,7.23945e-10,1.73566e-08
158,293.15,293.15,293.15,1.25056e-12,293.15,238.174,293.15,238.148,293.15,238.124,293.15,238.177,293.15,238.191,293.15,238.192,293.15,238.197,293.15,238.166,293.15,238.116,293.15,238.122,293.15,238.143,293.15,238.181,293.15,238.147,293.15,238.125,293.15,238.147,293.15,238.139,293.15,238.182,293.15,238.114,293.15,238.123,293.15,238.187,293.15,238.117,293.15,238.136,293.15,238.137,293.15,238.192,293.15,238.136,293.15,238.151,293.15,238.122,293.15,238.144,293.15,238.148,293.15,238.156,293.15,238.184,293.15,238.135,293.15,238.194,293.15,238.123,293.15,238.168,293.15,238.138,293.15,238.111,293.15,238.178,293.15,238.161,293.15,238.173,293.15,238.147,293.15,238.172,293.15,238.12,293.15,238.146,293.15,238.133,293.15,238.102,293.15,238.165,293.15,238.163,293.15,238.175,293.15,238.154,293.15,238.148,293.15,238.109,293.15,238.103,293.15,238.109,293.15,238.109,293.15,238.186,293.15,238.111,293.15,238.189,293.15,238.177,293.15,238.165,293.15,238.111,293.15,238.129,293.15,238.147,293.15,238.123,293.15,238.147,293.15,238.147,293.15,238.132,293.15,238.121,293.15,238.157,293.15,238.193,293.15,238.197,293.15,238.113,293.15,238.154,293.15,238.178,293.15,238.13,293.15,238.182,293.15,238.153,293.15,238.199,293.15,238.15,293.15,238.145,293.15,238.129,293.15,238.197,293.15,238.158,293.15,238.164,293.15,238.166,293.15,238.145,293.15,238.116,293.15,238.152,293.15,238.134,293.15,238.133,293.15,238.142,238.15,0,0,7.28439e-10,1.7445e-08
159,293.15,293.15,293.15,1.19371e-12,293.15,238.174,293.15,238.148,293.15,238.124,293.15,238.177,293.15,238.191,293.15,238.192,293.15,238.197,293.15,238.166,293.15,238.116,293.15,238.122,293.15,238.143,293.15,238.181,293.15,238.147,293.15,238.125,293.15,238.147,293.15,238.139,293.15,238.182,293.15,238.114,293.15,238.123,293.15,238.187,293.15,238.117,293.15,238.136,293.15,238.137,293.15,238.192,293.15,238.136,293.15,238.151,293.15,238.122,293.15,238.144,293.15,238.148,293.15,238.156,293.15,238.184,293.15,238.135,293.15,238.194,293.15,238.123,293.15,238.168,293.15,238.138,293.15,238.111,293.15,238.178,293.15,238.161,293.15,238.173,293.15,238.147,293.15,238.172,293.15,238.12,293.15,238.146,293.15,238.133,293.15,238.102,293.15,238.165,293.15,238.163,293.15,238.175,293.15,238.154,293.15,238.148,293.15,238.109,293.15,238.103,293.15,238.109,293.15,238.109,293.15,238.186,293.15,238.111,293.15,238.189,293.15,238.177,293.15,238.165,293.15,238.111,293.15,238.129,293.15,238.147,293.15,238.123,293.15,238.147,293.15,238.147,293.15,238.132,293.15,238.121,293.15,238.157,293.15,238.193,293.15,238.197,293.15,238.113,293.15,238.154,293.15,238.178,293.15,238.13,293.15,238.182,293.15,238.153,293.15,238.199,293.15,238.15,293.15,238.145,293.15,238.129,293.15,238.197,293.15,238.158,293.15,238.164,293.15,238.166,293.15,238.145,293.15,238.116,293.15,238.152,293.15,238.134,293.15,238.133,293.15,238.142,238.15,0,0,7.32945e-10,1.71903e-08
160,293.15,293.15,293.15,1.13687e-12,293.15,238.174,293.15,238.148,293.15,238.124,293.15,238.177,293.15,238.191,293.15,238.192,293.15,238.197,293.15,238.166,293.15,238.116,293.15,238.122,293.15,238.143,293.15,238.181,293.15,238.147,293.15,238.125,293.15,238.147,293.15,238.139,293.15,238.182,293.15,238.114,293.15,238.123,293.15,238.187,293.15,238.117,293.15,238.136,293.15,238.137,293.15,238.192,293.15,238.136,293.15,238.151,293.15,238.122,293.15,238.144,293.15,238.148,293.15,238.156,293.15,238.184,293.15,238.135,293.15,238.194,293.15,238.123,293.15,238.168,293.15,238.138,293.15,238.111,293.15,238.178,293.15,238.161,293.15,238.173,293.15,238.147,293.15,238.172,293.15,238.12,293.15,238.146,293.15,238.133,293.15,238.102,293.15,238.165,293.15,238.163,293.15,238.175,293.15,238.154,293.15,238.148,293.15,238.109,293.15,238.103,293.15,238.109,293.15,238.109,293.15,238.186,293.15,238.111,293.15,238.189,293.15,238.177,293.15,238.165,293.15,238.111,293.15,238.129,293.15,238.147,293.15,238.123,293.15,238.147,293.15,238.147,293.15,238.132,293.15,238.121,293.15,238.157,293.15,238.193,293.15,238.197,293.15,238.113,293.15,238.154,293.15,238.178,293.15,238.13,293.15,238.182,293.15,238.153,293.15,238.199,293.15,238.15,293.15,238.145,293.15,238.129,293.15,238.197,293.15,238.158,293.15,238.164,293.15,238.166,293.15,238.145,293.15,238.116,293.15,238.152,293.15,238.134,293.15,238.133,293.15,238.142,238.15,0,0,7.37474e-10,1.74002e-08
161,293.15,293.15,293.15,1.13687e-12,293.15,238.174,293.15,238.148,293.15,238.124,293.15,238.177,293.15,238.191,293.15,238.192,293.15,238.197,293.15,238.166,293.15,238.116,293.15,238.122,293.15,238.143,293.15,238.181,293.15,238.147,293.15,238.125,293.15,238.147,293.15,238.139,293.15,238.182,293.15,238.114,293.15,238.123,293.15,238.187,293.15,238.117,293.15,238.136,293.15,238.137,293.15,238.192,293.15,238.136,293.15,238.151,293.15,238.122,293.15,238.144,293.15,238.148,293.15,238.156,293.15,238.184,293.15,238.135,293.15,238.194,293.15,238.123,293.15,238.168,293.15,238.138,293.15,238.111,293.15,238.178,293.15,238.161,293.15,238.173,293.15,238.147,293.15,238.172,293.15,238.12,293.15,238.146,293.15,238.133,293.15,238.102,293.15,238.165,293.15,238.163,293.15,238.175,293.15,238.154,293.15,238.148,293.15,238.109,293.15,238.103,293.15,238.109,293.15,238.109,293.15,238.186,293.15,238.111,293.15,238.189,293.15,238.177,293.15,238.165,293.15,238.111,293.15,238.129,293.15,238.147,293.15,238.123,293.15,238.147,293.15,238.147,293.15,238.132,293.15,238.121,293.15,238.157,293.15,238.193,293.15,238.197,293.15,238.113,293.15,238.154,293.15,238.178,293.15,238.13,293.15,238.182,293.15,238.153,293.15,238.199,293.15,238.15,293.15,238.145,293.15,238.129,293.15,238.197,293.15,238.158,293.15,238.164,293.15,238.166,293.15,238.145,293.15,238.116,293.15,238.152,293.15,238.134,293.15,238.133,293.15,238.142,238.15,0,0,7.4194e-10,1.7216e-08
162,293.15,293.15,293.15,1.19371e-12,293.15,238.174,293.15,238.148,293.15,238.124,293.15,238.177,293.15,238.191,293.15,238.192,293.15,238.197,293.15,238.166,293.15,238.116,293.15,238.122,293.15,238.143,293.15,238.181,293.15,238.147,293.15,238.125,293.15,238.147,293.15,238.139,293.15,238.182,293.15,238.114,293.15,238.123,293.15,238.187,293.15,238.117,293.15,238.136,293.15,238.137,293.15,238.192,293.15,238.136,293.15,238.151,293.15,238.122,293.15,238.144,293.15,238.148,293.15,238.156,293.15,238.184,293.15,238.135,293.15,238.194,293.15,238.123,293.15,238.168,293.15,238.138,293.15,238.111,293.15,238.178,293.15,238.161,293.15,238.173,293.15,238.147,293.15,238.172,293.15,238.12,293.15,238.146,293.15,238.133,293.15,238.102,293.15,238.165,293.15,238.163,293.15,238.175,293.15,238.154,293.15,238.148,293.15,238.109,293.15,238.103,293.15,238.109,293.15,238.109,293.15,238.186,293.15,238.111,293.15,238.189,293.15,238.177,293.15,238.165,293.15,238.111,293.15,238.129,293.15,238.147,293.15,238.123,293.15,238.147,293.15,238.147,293.15,238.132,293.15,238.121,293.15,238.157,293.15,238.193,293.15,238.197,293.15,238.113,293.15,238.154,293.15,238.178,293.15,238.13,293.15,238.182,293.15,238.153,293.15,238.199,293.15,238.15,293.15,238.145,293.15,238.129,293.15,238.197,293.15,238.158,293.15,238.164,293.15,238.166,293.15,238.145,293.15,238.116,293.15,238.152,293.15,238.134,293.15,238.133,293.15,238.142,238.15,0,0,7.4647e-10,1.73733e-08
163,293.15,293.15,293.15,1.13687e-12,293.15,238.174,293.15,238.148,293.15,238.124,293.15,238.177,293.15,238.191,293.15,238.192,293.15,238.197,293.15,238.166,293.15,238.116,293.15,238.122,293.15,238.143,293.15,238.181,293.15,238.147,293.15,238.125,293.15,238.147,293.15,238.139,293.15,238.182,293.15,238.114,293.15,238.123,293.15,238.187,293.15,238.117,293.15,238.136,293.15,238.137,293.15,238.192,293.15,238.136,293.15,238.151,293.15,238.122,293.15,238.144,293.15,238.148,293.15,238.156,293.15,238.184,293.15,238.135,293.15,238.194,293.15,238.123,293.15,238.168,293.15,238.138,293.15,238.111,293.15,238.178,293.15,238.161,293.15,238.173,293.15,238.147,293.15,238.172,293.15,238.12,293.15,238.146,293.15,238.133,293.15,238.102,293.15,238.165,293.15,238.163,293.15,238.175,293.15,238.154,293.15,238.148,293.15,238.109,293.15,238.103,293.15,238.109,293.15,238.109,293.15,238.186,293.15,238.111,293.15,238.189,293.15,238.177,293.15,238.165,293.15,238.111,293.15,238.129,293.15,238.147,293.15,238.123,293.15,238.147,293.15,238.147,293.15,238.132,293.15,238.121,293.15,238.157,293.15,238.193,293.15,238.197,293.15,238.113,293.15,238.154,293.15,238.178,293.15,238.13,293.15,238.182,293.15,238.153,293.15,238.199,293.15,238.15,293.15,238.145,293.15,238.129,293.15,238.197,293.15,238.158,293.15,238.164,293.15,238.166,293.15,238.145,293.15,238.116,293.15,238.152,293.15,238.134,293.15,238.133,293.15,238.142,238.15,0,0,7.50943e-10,1.71539e-08
164,293.15,293.15,293.15,1.08002e-12,293.15,238.174,293.15,238.148,293.15,238.124,293.15,238.177,293.15,238.191,293.15,238.192,293.15,238.197,293.15,238.166,293.15,238.116,293.15,238.122,293.15,238.143,293.15,238.181,293.15,238.147,293.15,238.125,293.15,238.147,293.15,238.139,293.15,238.182,293.15,238.114,293.15,238.123,293.15,238.187,293.15,238.117,293.15,238.136,293.15,238.137,293.15,238.192,293.15,238.136,293.15,238.151,293.15,238.122,293.15,238.144,293.15,238.148,293.15,238.156,293.15,238.184,293.15,238.135,293.15,238.194,293.15,238.123,293.15,238.168,293.15,238.138,293.15,238.111,293.15,238.178,293.15,238.161,293.15,238.173,293.15,238.147,293.15,238.172,293.15,238.12,293.15,238.146,293.15,238.133,293.15,238.102,293.15,238.165,293.15,238.163,293.15,238.175,293.15,238.154,293.15,238.148,293.15,238.109,293.15,238.103,293.15,238.109,293.15,238.109,293.15,238.186,293.15,238.111,293.15,238.189,293.15,238.177,293.15,238.165,293.15,238.111,293.15,238.129,293.15,238.147,293.15,238.123,293.15,238.147,293.15,238.147,293.15,238.132,293.15,238.121,293.15,238.157,293.15,238.193,293.15,238.197,293.15,238.113,293.15,238.154,293.15,238.178,293.15,238.13,293.15,238.182,293.15,238.153,293.15,238.199,293.15,238.15,293.15,238.145,293.15,238.129,293.15,238.197,293.15,238.158,293.15,238.164,293.15,238.166,293.15,238.145,293.15,238.116,293.15,238.152,293.15,238.134,293.15,238.133,293.15,238.142,238.15,0,0,7.55453e-10,1.71978e-08
165,293.15,293.15,293.15,1.08002e-12,293.15,238.174,293.15,238.148,293.15,238.124,293.15,238.177,293.15,238.191,293.15,238.192,293.15,238.197,293.15,238.166,293.15,238.116,293.15,238.122,293.15,238.143,293.15,238.181,293.15,238.147,293.15,238.125,293.15,238.147,293.15,238.139,293.15,238.182,293.15,238.114,293.15,238.123,293.15,238.187,293.15,238.117,293.15,238.136,293.15,238.137,293.15,238.192,293.15,238.136,293.15,238.151,293.15,238.122,293.15,238.144,293.15,238.148,293.15,238.156,293.15,238.184,293.15,238.135,293.15,238.194,293.15,238.123,293.15,238.168,293.15,238.138,293.15,238.111,293.15,238.178,293.15,238.161,293.15,238.173,293.15,238.147,293.15,238.172,293.15,238.12,293.15,238.146,293.15,238.133,293.15,238.102,293.15,238.165,293.15,238.163,293.15,238.175,293.15,238.154,293.15,238.148,293.15,238.109,293.15,238.103,293.15,238.109,293.15,238.109,293.15,238.186,293.15,238.111,293.15,238.189,293.15,238.177,293.15,238.165,293.15,238.111,293.15,238.129,293.15,238.147,293.15,238.123,293.15,238.147,293.15,238.147,293.15,238.132,293.15,238.121,293.15,238.157,293.15,238.193,293.15,238.197,293.15,238.113,293.15,238.154,293.15,238.178,293.15,238.13,293.15,238.182,293.15,238.153,293.15,238.199,293.15,238.15,293.15,238.145,293.15,238.129,293.15,238.197,293.15,238.158,293.15,238.164,293.15,238.166,293.15,238.145,293.15,238.116,293.15,238.152,293.15,238.134,293.15,238.133,293.15,238.142,238.15,0,0,7.59917e-10,1.71948e-08
166,293.15,293.15,293.15,1.19371e-12,293.15,238.174,293.15,238.148,293.15,238.124,293.15,238.177,293.15,238.191,293.15,238.192,293.15,238.197,293.15,238.166,293.15,238.116,293.15,238.122,293.15,238.143,293.15,238.181,293.15,238.147,293.15,238.125,293.15,238.147,293.15,238.139,293.15,238.182,293.15,238.114,293.15,238.123,293.15,238.187,293.15,238.117,293.15,238.136,293.15,238.137,293.15,238.192,293.15,238.136,293.15,238.151,293.15,238.122,293.15,238.144,293.15,238.148,293.15,238.156,293.15,238.184,293.15,238.135,293.15,238.194,293.15,238.123,293.15,238.168,293.15,238.138,293.15,238.111,293.15,238.178,293.15,238.161,293.15,238.173,293.15,238.147,293.15,238.172,293.15,238.12,293.15,238.146,293.15,238.133,293.15,238.102,293.15,238.165,293.15,238.163,293.15,238.175,293.15,238.154,293.15,238.148,293.15,238.109,293.15,238.103,293.15,238.109,293.15,238.109,293.15,238.186,293.15,238.111,293.15,238.189,293.15,238.177,293.15,238.165,293.15,238.111,293.15,238.129,293.15,238.147,293.15,238.123,293.15,238.147,293.15,238.147,293.15,238.132,293.15,238.121,293.15,238.157,293.15,238.193,293.15,238.197,293.15,238.113,293.15,238.154,293.15,238.178,293.15,238.13,293.15,238.182,293.15,238.153,293.15,238.199,293.15,238.15,293.15,238.145,293.15,238.129,293.15,238.197,293.15,238.158,293.15,238.164,293.15,238.166,293.15,238.145,293.15,238.116,293.15,238.152,293.15,238.134,293.15,238.133,293.15,238.142,238.15,0,0,7.64377e-10,1.72097e-08
167,293.15,293.15,293.15,1.3074e-12,293.15,238.174,293.15,238.148,293.15,238.124,293.15,238.177,293.15,238.191,293.15,238.192,293.15,238.197,293.15,238.166,293.15,238.116,293.15,238.122,293.15,238.143,293.15,238.181,293.15,238.147,293.15,238.125,293.15,238.147,293.15,238.139,293.15,238.182,293.15,238.114,293.15,238.123,293.15,238.187,293.15,238.117,293.15,238.136,293.15,238.137,293.15,238.192,293.15,238.136,293.15,238.151,293.15,238.122,293.15,238.144,293.15,238.148,293.15,238.156,293.15,238.184,293.15,238.135,293.15,238.194,293.15,238.123,293.15,238.168,293.15,238.138,293.15,238.111,293.15,238.178,293.15,238.161,293.15,238.173,293.15,238.147,293.15,238.172,293.15,238.12,293.15,238.146,293.15,238.133,293.15,238.102,293.15,238.165,293.15,238.163,293.15,238.175,293.15,238.154,293.15,238.148,293.15,238.109,293.15,238.103,293.15,238.109,293.15,238.109,293.15,238.186,293.15,238.111,293.15,238.189,293.15,238.177,293.15,238.165,293.15,238.111,293.15,238.129,293.15,238.147,293.15,238.123,293.15,238.147,293.15,238.147,293.15,238.132,293.15,238.121,293.15,238.157,293.15,238.193,293.15,238.197,293.15,238.113,293.15,238.154,293.15,238.178,293.15,238.13,293.15,238.182,293.15,238.153,293.15,238.199,293.15,238.15,293.15,238.145,293.15,238.129,293.15,238.197,293.15,238.158,293.15,238.164,293.15,238.166,293.15,238.145,293.15,238.116,293.15,238.152,293.15,238.134,293.15,238.133,293.15,238.142,238.15,0,0,7.6885e-10,1.71452e-08
168,293.15,293.15,293.15,1.13687e-12,293.15,238.174,293.15,238.148,293.15,238.124,293.15,238.177,293.15,238.191,293.15,238.192,293.15,238.197,293.15,238.166,293.15,238.116,293.15,238.122,293.15,238.143,293.15,238.181,293.15,238.147,293.15,238.125,293.15,238.147,293.15,238.139,293.15,238.182,293.15,238.114,293.15,238.123,293.15,238.187,293.15,238.117,293.15,238.136,293.15,238.137,293.15,238.192,293.15,238.136,293.15,238.151,293.15,238.122,293.15,238.144,293.15,238.148,293.15,238.156,293.15,238.184,293.15,238.135,293.15,238.194,293.15,238.123,293.15,238.168,293.15,238.138,293.15,238.111,293.15,238.178,293.15,238.161,293.15,238.173,293.15,238.147,293.15,238.172,293.15,238.12,293.15,238.146,293.15,238.133,293.15,238.102,293.15,238.165,293.15,238.163,293.15,238.175,293.15,238.154,293.15,238.148,293.15,238.109,293.15,238.103,293.15,238.109,293.15,238.109,293.15,238.186,293.15,238.111,293.15,238.189,293.15,238.177,293.15,238.165,293.15,238.111,293.15,238.129,293.15,238.147,293.15,238.123,293.15,238.147,293.15,238.147,293.15,238.132,293.15,238.121,293.15,238.157,293.15,238.193,293.15,238.197,293.15,238.113,293.15,238.154,293.15,238.178,293.15,238.13,293.15,238.182,293.15,238.153,293.15,238.199,293.15,238.15,293.15,238.145,293.15,238.129,293.15,238.197,293.15,238.158,293.15,238.164,293.15,238.166,293.15,238.145,293.15,238.116,293.15,238.152,293.15,238.134,293.15,238.133,293.15,238.142,238.15,0,0,7.73298e-10,1.71885e-08
169,293.15,293.15,293.15,1.19371e-12,293.15,238.174,293.15,238.148,293.15,238.124,293.15,238.177,293.15,238.191,293.15,238.192,293.15,238.197,293.15,238.166,293.15,238.116,293.15,238.122,293.15,238.143,293.15,238.181,293.15,238.147,293.15,238.125,293.15,238.147,293.15,238.139,293.15,238.182,293.15,238.114,293.15,238.123,293.15,238.187,293.15,238.117,293.15,238.136,293.15,238.137,293.15,238.192,293.15,238.136,293.15,238.151,293.15,238.122,293.15,238.144,293.15,238.148,293.15,238.156,293.15,238.184,293.15,238.135,293.15,238.194,293.15,238.123,293.15,238.168,293.15,238.138,293.15,238.111,293.15,238.178,293.15,238.161,293.15,238.173,293.15,238.147,293.15,238.172,293.15,238.12,293.15,238.146,293.15,238.133,293.15,238.102,293.15,238.165,293.15,238.163,293.15,238.175,293.15,238.154,293.15,238.148,293.15,238.109,293.15,238.103,293.15,238.109,293.15,238.109,293.15,238.186,293.15,238.111,293.15,238.189,293.15,238.177,293.15,238.165,293.15,238.111,293.15,238.129,293.15,238.147,293.15,238.123,293.15,238.147,293.15,238.147,293.15,238.132,293.15,238.121,293.15,238.157,293.15,238.193,293.15,238.197,293.15,238.113,293.15,238.154,293.15,238.178,293.15,238.13,293.15,238.182,293.15,238.153,293.15,238.199,293.15,238.15,293.15,238.145,293.15,238.129,293.15,238.197,293.15,238.158,293.15,238.164,293.15,238.166,293.15,238.145,293.15,238.116,293.15,238.152,293.15,238.134,293.15,238.133,293.15,238.142,238.15,0,0,7.77705e-10,1.72258e-08
170,293.15,293.15,293.15,1.25056e-12,293.15,238.174,293.15,238.148,293.15,238.124,293.15,238.177,293.15,238.191,293.15,238.192,293.15,238.197,293.15,238.166,293.15,238.116,293.15,238.122,293.15,238.143,293.15,238.181,293.15,238.147,293.15,238.125,293.15,238.147,293.15,238.139,293.15,238.182,293.15,238.114,293.15,238.123,293.15,238.187,293.15,238.117,293.15,238.136,293.15,238.137,293.15,238.192,293.15,238.136,293.15,238.151,293.15,238.122,293.15,238.144,293.15,238.148,293.15,238.156,293.15,238.184,293.15,238.135,293.15,238.194,293.15,238.123,293.15,238.168,293.15,238.138,293.15,238.111,293.15,238.178,293.15,238.161,293.15,238.173,293.15,238.147,293.15,238.172,293.15,238.12,293.15,238.146,293.15,238.133,293.15,238.102,293.15,238.165,293.15,238.163,293.15,238.175,293.15,238.154,293.15,238.148,293.15,238.109,293.15,238.103,293.15,238.109,293.15,238.109,293.15,238.186,293.15,238.111,293.15,238.189,293.15,238.177,293.15,238.165,293.15,238.111,293.15,238.129,293.15,238.147,293.15,238.123,293.15,238.147,293.15,238.147,293.15,238.132,293.15,238.121,293.15,238.157,293.15,238.193,293.15,238.197,293.15,238.113,293.15,238.154,293.15,238.178,293.15,238.13,293.15,238.182,293.15,238.153,293.15,238.199,293.15,238.15,293.15,238.145,293.15,238.129,293.15,238.197,293.15,238.158,293.15,238.164,293.15,238.166,293.15,238.145,293.15,238.116,293.15,238.152,293.15,238.134,293.15,238.133,293.15,238.142,238.15,0,0,7.82115e-10,1.72553e-08
171,293.15,293.15,293.15,1.08002e-12,293.15,238.174,293.15,238.148,293.15,238.124,293.15,238.177,293.15,238.191,293.15,238.192,293.15,238.197,293.15,238.166,293.15,238.116,293.15,238.122,293.15,238.143,293.15,238.181,293.15,238.147,293.15,238.125,293.15,238.147,293.15,238.139,293.15,238.182,293.15,238.114,293.15,238.123,293.15,238.187,293.15,238.117,293.15,238.136,293.15,238.137,293.15,238.192,293.15,238.136,293.15,238.151,293.15,238.122,293.15,238.144,293.15,238.148,293.15,238.156,293.15,238.184,293.15,238.135,293.15,238.194,293.15,238.123,293.15,238.168,293.15,238.138,293.15,238.111,293.15,238.178,293.15,238.161,293.15,238.173,293.15,238.147,293.15,238.172,293.15,238.12,293.15,238.146,293.15,238.133,293.15,238.102,293.15,238.165,293.15,238.163,293.15,238.175,293.15,238.154,293.15,238.148,293.15,238.109,293.15,238.103,293.15,238.109,293.15,238.109,293.15,238.186,293.15,238.111,293.15,238.189,293.15,238.177,293.15,238.165,293.15,238.111,293.15,238.129,293.15,238.147,293.15,238.123,293.15,238.147,293.15,238.147,293.15,238.132,293.15,238.121,293.15,238.157,293.15,238.193,293.15,238.197,293.15,238.113,293.15,238.154,293.15,238.178,293.15,238.13,293.15,238.182,293.15,238.153,293.15,238.199,293.15,238.15,293.15,238.145,293.15,238.129,293.15,238.197,293.15,238.158,293.15,238.164,293.15,238.166,293.15,238.145,293.15,238.116,293.15,238.152,293.15,238.134,293.15,238.133,293.15,238.142,238.15,0,0,7.86567e-10,1.72127e-08
172,293.15,293.15,293.15,1.3074e-12,293.15,238.174,293.15,238.148,293.15,238.124,293.15,238.177,293.15,238.191,293.15,238.192,293.15,238.197,293.15,238.166,293.15,238.116,293.15,238.122,293.15,238.143,293.15,238.181,293.15,238.147,293.15,238.125,293.15,238.147,293.15,238.139,293.15,238.182,293.15,238.114,293.15,238.123,293.15,238.187,293.15,238.117,293.15,238.136,293.15,238.137,293.15,238.192,293.15,238.136,293.15,238.151,293.15,238.122,293.15,238.144,293.15,238.148,293.15,238.156,293.15,238.184,293.15,238.135,293.15,238.194,293.15,238.123,293.15,238.168,293.15,238.138,293.15,238.111,293.15,238.178,293.15,238.161,293.15,238.173,293.15,238.147,293.15,238.172,293.15,238.12,293.15,238.146,293.15,238.133,293.15,238.102,293.15,238.165,293.15,238.163,293.15,238.175,293.15,238.154,293.15,238.148,293.15,238.109,293.15,238.103,293.15,238.109,293.15,238.109,293.15,238.186,293.15,238.111,293.15,238.189,293.15,238.177,293.15,238.165,293.15,238.111,293.15,238.129,293.15,238.147,293.15,238.123,293.15,238.147,293.15,238.147,293.15,238.132,293.15,238.121,293.15,238.157,293.15,238.193,293.15,238.197,293.15,238.113,293.15,238.154,293.15,238.178,293.15,238.13,293.15,238.182,293.15,238.153,293.15,238.199,293.15,238.15,293.15,238.145,293.15,238.129,293.15,238.197,293.15,238.158,293.15,238.164,293.15,238.166,293.15,238.145,293.15,238.116,293.15,238.152,293.15,238.134,293.15,238.133,293.15,238.142,238.15,0,0,7.90994e-10,1.70684e-08
173,293.15,293.15,293.15,1.08002e-12,293.15,238.174,293.15,238.148,293.15,238.124,293.15,238.177,293.15,238.191,293.15,238.192,293.15,238.197,293.15,238.166,293.15,238.116,293.15,238.122,293.15,238.143,293.15,238.181,293.15,238.147,293.15,238.125,293.15,238.147,293.15,238.139,293.15,238.182,293.15,238.114,293.15,238.123,293.15,238.187,293.15,238.117,293.15,238.136,293.15,238.137,293.15,238.192,293.15,238.136,293.15,238.151,293.15,238.122,293.15,238.144,293.15,238.148,293.15,238.156,293.15,238.184,293.15,238.135,293.15,238.194,293.15,238.123,293.15,238.168,293.15,238.138,293.15,238.111,293.15,238.178,293.15,238.161,293.15,238.173,293.15,238.147,293.15,238.172,293.15,238.12,293.15,238.146,293.15,238.133,293.15,238.102,293.15,238.165,293.15,238.163,293.15,238.175,293.15,238.154,293.15,238.148,293.15,238.109,293.15,238.103,293.15,238.109,293.15,238.109,293.15,238.186,293.15,238.111,293.15,238.189,293.15,238.177,293.15,238.165,293.15,238.111,293.15,238.129,293.15,238.147,293.15,238.123,293.15,238.147,293.15,238.147,293.15,238.132,293.15,238.121,293.15,238.157,293.15,238.193,293.15,238.197,293.15,238.113,293.15,238.154,293.15,238.178,293.15,238.13,293.15,238.182,293.15,238.153,293.15,238.199,293.15,238.15,293.15,238.145,293.15,238.129,293.15,238.197,293.15,238.158,293.15,238.164,293.15,238.166,293.15,238.145,293.15,238.116,293.15,238.152,293.15,238.134,293.15,238.133,293.15,238.142,238.15,0,0,7.95423e-10,1.71344e-08
174,293.15,293.15,293.15,1.25056e-12,293.15,238.174,293.15,238.148,293.15,238.124,293.15,238.177,293.15,238.191,293.15,238.192,293.15,238.197,293.15,238.166,293.15,238.116,293.15,238.122,293.15,238.143,293.15,238.181,293.15,238.147,293.15,238.125,293.15,238.147,293.15,238.139,293.15,238.182,293.15,238.114,293.15,238.123,293.15,238.187,293.15,238.117,293.15,238.136,293.15,238.137,293.15,238.192,293.15,238.136,293.15,238.151,293.15,238.122,293.15,238.144,293.15,238.148,293.15,238.156,293.15,238.184,293.15,238.135,293.15,238.194,293.15,238.123,293.15,238.168,293.15,238.138,293.15,238.111,293.15,238.178,293.15,238.161,293.15,238.173,293.15,238.147,293.15,238.172,293.15,238.12,293.15,238.146,293.15,238.133,293.15,238.102,293.15,238.165,293.15,238.163,293.15,238.175,293.15,238.154,293.15,238.148,293.15,238.109,293.15,238.103,293.15,238.109,293.15,238.109,293.15,238.186,293.15,238.111,293.15,238.189,293.15,238.177,293.15,238.165,293.15,238.111,293.15,238.129,293.15,238.147,293.15,238.123,293.15,238.147,293.15,238.147,293.15,238.132,293.15,238.121,293.15,238.157,293.15,238.193,293.15,238.197,293.15,238.113,293.15,238.154,293.15,238.178,293.15,238.13,293.15,238.182,293.15,238.153,293.15,238.199,293.15,238.15,293.15,238.145,293.15,238.129,293.15,238.197,293.15,238.158,293.15,238.164,293.15,238.166,293.15,238.145,293.15,238.116,293.15,238.152,293.15,238.134,293.15,238.133,293.15,238.142,238.15,0,0,7.9982e-10,1.739e-08
175,293.15,293.15,293.15,1.02318e-12,293.15,238.174,293.15,238.148,293.15,238.124,293.15,238.177,293.15,238.191,293.15,238.192,293.15,238.197,293.15,238.166,293.15,238.116,293.15,238.122,293.15,238.143,293.15,238.181,293.15,238.147,293.15,238.125,293.15,238.147,293.15,238.139,293.15,238.182,293.15,238.114,293.15,238.123,293.15,238.187,293.15,238.117,293.15,238.136,293.15,238.137,293.15,238.192,293.15,238.136,293.15,238.151,293.15,238.122,293.15,238.144,293.15,238.148,293.15,238.156,293.15,238.184,293.15,238.135,293.15,238.194,293.15,238.123,293.15,238.168,293.15,238.138,293.15,238.111,293.15,238.178,293.15,238.161,293.15,238.173,293.15,238.147,293.15,238.172,293.15,238.12,293.15,238.146,293.15,238.133,293.15,238.102,293.15,238.165,293.15,238.163,293.15,238.175,293.15,238.154,293.15,238.148,293.15,238.109,293.15,238.103,293.15,238.109,293.15,238.109,293.15,238.186,293.15,238.111,293.15,238.189,293.15,238.177,293.15,238.165,293.15,238.111,293.15,238.129,293.15,238.147,293.15,238.123,293.15,238.147,293.15,238.147,293.15,238.132,293.15,238.121,293.15,238.157,293.15,238.193,293.15,238.197,293.15,238.113,293.15,238.154,293.15,238.178,293.15,238.13,293.15,238.182,293.15,238.153,293.15,238.199,293.15,238.15,293.15,238.145,293.15,238.129,293.15,238.197,293.15,238.158,293.15,238.164,293.15,238.166,293.15,238.145,293.15,238.116,293.15,238.152,293.15,238.134,293.15,238.133,293.15,238.142,238.15,0,0,8.04209e-10,1.71645e-08
176,293.15,293.15,293.15,1.19371e-12,293.15,238.174,293.15,238.148,293.15,238.124,293.15,238.177,293.15,238.191,293.15,238.192,293.15,238.197,293.15,238.166,293.15,238.116,293.15,238.122,293.15,238.143,293.15,238.181,293.15,238.147,293.15,238.125,293.15,238.147,293.15,238.139,293.15,238.182,293.15,238.114,293.15,238.123,293.15,238.187,293.15,238.117,293.15,238.136,293.15,238.137,293.15,238.192,293.15,238.136,293.15,238.151,293.15,238.122,293.15,238.144,293.15,238.148,293.15,238.156,293.15,238.184,293.15,238.135,293.15,238.194,293.15,238.123,293.15,238.168,293.15,238.138,293.15,238.111,293.15,238.178,293.15,238.161,293.15,238.173,293.15,238.147,293.15,238.172,293.15,238.12,293.15,238.146,293.15,238.133,293.15,238.102,293.15,238.165,293.15,238.163,293.15,238.175,293.15,238.154,293.15,238.148,293.15,238.109,293.15,238.103,293.15,238.109,293.15,238.109,293.15,238.186,293.15,238.111,293.15,238.189,293.15,238.177,293.15,238.165,293.15,238.111,293.15,238.129,293.15,238.147,293.15,238.123,293.15,238.147,293.15,238.147,293.15,238.132,293.15,238.121,293.15,238.157,293.15,238.193,293.15,238.197,293.15,238.113,293.15,238.154,293.15,238.178,293.15,238.13,293.15,238.182,293.15,238.153,293.15,238.199,293.15,238.15,293.15,238.145,293.15,238.129,293.15,238.197,293.15,238.158,293.15,238.164,293.15,238.166,293.15,238.145,293.15,238.116,293.15,238.152,293.15,238.134,293.15,238.133,293.15,238.142,238.15,0,0,8.0863e-10,1.7232e-08
177,293.15,293.15,293.15,1.13687e-12,293.15,238.174,293.15,238.148,293.15,238.124,293.15,238.177,293.15,238.191,293.15,238.192,293.15,238.197,293.15,238.166,293.15,238.116,293.15,238.122,293.15,238.143,293.15,238.181,293.15,238.147,293.15,238.125,293.15,238.147,293.15,238.139,293.15,238.182,293.15,238.114,293.15,238.123,293.15,238.187,293.15,238.117,293.15,238.136,293.15,238.137,293.15,238.192,293.15,238.136,293.15,238.151,293.15,238.122,293.15,238.144,293.15,238.148,293.15,238.156,293.15,238.184,293.15,238.135,293.15,238.194,293.15,238.123,293.15,238.168,293.15,238.138,293.15,238.111,293.15,238.178,293.15,238.161,293.15,238.173,293.15,238.147,293.15,238.172,293.15,238.12,293.15,238.146,293.15,238.133,293.15,238.102,293.15,238.165,293.15,238.163,293.15,238.175,293.15,238.154,293.15,238.148,293.15,238.109,293.15,238.103,293.15,238.109,293.15,238.109,293.15,238.186,293.15,238.111,293.15,238.189,293.15,238.177,293.15,238.165,293.15,238.111,293.15,238.129,293.15,238.147,293.15,238.123,293.15,238.147,293.15,238.147,293.15,238.132,293.15,238.121,293.15,238.157,293.15,238.193,293.15,238.197,293.15,238.113,293.15,238.154,293.15,238.178,293.15,238.13,293.15,238.182,293.15,238.153,293.15,238.199,293.15,238.15,293.15,238.145,293.15,238.129,293.15,238.197,293.15,238.158,293.15,238.164,293.15,238.166,293.15,238.145,293.15,238.116,293.15,238.152,293.15,238.134,293.15,238.133,293.15,238.142,238.15,0,0,8.13015e-10,1.71061e-08
178,293.15,293.15,293.15,1.42109e-12,293.15,238.174,293.15,238.148,293.15,238.124,293.15,238.177,293.15,238.191,293.15,238.192,293.15,238.197,293.15,238.166,293.15,238.116,293.15,238.122,293.15,238.143,293.15,238.181,293.15,238.147,293.15,238.125,293.15,238.147,293.15,238.139,293.15,238.182,293.15,238.114,293.15,238.123,293.15,238.187,293.15,238.117,293.15,238.136,293.15,238.137,293.15,238.192,293.15,238.136,293.15,238.151,293.15,238.122,293.15,238.144,293.15,238.148,293.15,238.156,293.15,238.184,293.15,238.135,293.15,238.194,293.15,238.123,293.15,238.168,293.15,238.138,293.15,238.111,293.15,238.178,293.15,238.161,293.15,238.173,293.15,238.147,293.15,238.172,293.15,238.12,293.15,238.146,293.15,238.133,293.15,238.102,293.15,238.165,293.15,238.163,293.15,238.175,293.15,238.154,293.15,238.148,293.15,238.109,293.15,238.103,293.15,238.109,293.15,238.109,293.15,238.186,293.15,238.111,293.15,238.189,293.15,238.177,293.15,238.165,293.15,238.111,293.15,238.129,293.15,238.147,293.15,238.123,293.15,238.147,293.15,238.147,293.15,238.132,293.15,238.121,293.15,238.157,293.15,238.193,293.15,238.197,293.15,238.113,293.15,238.154,293.15,238.178,293.15,238.13,293.15,238.182,293.15,238.153,293.15,238.199,293.15,238.15,293.15,238.145,293.15,238.129,293.15,238.197,293.15,238.158,293.15,238.164,293.15,238.166,293.15,238.145,293.15,238.116,293.15,238.152,293.15,238.134,293.15,238.133,293.15,238.142,238.15,0,0,8.17407e-10,1.71932e-08
179,293.15,293.15,293.15,1.08002e-12,293.15,238.174,293.15,238.148,293.15,238.124,293.15,238.177,293.15,238.191,293.15,238.192,293.15,238.197,293.15,238.166,293.15,238.116,293.15,238.122,293.15,238.143,293.15,238.181,293.15,238.147,293.15,238.125,293.15,238.147,293.15,238.139,293.15,238.182,293.15,238.114,293.15,238.123,293.15,238.187,293.15,238.117,293.15,238.136,293.15,238.137,293.15,238.192,293.15,238.136,293.15,238.151,293.15,238.122,293.15,238.144,293.15,238.148,293.15,238.156,293.15,238.184,293.15,238.135,293.15,238.194,293.15,238.123,293.15,238.168,293.15,238.138,293.15,238.111,293.15,238.178,293.15,238.161,293.15,238.173,293.15,238.147,293.15,238.172,293.15,238.12,293.15,238.146,293.15,238.133,293.15,238.102,293.15,238.165,293.15,238.163,293.15,238.175,293.15,238.154,293.15,238.148,293.15,238.109,293.15,238.103,293.15,238.109,293.15,238.109,293.15,238.186,293.15,238.111,293.15,238.189,293.15,238.177,293.15,238.165,293.15,238.111,293.15,238.129,293.15,238.147,293.15,238.123,293.15,238.147,293.15,238.147,293.15,238.132,293.15,238.121,293.15,238.157,293.15,238.193,293.15,238.197,293.15,238.113,293.15,238.154,293.15,238.178,293.15,238.13,293.15,238.182,293.15,238.153,293.15,238.199,293.15,238.15,293.15,238.145,293.15,238.129,293.15,238.197,293.15,238.158,293.15,238.164,293.15,238.166,293.15,238.145,293.15,238.116,293.15,238.152,293.15,238.134,293.15,238.133,293.15,238.142,238.15,0,0,8.21786e-10,1.71267e-08
180,293.15,293.15,293.15,1.08002e-12,293.15,238.174,293.15,238.148,293.15,238.124,293.15,238.177,293.15,238.191,293.15,238.192,293.15,238.197,293.15,238.166,293.15,238.116,293.15,238.122,293.15,238.143,293.15,238.181,293.15,238.147,293.15,238.125,293.15,238.147,293.15,238.139,293.15,238.182,293.15,238.114,293.15,238.123,293.15,238.187,293.15,238.117,293.15,238.136,293.15,238.137,293.15,238.192,293.15,238.136,293.15,238.151,293.15,238.122,293.15,238.144,293.15,238.148,293.15,238.156,293.15,238.184,293.15,238.135,293.15,238.194,293.15,238.123,293.15,238.168,293.15,238.138,293.15,238.111,293.15,238.178,293.15,238.161,293.15,238.173,293.15,238.147,293.15,238.172,293.15,238.12,293.15,238.146,293.15,238.133,293.15,238.102,293.15,238.165,293.15,238.163,293.15,238.175,293.15,238.154,293.15,238.148,293.15,238.109,293.15,238.103,293.15,238.109,293.15,238.109,293.15,238.186,293.15,238.111,293.15,238.189,293.15,238.177,293.15,238.165,293.15,238.111,293.15,238.129,293.15,238.147,293.15,238.123,293.15,238.147,293.15,238.147,293.15,238.132,293.15,238.121,293.15,238.157,293.15,238.193,293.15,238.197,293.15,238.113,293.15,238.154,293.15,238.178,293.15,238.13,293.15,238.182,293.15,238.153,293.15,238.199,293.15,238.15,293.15,238.145,293.15,238.129,293.15,238.197,293.15,238.158,293.15,238.164,293.15,238.166,293.15,238.145,293.15,238.116,293.15,238.152,293.15,238.134,293.15,238.133,293.15,238.142,238.15,0,0,8.26175e-10,1.71161e-08
181,293.15,293.15,293.15,1.42109e-12,293.15,238.174,293.15,238.148,293.15,238.124,293.15,238.177,293.15,238.191,293.15,238.192,293.15,238.197,293.15,238.166,293.15,238.116,293.15,238.122,293.15,238.143,293.15,238.181,293.15,238.147,293.15,238.125,293.15,238.147,293.15,238.139,293.15,238.182,293.15,238.114,293.15,238.123,293.15,238.187,293.15,238.117,293.15,238.136,293.15,238.137,293.15,238.192,293.15,238.136,293.15,238.151,293.15,238.122,293.15,238.144,293.15,238.148,293.15,238.156,293.15,238.184,293.15,238.135,293.15,238.194,293.15,238.123,293.15,238.168,293.15,238.138,293.15,238.111,293.15,238.178,293.15,238.161,293.15,238.173,293.15,238.147,293.15,238.172,293.15,238.12,293.15,238.146,293.15,238.133,293.15,238.102,293.15,238.165,293.15,238.163,293.15,238.175,293.15,238.154,293.15,238.148,293.15,238.109,293.15,238.103,293.15,238.109,293.15,238.109,293.15,238.186,293.15,238.111,293.15,238.189,293.15,238.177,293.15,238.165,293.15,238.111,293.15,238.129,293.15,238.147,293.15,238.123,293.15,238.147,293.15,238.147,293.15,238.132,293.15,238.121,293.15,238.157,293.15,238.193,293.15,238.197,293.15,238.113,293.15,238.154,293.15,238.178,293.15,238.13,293.15,238.182,293.15,238.153,293.15,238.199,293.15,238.15,293.15,238.145,293.15,238.129,293.15,238.197,293.15,238.158,293.15,238.164,293.15,238.166,293.15,238.145,293.15,238.116,293.15,238.152,293.15,238.134,293.15,238.133,293.15,238.142,238.15,0,0,8.30541e-10,1.71189e-08
182,293.15,293.15,293.15,1.08002e-12,293.15,238.174,293.15,238.148,293.15,238.124,293.15,238.177,293.15,238.191,293.15,238.192,293.15,238.197,293.15,238.166,293.15,238.116,293.15,238.122,293.15,238.143,293.15,238.181,293.15,238.147,293.15,238.125,293.15,238.147,293.15,238.139,293.15,238.182,293.15,238.114,293.15,238.123,293.15,238.187,293.15,238.117,293.15,238.136,293.15,238.137,293.15,238.192,293.15,238.136,293.15,238.151,293.15,238.122,293.15,238.144,293.15,238.148,293.15,238.156,293.15,238.184,293.15,238.135,293.15,238.194,293.15,238.123,293.15,238.168,293.15,238.138,293.15,238.111,293.15,238.178,293.15,238.161,293.15,238.173,293.15,238.147,293.15,238.172,293.15,238.12,293.15,238.146,293.15,238.133,293.15,238.102,293.15,238.165,293.15,238.163,293.15,238.175,293.15,238.154,293.15,238.148,293.15,238.109,293.15,238.103,293.15,238.109,293.15,238.109,293.15,238.186,293.15,238.111,293.15,238.189,293.15,238.177,293.15,238.165,293.15,238.111,293.15,238.129,293.15,238.147,293.15,238.123,293.15,238.147,293.15,238.147,293.15,238.132,293.15,238.121,293.15,238.157,293.15,238.193,293.15,238.197,293.15,238.113,293.15,238.154,293.15,238.178,293.15,238.13,293.15,238.182,293.15,238.153,293.15,238.199,293.15,238.15,293.15,238.145,293.15,238.129,293.15,238.197,293.15,238.158,293.15,238.164,293.15,238.166,293.15,238.145,293.15,238.116,293.15,238.152,293.15,238.134,293.15,238.133,293.15,238.142,238.15,0,0,8.34903e-10,1.71527e-08
183,293.15,293.15,293.15,1.36424e-12,293.15,238.174,293.15,238.148,293.15,238.124,293.15,238.177,293.15,238.191,293.15,238.192,293.15,238.197,293.15,238.166,293.15,238.116,293.15,238.122,293.15,238.143,293.15,238.181,293.15,238.147,293.15,238.125,293.15,238.147,293.15,238.139,293.15,238.182,293.15,238.114,293.15,238.123,293.15,238.187,293.15,238.117,293.15,238.136,293.15,238.137,293.15,238.192,293.15,238.136,293.15,238.151,293.15,238.122,293.15,238.144,293.15,238.148,293.15,238.156,293.15,238.184,293.15,238.135,293.15,238.194,293.15,238.123,293.15,238.168,293.15,238.138,293.15,238.111,293.15,238.178,293.15,238.161,293.15,238.173,293.15,238.147,293.15,238.172,293.15,238.12,293.15,238.146,293.15,238.133,293.15,238.102,293.15,238.165,293.15,238.163,293.15,238.175,293.15,238.154,293.15,238.148,293.15,238.109,293.15,238.103,293.15,238.109,293.15,238.109,293.15,238.186,293.15,238.111,293.15,238.189,293.15,238.177,293.15,238.165,293.15,238.111,293.15,238.129,293.15,238.147,293.15,238.123,293.15,238.147,293.15,238.147,293.15,238.132,293.15,238.121,293.15,238.157,293.15,238.193,293.15,238.197,293.15,238.113,293.15,238.154,293.15,238.178,293.15,238.13,293.15,238.182,293.15,238.153,293.15,238.199,293.15,238.15,293.15,238.145,293.15,238.129,293.15,238.197,293.15,238.158,293.15,238.164,293.15,238.166,293.15,238.145,293.15,238.116,293.15,238.152,293.15,238.134,293.15,238.133,293.15,238.142,238.15,0,0,8.39246e-10,1.72723e-08
184,293.15,293.15,293.15,1.13687e-12,293.15,238.174,293.15,238.148,293.15,238.124,293.15,238.177,293.15,238.191,293.15,238.192,293.15,238.197,293.15,238.166,293.15,238.116,293.15,238.122,293.15,238.143,293.15,238.181,293.15,238.147,293.15,238.125,293.15,238.147,293.15,238.139,293.15,238.182,293.15,238.114,293.15,238.123,293.15,238.187,293.15,238.117,293.15,238.136,293.15,238.137,293.15,238.192,293.15,238.136,293.15,238.151,293.15,238.122,293.15,238.144,293.15,238.148,293.15,238.156,293.15,238.184,293.15,238.135,293.15,238.194,293.15,238.123,293.15,238.168,293.15,238.138,293.15,238.111,293.15,238.178,293.15,238.161,293.15,238.173,293.15,238.147,293.15,238.172,293.15,238.12,293.15,238.146,293.15,238.133,293.15,238.102,293.15,238.165,293.15,238.163,293.15,238.175,293.15,238.154,293.15,238.148,293.15,238.109,293.15,238.103,293.15,238.109,293.15,238.109,293.15,238.186,293.15,238.111,293.15,238.189,293.15,238.177,293.15,238.165,293.15,238.111,293.15,238.129,293.15,238.147,293.15,238.123,293.15,238.147,293.15,238.147,293.15,238.132,293.15,238.121,293.15,238.157,293.15,238.193,293.15,238.197,293.15,238.113,293.15,238.154,293.15,238.178,293.15,238.13,293.15,238.182,293.15,238.153,293.15,238.199,293.15,238.15,293.15,238.145,293.15,238.129,293.15,238.197,293.15,238.158,293.15,238.164,293.15,238.166,293.15,238.145,293.15,238.116,293.15,238.152,293.15,238.134,293.15,238.133,293.15,238.142,238.15,0,0,8.43563e-10,1.73162e-08
185,293.15,293.15,293.15,1.08002e-12,293.15,238.174,293.15,238.148,293.15,238.124,293.15,238.177,293.15,238.191,293.15,238.192,293.15,238.197,293.15,238.166,293.15,238.116,293.15,238.122,293.15,238.143,293.15,238.181,293.15,238.147,293.15,238.125,293.15,238.147,293.15,238.139,293.15,238.182,293.15,238.114,293.15,238.123,293.15,238.187,293.15,238.117,293.15,238.136,293.15,238.137,293.15,238.192,293.15,238.136,293.15,238.151,293.15,238.122,293.15,238.144,293.15,238.148,293.15,238.156,293.15,238.184,293.15,238.135,293.15,238.194,293.15,238.123,293.15,238.168,293.15,238.138,293.15,238.111,293.15,238.178,293.15,238.161,293.15,238.173,293.15,238.147,293.15,238.172,293.15,238.12,293.15,238.146,293.15,238.133,293.15,238.102,293.15,238.165,293.15,238.163,293.15,238.175,293.15,238.154,293.15,238.148,293.15,238.109,293.15,238.103,293.15,238.109,293.15,238.109,293.15,238.186,293.15,238.111,293.15,238.189,293.15,238.177,293.15,238.165,293.15,238.111,293.15,238.129,293.15,238.147,293.15,238.123,293.15,238.147,293.15,238.147,293.15,238.132,293.15,238.121,293.15,238.157,293.15,238.193,293.15,238.197,293.15,238.113,293.15,238.154,293.15,238.178,293.15,238.13,293.15,238.182,293.15,238.153,293.15,238.199,293.15,238.15,293.15,238.145,293.15,238.129,293.15,238.197,293.15,238.158,293.15,238.164,293.15,238.166,293.15,238.145,293.15,238.116,293.15,238.152,293.15,238.134,293.15,238.133,293.15,238.142,238.15,0,0,8.47919e-10,1.71711e-08
186,293.15,293.15,293.15,1.36424e-12,293.15,238.174,293.15,238.148,293.15,238.124,293.15,238.177,293.15,238.191,293.15,238.192,293.15,238.197,293.15,238.166,293.15,238.116,293.15,238.122,293.15,238.143,293.15,238.181,293.15,238.147,293.15,238.125,293.15,238.147,293.15,238.139,293.15,238.182,293.15,238.114,293.15,238.123,293.15,238.187,293.15,238.117,293.15,238.136,293.15,238.137,293.15,238.192,293.15,238.136,293.15,238.151,293.15,238.122,293.15,238.144,293.15,238.148,293.15,238.156,293.15,238.184,293.15,238.135,293.15,238.194,293.15,238.123,293.15,238.168,293.15,238.138,293.15,238.111,293.15,238.178,293.15,238.161,293.15,238.173,293.15,238.147,293.15,238.172,293.15,238.12,293.15,238.146,293.15,238.133,293.15,238.102,293.15,238.165,293.15,238.163,293.15,238.175,293.15,238.154,293.15,238.148,293.15,238.109,293.15,238.103,293.15,238.109,293.15,238.109,293.15,238.186,293.15,238.111,293.15,238.189,293.15,238.177,293.15,238.165,293.15,238.111,293.15,238.129,293.15,238.147,293.15,238.123,293.15,238.147,293.15,238.147,293.15,238.132,293.15,238.121,293.15,238.157,293.15,238.193,293.15,238.197,293.15,238.113,293.15,238.154,293.15,238.178,293.15,238.13,293.15,238.182,293.15,238.153,293.15,238.199,293.15,238.15,293.15,238.145,293.15,238.129,293.15,238.197,293.15,238.158,293.15,238.164,293.15,238.166,293.15,238.145,293.15,238.116,293.15,238.152,293.15,238.134,293.15,238.133,293.15,238.142,238.15,0,0,8.52286e-10,1.7185e-08
187,293.15,293.15,293.15,1.19371e-12,293.15,238.174,293.15,238.148,293.15,238.124,293.15,238.177,293.15,238.191,293.15,238.192,293.15,238.197,293.15,238.166,293.15,238.116,293.15,238.122,293.15,238.143,293.15,238.181,293.15,238.147,293.15,238.125,293.15,238.147,293.15,238.139,293.15,238.182,293.15,238.114,293.15,238.123,293.15,238.187,293.15,238.117,293.15,238.136,293.15,238.137,293.15,238.192,293.15,238.136,293.15,238.151,293.15,238.122,293.15,238.144,293.15,238.148,293.15,238.156,293.15,238.184,293.15,238.135,293.15,238.194,293.15,238.123,293.15,238.168,293.15,238.138,293.15,238.111,293.15,238.178,293.15,238.161,293.15,238.173,293.15,238.147,293.15,238.172,293.15,238.12,293.15,238.146,293.15,238.133,293.15,238.102,293.15,238.165,293.15,238.163,293.15,238.175,293.15,238.154,293.15,238.148,293.15,238.109,293.15,238.103,293.15,238.109,293.15,238.109,293.15,238.186,293.15,238.111,293.15,238.189,293.15,238.177,293.15,238.165,293.15,238.111,293.15,238.129,293.15,238.147,293.15,238.123,293.15,238.147,293.15,238.147,293.15,238.132,293.15,238.121,293.15,238.157,293.15,238.193,293.15,238.197,293.15,238.113,293.15,238.154,293.15,238.178,293.15,238.13,293.15,238.182,293.15,238.153,293.15,238.199,293.15,238.15,293.15,238.145,293.15,238.129,293.15,238.197,293.15,238.158,293.15,238.164,293.15,238.166,293.15,238.145,293.15,238.116,293.15,238.152,293.15,238.134,293.15,238.133,293.15,238.142,238.15,0,0,8.56633e-10,1.71249e-08
188,293.15,293.15,293.15,1.3074e-12,293.15,238.174,293.15,238.148,293.15,238.124,293.15,238.177,293.15,238.191,293.15,238.192,293.15,238.197,293.15,238.166,293.15,238.116,293.15,238.122,293.15,238.143,293.15,238.181,293.15,238.147,293.15,238.125,293.15,238.147,293.15,238.139,293.15,238.182,293.15,238.114,293.15,238.123,293.15,238.187,293.15,238.117,293.15,238.136,293.15,238.137,293.15,238.192,293.15,238.136,293.15,238.151,293.15,238.122,293.15,238.144,293.15,238.148,293.15,238.156,293.15,238.184,293.15,238.135,293.15,238.194,293.15,238.123,293.15,238.168,293.15,238.138,293.15,238.111,293.15,238.178,293.15,238.161,293.15,238.173,293.15,238.147,293.15,238.172,293.15,238.12,293.15,238.146,293.15,238.133,293.15,238.102,293.15,238.165,293.15,238.163,293.15,238.175,293.15,238.154,293.15,238.148,293.15,238.109,293.15,238.103,293.15,238.109,293.15,238.109,293.15,238.186,293.15,238.111,293.15,238.189,293.15,238.177,293.15,238.165,293.15,238.111,293.15,238.129,293.15,238.147,293.15,238.123,293.15,238.147,293.15,238.147,293.15,238.132,293.15,238.121,293.15,238.157,293.15,238.193,293.15,238.197,293.15,238.113,293.15,238.154,293.15,238.178,293.15,238.13,293.15,238.182,293.15,238.153,293.15,238.199,293.15,238.15,293.15,238.145,293.15,238.129,293.15,238.197,293.15,238.158,293.15,238.164,293.15,238.166,293.15,238.145,293.15,238.116,293.15,238.152,293.15,238.134,293.15,238.133,293.15,238.142,238.15,0,0,8.60968e-10,1.7112e-08
189,293.15,293.15,293.15,1.13687e-12,293.15,238.174,293.15,238.148,293.15,238.124,293.15,238.177,293.15,238.191,293.15,238.192,293.15,238.197,293.15,238.166,293.15,238.116,293.15,238.122,293.15,238.143,293.15,238.181,293.15,238.147,293.15,238.125,293.15,238.147,293.15,238.139,293.15,238.182,293.15,238.114,293.15,238.123,293.15,238.187,293.15,238.117,293.15,238.136,293.15,238.137,293.15,238.192,293.15,238.136,293.15,238.151,293.15,238.122,293.15,238.144,293.15,238.148,293.15,238.156,293.15,238.184,293.15,238.135,293.15,238.194,293.15,238.123,293.15,238.168,293.15,238.138,293.15,238.111,293.15,238.178,293.15,238.161,293.15,238.173,293.15,238.147,293.15,238.172,293.15,238.12,293.15,238.146,293.15,238.133,293.15,238.102,293.15,238.165,293.15,238.163,293.15,238.175,293.15,238.154,293.15,238.148,293.15,238.109,293.15,238.103,293.15,238.109,293.15,238.109,293.15,238.186,293.15,238.111,293.15,238.189,293.15,238.177,293.15,238.165,293.15,238.111,293.15,238.129,293.15,238.147,293.15,238.123,293.15,238.147,293.15,238.147,293.15,238.132,293.15,238.121,293.15,238.157,293.15,238.193,293.15,238.197,293.15,238.113,293.15,238.154,293.15,238.178,293.15,238.13,293.15,238.182,293.15,238.153,293.15,238.199,293.15,238.15,293.15,238.145,293.15,238.129,293.15,238.197,293.15,238.158,293.15,238.164,293.15,238.166,293.15,238.145,293.15,238.116,293.15,238.152,293.15,238.134,293.15,238.133,293.15,238.142,238.15,0,0,8.65279e-10,1.71148e-08
190,293.15,293.15,293.15,1.19371e-12,293.15,238.174,293.15,238.148,293.15,238.124,293.15,238.177,293.15,238.191,293.15,238.192,293.15,238.197,293.15,238.166,293.15,238.116,293.15,238.122,293.15,238.143,293.15,238.181,293.15,238.147,293.15,238.125,293.15,238.147,293.15,238.139,293.15,238.182,293.15,238.114,293.15,238.123,293.15,238.187,293.15,238.117,293.15,238.136,293.15,238.137,293.15,238.192,293.15,238.136,293.15,238.151,293.15,238.122,293.15,238.144,293.15,238.148,293.15,238.156,293.15,238.184,293.15,238.135,293.15,238.194,293.15,238.123,293.15,238.168,293.15,238.138,293.15,238.111,293.15,238.178,293.15,238.161,293.15,238.173,293.15,238.147,293.15,238.172,293.15,238.12,293.15,238.146,293.15,238.133,293.15,238.102,293.15,238.165,293.15,238.163,293.15,238.175,293.15,238.154,293.15,238.148,293.15,238.109,293.15,238.103,293.15,238.109,293.15,238.109,293.15,238.186,293.15,238.111,293.15,238.189,293.15,238.177,293.15,238.165,293.15,238.111,293.15,238.129,293.15,238.147,293.15,238.123,293.15,238.147,293.15,238.147,293.15,238.132,293.15,238.121,293.15,238.157,293.15,238.193,293.15,238.197,293.15,238.113,293.15,238.154,293.15,238.178,293.15,238.13,293.15,238.182,293.15,238.153,293.15,238.199,293.15,238.15,293.15,238.145,293.15,238.129,293.15,238.197,293.15,238.158,293.15,238.164,293.15,238.166,293.15,238.145,293.15,238.116,293.15,238.152,293.15,238.134,293.15,238.133,293.15,238.142,238.15,0,0,8.69568e-10,1.71897e-08
191,293.15,293.15,293.15,1.3074e-12,293.15,238.174,293.15,238.148,293.15,238.124,293.15,238.177,293.15,238.191,293.15,238.192,293.15,238.197,293.15,238.166,293.15,238.116,293.15,238.122,293.15,238.143,293.15,238.181,293.15,238.147,293.15,238.125,293.15,238.147,293.15,238.139,293.15,238.182,293.15,238.114,293.15,238.123,293.15,238.187,293.15,238.117,293.15,238.136,293.15,238.137,293.15,238.192,293.15,238.136,293.15,238.151,293.15,238.122,293.15,238.144,293.15,238.148,293.15,238.156,293.15,238.184,293.15,238.135,293.15,238.194,293.15,238.123,293.15,238.168,293.15,238.138,293.15,238.111,293.15,238.178,293.15,238.161,293.15,238.173,293.15,238.147,293.15,238.172,293.15,238.12,293.15,238.146,293.15,238.133,293.15,238.102,293.15,238.165,293.15,238.163,293.15,238.175,293.15,238.154,293.15,238.148,293.15,238.109,293.15,238.103,293.15,238.109,293.15,238.109,293.15,238.186,293.15,238.111,293.15,238.189,293.15,238.177,293.15,238.165,293.15,238.111,293.15,238.129,293.15,238.147,293.15,238.123,293.15,238.147,293.15,238.147,293.15,238.132,293.15,238.121,293.15,238.157,293.15,238.193,293.15,238.197,293.15,238.113,293.15,238.154,293.15,238.178,293.15,238.13,293.15,238.182,293.15,238.153,293.15,238.199,293.15,238.15,293.15,238.145,293.15,238.129,293.15,238.197,293.15,238.158,293.15,238.164,293.15,238.166,293.15,238.145,293.15,238.116,293.15,238.152,293.15,238.134,293.15,238.133,293.15,238.142,238.15,0,0,8.73892e-10,1.71291e-08
192,293.15,293.15,293.15,1.3074e-12,293.15,238.174,293.15,238.148,293.15,238.124,293.15,238.177,293.15,238.191,293.15,238.192,293.15,238.197,293.15,238.166,293.15,238.116,293.15,238.122,293.15,238.143,293.15,238.181,293.15,238.147,293.15,238.125,293.15,238.147,293.15,238.139,293.15,238.182,293.15,238.114,293.15,238.123,293.15,238.187,293.15,238.117,293.15,238.136,293.15,238.137,293.15,238.192,293.15,238.136,293.15,238.151,293.15,238.122,293.15,238.144,293.15,238.148,293.15,238.156,293.15,238.184,293.15,238.135,293.15,238.194,293.15,238.123,293.15,238.168,293.15,238.138,293.15,238.111,293.15,238.178,293.15,238.161,293.15,238.173,293.15,238.147,293.15,238.172,293.15,238.12,293.15,238.146,293.15,238.133,293.15,238.102,293.15,238.165,293.15,238.163,293.15,238.175,293.15,238.154,293.15,238.148,293.15,238.109,293.15,238.103,293.15,238.109,293.15,238.109,293.15,238.186,293.15,238.111,293.15,238.189,293.15,238.177,293.15,238.165,293.15,238.111,293.15,238.129,293.15,238.147,293.15,238.123,293.15,238.147,293.15,238.147,293.15,238.132,293.15,238.121,293.15,238.157,293.15,238.193,293.15,238.197,293.15,238.113,293.15,238.154,293.15,238.178,293.15,238.13,293.15,238.182,293.15,238.153,293.15,238.199,293.15,238.15,293.15,238.145,293.15,238.129,293.15,238.197,293.15,238.158,293.15,238.164,293.15,238.166,293.15,238.145,293.15,238.116,293.15,238.152,293.15,238.134,293.15,238.133,293.15,238.142,238.15,0,0,8.78216e-10,1.72397e-08
193,293.15,293.15,293.15,1.3074e-12,293.15,238.174,293.15,238.148,293.15,238.124,293.15,238.177,293.15,238.191,293.15,238.192,293.15,238.197,293.15,238.166,293.15,238.116,293.15,238.122,293.15,238.143,293.15,238.181,293.15,238.147,293.15,238.125,293.15,238.147,293.15,238.139,293.15,238.182,293.15,238.114,293.15,238.123,293.15,238.187,293.15,238.117,293.15,238.136,293.15,238.137,293.15,238.192,293.15,238.136,293.15,238.151,293.15,238.122,293.15,238.144,293.15,238.148,293.15,238.156,293.15,238.184,293.15,238.135,293.15,238.194,293.15,238.123,293.15,238.168,293.15,238.138,293.15,238.111,293.15,238.178,293.15,238.161,293.15,238.173,293.15,238.147,293.15,238.172,293.15,238.12,293.15,238.146,293.15,238.133,293.15,238.102,293.15,238.165,293.15,238.163,293.15,238.175,293.15,238.154,293.15,238.148,293.15,238.109,293.15,238.103,293.15,238.109,293.15,238.109,293.15,238.186,293.15,238.111,293.15,238.189,293.15,238.177,293.15,238.165,293.15,238.111,293.15,238.129,293.15,238.147,293.15,238.123,293.15,238.147,293.15,238.147,293.15,238.132,293.15,238.121,293.15,238.157,293.15,238.193,293.15,238.197,293.15,238.113,293.15,238.154,293.15,238.178,293.15,238.13,293.15,238.182,293.15,238.153,293.15,238.199,293.15,238.15,293.15,238.145,293.15,238.129,293.15,238.197,293.15,238.158,293.15,238.164,293.15,238.166,293.15,238.145,293.15,238.116,293.15,238.152,293.15,238.134,293.15,238.133,293.15,238.142,238.15,0,0,8.82533e-10,1.70572e-08
194,293.15,293.15,293.15,1.3074e-12,293.15,238.174,293.15,238.148,293.15,238.124,293.15,238.177,293.15,238.191,293.15,238.192,293.15,238.197,293.15,238.166,293.15,238.116,293.15,238.122,293.15,238.143,293.15,238.181,293.15,238.147,293.15,238.125,293.15,238.147,293.15,238.139,293.15,238.182,293.15,238.114,293.15,238.123,293.15,238.187,293.15,238.117,293.15,238.136,293.15,238.137,293.15,238.192,293.15,238.136,293.15,238.151,293.15,238.122,293.15,238.144,293.15,238.148,293.15,238.156,293.15,238.184,293.15,238.135,293.15,238.194,293.15,238.123,293.15,238.168,293.15,238.138,293.15,238.111,293.15,238.178,293.15,238.161,293.15,238.173,293.15,238.147,293.15,238.172,293.15,238.12,293.15,238.146,293.15,238.133,293.15,238.102,293.15,238.165,293.15,238.163,293.15,238.175,293.15,238.154,293.15,238.148,293.15,238.109,293.15,238.103,293.15,238.109,293.15,238.109,293.15,238.186,293.15,238.111,293.15,238.189,293.15,238.177,293.15,238.165,293.15,238.111,293.15,238.129,293.15,238.147,293.15,238.123,293.15,238.147,293.15,238.147,293.15,238.132,293.15,238.121,293.15,238.157,293.15,238.193,293.15,238.197,293.15,238.113,293.15,238.154,293.15,238.178,293.15,238.13,293.15,238.182,293.15,238.153,293.15,238.199,293.15,238.15,293.15,238.145,293.15,238.129,293.15,238.197,293.15,238.158,293.15,238.164,293.15,238.166,293.15,238.145,293.15,238.116,293.15,238.152,293.15,238.134,293.15,238.133,293.15,238.142,238.15,0,0,8.86849e-10,1.7221e-08
195,293.15,293.15,293.15,1.36424e-12,293.15,238.174,293.15,238.148,293.15,238.124,293.15,238.177,293.15,238.191,293.15,238.192,293.15,238.197,293.15,238.166,293.15,238.116,293.15,238.122,293.15,238.143,293.15,238.181,293.15,238.147,293.15,238.125,293.15,238.147,293.15,238.139,293.15,238.182,293.15,238.114,293.15,238.123,293.15,238.187,293.15,238.117,293.15,238.136,293.15,238.137,293.15,238.192,293.15,238.136,293.15,238.151,293.15,238.122,293.15,238.144,293.15,238.148,293.15,238.156,293.15,238.184,293.15,238.135,293.15,238.194,293.15,238.123,293.15,238.168,293.15,238.138,293.15,238.111,293.15,238.178,293.15,238.161,293.15,238.173,293.15,238.147,293.15,238.172,293.15,238.12,293.15,238.146,293.15,238.133,293.15,238.102,293.15,238.165,293.15,238.163,293.15,238.175,293.15,238.154,293.15,238.148,293.15,238.109,293.15,238.103,293.15,238.109,293.15,238.109,293.15,238.186,293.15,238.111,293.15,238.189,293.15,238.177,293.15,238.165,293.15,238.111,293.15,238.129,293.15,238.147,293.15,238.123,293.15,238.147,293.15,238.147,293.15,238.132,293.15,238.121,293.15,238.157,293.15,238.193,293.15,238.197,293.15,238.113,293.15,238.154,293.15,238.178,293.15,238.13,293.15,238.182,293.15,238.153,293.15,238.199,293.15,238.15,293.15,238.145,293.15,238.129,293.15,238.197,293.15,238.158,293.15,238.164,293.15,238.166,293.15,238.145,293.15,238.116,293.15,238.152,293.15,238.134,293.15,238.133,293.15,238.142,238.15,0,0,8.91109e-10,1.72392e-08
196,293.15,293.15,293.15,1.19371e-12,293.15,238.174,293.15,238.148,293.15,238.124,293.15,238.177,293.15,238.191,293.15,238.192,293.15,238.197,293.15,238.166,293.15,238.116,293.15,238.122,293.15,238.143,293.15,238.181,293.15,238.147,293.15,238.125,293.15,238.147,293.15,238.139,293.15,238.182,293.15,238.114,293.15,238.123,293.15,238.187,293.15,238.117,293.15,238.136,293.15,238.137,293.15,238.192,293.15,238.136,293.15,238.151,293.15,238.122,293.15,238.144,293.15,238.148,293.15,238.156,293.15,238.184,293.15,238.135,293.15,238.194,293.15,238.123,293.15,238.168,293.15,238.138,293.15,238.111,293.15,238.178,293.15,238.161,293.15,238.173,293.15,238.147,293.15,238.172,293.15,238.12,293.15,238.146,293.15,238.133,293.15,238.102,293.15,238.165,293.15,238.163,293.15,238.175,293.15,238.154,293.15,238.148,293.15,238.109,293.15,238.103,293.15,238.109,293.15,238.109,293.15,238.186,293.15,238.111,293.15,238.189,293.15,238.177,293.15,238.165,293.15,238.111,293.15,238.129,293.15,238.147,293.15,238.123,293.15,238.147,293.15,238.147,293.15,238.132,293.15,238.121,293.15,238.157,293.15,238.193,293.15,238.197,293.15,238.113,293.15,238.154,293.15,238.178,293.15,238.13,293.15,238.182,293.15,238.153,293.15,238.199,293.15,238.15,293.15,238.145,293.15,238.129,293.15,238.197,293.15,238.158,293.15,238.164,293.15,238.166,293.15,238.145,293.15,238.116,293.15,238.152,293.15,238.134,293.15,238.133,293.15,238.142,238.15,0,0,8.95399e-10,1.73281e-08
197,293.15,293.15,293.15,1.25056e-12,293.15,238.174,293.15,238.148,293.15,238.124,293.15,238.177,293.15,238.191,293.15,238.192,293.15,238.197,293.15,238.166,293.15,238.116,293.15,238.122,293.15,238.143,293.15,238.181,293.15,238.147,293.15,238.125,293.15,238.147,293.15,238.139,293.15,238.182,293.15,238.114,293.15,238.123,293.15,238.187,293.15,238.117,293.15,238.136,293.15,238.137,293.15,238.192,293.15,238.136,293.15,238.151,293.15,238.122,293.15,238.144,293.15,238.148,293.15,238.156,293.15,238.184,293.15,238.135,293.15,238.194,293.15,238.123,293.15,238.168,293.15,238.138,293.15,238.111,293.15,238.178,293.15,238.161,293.15,238.173,293.15,238.147,293.15,238.172,293.15,238.12,293.15,238.146,293.15,238.133,293.15,238.102,293.15,238.165,293.15,238.163,293.15,238.175,293.15,238.154,293.15,238.148,293.15,238.109,293.15,238.103,293.15,238.109,293.15,238.109,293.15,238.186,293.15,238.111,293.15,238.189,293.15,238.177,293.15,238.165,293.15,238.111,293.15,238.129,293.15,238.147,293.15,238.123,293.15,238.147,293.15,238.147,293.15,238.132,293.15,238.121,293.15,238.157,293.15,238.193,293.15,238.197,293.15,238.113,293.15,238.154,293.15,238.178,293.15,238.13,293.15,238.182,293.15,238.153,293.15,238.199,293.15,238.15,293.15,238.145,293.15,238.129,293.15,238.197,293.15,238.158,293.15,238.164,293.15,238.166,293.15,238.145,293.15,238.116,293.15,238.152,293.15,238.134,293.15,238.133,293.15,238.142,238.15,0,0,8.99721e-10,1.73517e-08
198,293.15,293.15,293.15,1.13687e-12,293.15,238.174,293.15,238.148,293.15,238.124,293.15,238.177,293.15,238.191,293.15,238.192,293.15,238.197,293.15,238.166,293.15,238.116,293.15,238.122,293.15,238.143,293.15,238.181,293.15,238.147,293.15,238.125,293.15,238.147,293.15,238.139,293.15,238.182,293.15,238.114,293.15,238.123,293.15,238.187,293.15,238.117,293.15,238.136,293.15,238.137,293.15,238.192,293.15,238.136,293.15,238.151,293.15,238.122,293.15,238.144,293.15,238.148,293.15,238.156,293.15,238.184,293.15,238.135,293.15,238.194,293.15,238.123,293.15,238.168,293.15,238.138,293.15,238.111,293.15,238.178,293.15,238.161,293.15,238.173,293.15,238.147,293.15,238.172,293.15,238.12,293.15,238.146,293.15,238.133,293.15,238.102,293.15,238.165,293.15,238.163,293.15,238.175,293.15,238.154,293.15,238.148,293.15,238.109,293.15,238.103,293.15,238.109,293.15,238.109,293.15,238.186,293.15,238.111,293.15,238.189,293.15,238.177,293.15,238.165,293.15,238.111,293.15,238.129,293.15,238.147,293.15,238.123,293.15,238.147,293.15,238.147,293.15,238.132,293.15,238.121,293.15,238.157,293.15,238.193,293.15,238.197,293.15,238.113,293.15,238.154,293.15,238.178,293.15,238.13,293.15,238.182,293.15,238.153,293.15,238.199,293.15,238.15,293.15,238.145,293.15,238.129,293.15,238.197,293.15,238.158,293.15,238.164,293.15,238.166,293.15,238.145,293.15,238.116,293.15,238.152,293.15,238.134,293.15,238.133,293.15,238.142,238.15,0,0,9.0404e-10,1.71145e-08
199,293.15,293.15,293.15,1.19371e-12,293.15,238.174,293.15,238.148,293.15,238.124,293.15,238.177,293.15,238.191,293.15,238.192,293.15,238.197,293.15,238.166,293.15,238.116,293.15,238.122,293.15,238.143,293.15,238.181,293.15,238.147,293.15,238.125,293.15,238.147,293.15,238.139,293.15,238.182,293.15,238.114,293.15,238.123,293.15,238.187,293.15,238.117,293.15,238.136,293.15,238.137,293.15,238.192,293.15,238.136,293.15,238.151,293.15,238.122,293.15,238.144,293.15,238.148,293.15,238.156,293.15,238.184,293.15,238.135,293.15,238.194,293.15,238.123,293.15,238.168,293.15,238.138,293.15,238.111,293.15,238.178,293.15,238.161,293.15,238.173,293.15,238.147,293.15,238.172,293.15,238.12,293.15,238.146,293.15,238.133,293.15,238.102,293.15,238.165,293.15,238.163,293.15,238.175,293.15,238.154,293.15,238.148,293.15,238.109,293.15,238.103,293.15,238.109,293.15,238.109,293.15,238.186,293.15,238.111,293.15,238.189,293.15,238.177,293.15,238.165,293.15,238.111,293.15,238.129,293.15,238.147,293.15,238.123,293.15,238.147,293.15,238.147,293.15,238.132,293.15,238.121,293.15,238.157,293.15,238.193,293.15,238.197,293.15,238.113,293.15,238.154,293.15,238.178,293.15,238.13,293.15,238.182,293.15,238.153,293.15,238.199,293.15,238.15,293.15,238.145,293.15,238.129,293.15,238.197,293.15,238.158,293.15,238.164,293.15,238.166,293.15,238.145,293.15,238.116,293.15,238.152,293.15,238.134,293.15,238.133,293.15,238.142,238.15,0,0,9.08356e-10,1.71045e-08
200,293.15,293.15,293.15,1.25056e-12,293.15,238.174,293.15,238.148,293.15,238.124,293.15,238.177,293.15,238.191,293.15,238.192,293.15,238.197,293.15,238.166,293.15,238.116,293.15,238.122,293.15,238.143,293.15,238.181,293.15,238.147,293.15,238.125,293.15,238.147,293.15,238.139,293.15,238.182,293.15,238.114,293.15,238.123,293.15,238.187,293.15,238.117,293.15,238.136,293.15,238.137,293.15,238.192,293.15,238.136,293.15,238.151,293.15,238.122,293.15,238.144,293.15,238.148,293.15,238.156,293.15,238.184,293.15,238.135,293.15,238.194,293.15,238.123,293.15,238.168,293.15,238.138,293.15,238.111,293.15,238.178,293.15,238.161,293.15,238.173,293.15,238.147,293.15,238.172,293.15,238.12,293.15,238.146,293.15,238.133,293.15,238.102,293.15,238.165,293.15,238.163,293.15,238.175,293.15,238.154,293.15,238.148,293.15,238.109,293.15,238.103,293.15,238.109,293.15,238.109,293.15,238.186,293.15,238.111,293.15,238.189,293.15,238.177,293.15,238.165,293.15,238.111,293.15,238.129,293.15,238.147,293.15,238.123,293.15,238.147,293.15,238.147,293.15,238.132,293.15,238.121,293.15,238.157,293.15,238.193,293.15,238.197,293.15,238.113,293.15,238.154,293.15,238.178,293.15,238.13,293.15,238.182,293.15,238.153,293.15,238.199,293.15,238.15,293.15,238.145,293.15,238.129,293.15,238.197,293.15,238.158,293.15,238.164,293.15,238.166,293.15,238.145,293.15,238.116,293.15,238.152,293.15,238.134,293.15,238.133,293.15,238.142,238.15,0,0,9.1261e-10,1.73499e-08
201,293.15,293.15,293.15,1.19371e-12,293.15,238.174,293.15,238.148,293.15,238.124,293.15,238.177,293.15,238.191,293.15,238.192,293.15,238.197,293.15,238.166,293.15,238.116,293.15,238.122,293.15,238.143,293.15,238.181,293.15,238.147,293.15,238.125,293.15,238.147,293.15,238.139,293.15,238.182,293.15,238.114,293.15,238.123,293.15,238.187,293.15,238.117,293.15,238.136,293.15,238.137,293.15,238.192,293.15,238.136,293.15,238.151,293.15,238.122,293.15,238.144,293.15,238.148,293.15,238.156,293.15,238.184,293.15,238.135,293.15,238.194,293.15,238.123,293.15,238.168,293.15,238.138,293.15,238.111,293.15,238.178,293.15,238.161,293.15,238.173,293.15,238.147,293.15,238.172,293.15,238.12,293.15,238.146,293.15,238.133,293.15,238.102,293.15,238.165,293.15,238.163,293.15,238.175,293.15,238.154,293.15,238.148,293.15,238.109,293.15,238.103,293.15,238.109,293.15,238.109,293.15,238.186,293.15,238.111,293.15,238.189,293.15,238.177,293.15,238.165,293.15,238.111,293.15,238.129,293.15,238.147,293.15,238.123,293.15,238.147,293.15,238.147,293.15,238.132,293.15,238.121,293.15,238.157,293.15,238.193,293.15,238.197,293.15,238.113,293.15,238.154,293.15,238.178,293.15,238.13,293.15,238.182,293.15,238.153,293.15,238.199,293.15,238.15,293.15,238.145,293.15,238.129,293.15,238.197,293.15,238.158,293.15,238.164,293.15,238.166,293.15,238.145,293.15,238.116,293.15,238.152,293.15,238.134,293.15,238.133,293.15,238.142,238.15,0,0,9.16858e-10,1.72648e-08
202,293.15,293.15,293.15,1.08002e-12,293.15,238.174,293.15,238.148,293.15,238.124,293.15,238.177,293.15,238.191,293.15,238.192,293.15,238.197,293.15,238.166,293.15,238.116,293.15,238.122,293.15,238.143,293.15,238.181,293.15,238.147,293.15,238.125,293.15,238.147,293.15,238.139,293.15,238.182,293.15,238.114,293.15,238.123,293.15,238.187,293.15,238.117,293.15,238.136,293.15,238.137,293.15,238.192,293.15,238.136,293.15,238.151,293.15,238.122,293.15,238.144,293.15,238.148,293.15,238.156,293.15,238.184,293.15,238.135,293.15,238.194,293.15,238.123,293.15,238.168,293.15,238.138,293.15,238.111,293.15,238.178,293.15,238.161,293.15,238.173,293.15,238.147,293.15,238.172,293.15,238.12,293.15,238.146,293.15,238.133,293.15,238.102,293.15,238.165,293.15,238.163,293.15,238.175,293.15,238.154,293.15,238.148,293.15,238.109,293.15,238.103,293.15,238.109,293.15,238.109,293.15,238.186,293.15,238.111,293.15,238.189,293.15,238.177,293.15,238.165,293.15,238.111,293.15,238.129,293.15,238.147,293.15,238.123,293.15,238.147,293.15,238.147,293.15,238.132,293.15,238.121,293.15,238.157,293.15,238.193,293.15,238.197,293.15,238.113,293.15,238.154,293.15,238.178,293.15,238.13,293.15,238.182,293.15,238.153,293.15,238.199,293.15,238.15,293.15,238.145,293.15,238.129,293.15,238.197,293.15,238.158,293.15,238.164,293.15,238.166,293.15,238.145,293.15,238.116,293.15,238.152,293.15,238.134,293.15,238.133,293.15,238.142,238.15,0,0,9.21123e-10,1.72452e-08
203,293.15,293.15,293.15,1.25056e-12,293.15,238.174,293.15,238.148,293.15,238.124,293.15,238.177,293.15,238.191,293.15,238.192,293.15,238.197,293.15,238.166,293.15,238.116,293.15,238.122,293.15,238.143,293.15,238.181,293.15,238.147,293.15,238.125,293.15,238.147,293.15,238.139,293.15,238.182,293.15,238.114,293.15,238.123,293.15,238.187,293.15,238.117,293.15,238.136,293.15,238.137,293.15,238.192,293.15,238.136,293.15,238.151,293.15,238.122,293.15,238.144,293.15,238.148,293.15,238.156,293.15,238.184,293.15,238.135,293.15,238.194,293.15,238.123,293.15,238.168,293.15,238.138,293.15,238.111,293.15,238.178,293.15,238.161,293.15,238.173,293.15,238.147,293.15,238.172,293.15,238.12,293.15,238.146,293.15,238.133,293.15,238.102,293.15,238.165,293.15,238.163,293.15,238.175,293.15,238.154,293.15,238.148,293.15,238.109,293.15,238.103,293.15,238.109,293.15,238.109,293.15,238.186,293.15,238.111,293.15,238.189,293.15,238.177,293.15,238.165,293.15,238.111,293.15,238.129,293.15,238.147,293.15,238.123,293.15,238.147,293.15,238.147,293.15,238.132,293.15,238.121,293.15,238.157,293.15,238.193,293.15,238.197,293.15,238.113,293.15,238.154,293.15,238.178,293.15,238.13,293.15,238.182,293.15,238.153,293.15,238.199,293.15,238.15,293.15,238.145,293.15,238.129,293.15,238.197,293.15,238.158,293.15,238.164,293.15,238.166,293.15,238.145,293.15,238.116,293.15,238.152,293.15,238.134,293.15,238.133,293.15,238.142,238.15,0,0,9.25415e-10,1.73244e-08
204,293.15,293.15,293.15,1.19371e-12,293.15,238.174,293.15,238.148,293.15,238.124,293.15,238.177,293.15,238.191,293.15,238.192,293.15,238.197,293.15,238.166,293.15,238.116,293.15,238.122,293.15,238.143,293.15,238.181,293.15,238.147,293.15,238.125,293.15,238.147,293.15,238.139,293.15,238.182,293.15,238.114,293.15,238.123,293.15,238.187,293.15,238.117,293.15,238.136,293.15,238.137,293.15,238.192,293.15,238.136,293.15,238.151,293.15,238.122,293.15,238.144,293.15,238.148,293.15,238.156,293.15,238.184,293.15,238.135,293.15,238.194,293.15,238.123,293.15,238.168,293.15,238.138,293.15,238.111,293.15,238.178,293.15,238.161,293.15,238.173,293.15,238.147,293.15,238.172,293.15,238.12,293.15,238.146,293.15,238.133,293.15,238.102,293.15,238.165,293.15,238.163,293.15,238.175,293.15,238.154,293.15,238.148,293.15,238.109,293.15,238.103,293.15,238.109,293.15,238.109,293.15,238.186,293.15,238.111,293.15,238.189,293.15,238.177,293.15,238.165,293.15,238.111,293.15,238.129,293.15,238.147,293.15,238.123,293.15,238.147,293.15,238.147,293.15,238.132,293.15,238.121,293.15,238.157,293.15,238.193,293.15,238.197,293.15,238.113,293.15,238.154,293.15,238.178,293.15,238.13,293.15,238.182,293.15,238.153,293.15,238.199,293.15,238.15,293.15,238.145,293.15,238.129,293.15,238.197,293.15,238.158,293.15,238.164,293.15,238.166,293.15,238.145,293.15,238.116,293.15,238.152,293.15,238.134,293.15,238.133,293.15,238.142,238.15,0,0,9.29698e-10,1.7236e-08
205,293.15,293.15,293.15,1.19371e-12,293.15,238.174,293.15,238.148,293.15,238.124,293.15,238.177,293.15,238.191,293.15,238.192,293.15,238.197,293.15,238.166,293.15,238.116,293.15,238.122,293.15,238.143,293.15,238.181,293.15,238.147,293.15,238.125,293.15,238.147,293.15,238.139,293.15,238.182,293.15,238.114,293.15,238.123,293.15,238.187,293.15,238.117,293.15,238.136,293.15,238.137,293.15,238.192,293.15,238.136,293.15,238.151,293.15,238.122,293.15,238.144,293.15,238.148,293.15,238.156,293.15,238.184,293.15,238.135,293.15,238.194,293.15,238.123,293.15,238.168,293.15,238.138,293.15,238.111,293.15,238.178,293.15,238.161,293.15,238.173,293.15,238.147,293.15,238.172,293.15,238.12,293.15,238.146,293.15,238.133,293.15,238.102,293.15,238.165,293.15,238.163,293.15,238.175,293.15,238.154,293.15,238.148,293.15,238.109,293.15,238.103,293.15,238.109,293.15,238.109,293.15,238.186,293.15,238.111,293.15,238.189,293.15,238.177,293.15,238.165,293.15,238.111,293.15,238.129,293.15,238.147,293.15,238.123,293.15,238.147,293.15,238.147,293.15,238.132,293.15,238.121,293.15,238.157,293.15,238.193,293.15,238.197,293.15,238.113,293.15,238.154,293.15,238.178,293.15,238.13,293.15,238.182,293.15,238.153,293.15,238.199,293.15,238.15,293.15,238.145,293.15,238.129,293.15,238.197,293.15,238.158,293.15,238.164,293.15,238.166,293.15,238.145,293.15,238.116,293.15,238.152,293.15,238.134,293.15,238.133,293.15,238.142,238.15,0,0,9.33979e-10,1.72069e-08
206,293.15,293.15,293.15,1.02318e-12,293.15,238.174,293.15,238.148,293.15,238.124,293.15,238.177,293.15,238.191,293.15,238.192,293.15,238.197,293.15,238.166,293.15,238.116,293.15,238.122,293.15,238.143,293.15,238.181,293.15,238.147,293.15,238.125,293.15,238.147,293.15,238.139,293.15,238.182,293.15,238.114,293.15,238.123,293.15,238.187,293.15,238.117,293.15,238.136,293.15,238.137,293.15,238.192,293.15,238.136,293.15,238.151,293.15,238.122,293.15,238.144,293.15,238.148,293.15,238.156,293.15,238.184,293.15,238.135,293.15,238.194,293.15,238.123,293.15,238.168,293.15,238.138,293.15,238.111,293.15,238.178,293.15,238.161,293.15,238.173,293.15,238.147,293.15,238.172,293.15,238.12,293.15,238.146,293.15,238.133,293.15,238.102,293.15,238.165,293.15,238.163,293.15,238.175,293.15,238.154,293.15,238.148,293.15,238.109,293.15,238.103,293.15,238.109,293.15,238.109,293.15,238.186,293.15,238.111,293.15,238.189,293.15,238.177,293.15,238.165,293.15,238.111,293.15,238.129,293.15,238.147,293.15,238.123,293.15,238.147,293.15,238.147,293.15,238.132,293.15,238.121,293.15,238.157,293.15,238.193,293.15,238.197,293.15,238.113,293.15,238.154,293.15,238.178,293.15,238.13,293.15,238.182,293.15,238.153,293.15,238.199,293.15,238.15,293.15,238.145,293.15,238.129,293.15,238.197,293.15,238.158,293.15,238.164,293.15,238.166,293.15,238.145,293.15,238.116,293.15,238.152,293.15,238.134,293.15,238.133,293.15,238.142,238.15,0,0,9.38215e-10,1.73673e-08
207,293.15,293.15,293.15,1.13687e-12,293.15,238.174,293.15,238.148,293.15,238.124,293.15,238.177,293.15,238.191,293.15,238.192,293.15,238.197,293.15,238.166,293.15,238.116,293.15,238.122,293.15,238.143,293.15,238.181,293.15,238.147,293.15,238.125,293.15,238.147,293.15,238.139,293.15,238.182,293.15,238.114,293.15,238.123,293.15,238.187,293.15,238.117,293.15,238.136,293.15,238.137,293.15,238.192,293.15,238.136,293.15,238.151,293.15,238.122,293.15,238.144,293.15,238.148,293.15,238.156,293.15,238.184,293.15,238.135,293.15,238.194,293.15,238.123,293.15,238.168,293.15,238.138,293.15,238.111,293.15,238.178,293.15,238.161,293.15,238.173,293.15,238.147,293.15,238.172,293.15,238.12,293.15,238.146,293.15,238.133,293.15,238.102,293.15,238.165,293.15,238.163,293.15,238.175,293.15,238.154,293.15,238.148,293.15,238.109,293.15,238.103,293.15,238.109,293.15,238.109,293.15,238.186,293.15,238.111,293.15,238.189,293.15,238.177,293.15,238.165,293.15,238.111,293.15,238.129,293.15,238.147,293.15,238.123,293.15,238.147,293.15,238.147,293.15,238.132,293.15,238.121,293.15,238.157,293.15,238.193,293.15,238.197,293.15,238.113,293.15,238.154,293.15,238.178,293.15,238.13,293.15,238.182,293.15,238.153,293.15,238.199,293.15,238.15,293.15,238.145,293.15,238.129,293.15,238.197,293.15,238.158,293.15,238.164,293.15,238.166,293.15,238.145,293.15,238.116,293.15,238.152,293.15,238.134,293.15,238.133,293.15,238.142,238.15,0,0,9.42446e-10,1.7328e-08
208,293.15,293.15,293.15,1.08002e-12,293.15,238.174,293.15,238.148,293.15,238.124,293.15,238.177,293.15,238.191,293.15,238.192,293.15,238.197,293.15,238.166,293.15,238.116,293.15,238.122,293.15,238.143,293.15,238.181,293.15,238.147,293.15,238.125,293.15,238.147,293.15,238.139,293.15,238.182,293.15,238.114,293.15,238.123,293.15,238.187,293.15,238.117,293.15,238.136,293.15,238.137,293.15,238.192,293.15,238.136,293.15,238.151,293.15,238.122,293.15,238.144,293.15,238.148,293.15,238.156,293.15,238.184,293.15,238.135,293.15,238.194,293.15,238.123,293.15,238.168,293.15,238.138,293.15,238.111,293.15,238.178,293.15,238.161,293.15,238.173,293.15,238.147,293.15,238.172,293.15,238.12,293.15,238.146,293.15,238.133,293.15,238.102,293.15,238.165,293.15,238.163,293.15,238.175,293.15,238.154,293.15,238.148,293.15,238.109,293.15,238.103,293.15,238.109,293.15,238.109,293.15,238.186,293.15,238.111,293.15,238.189,293.15,238.177,293.15,238.165,293.15,238.111,293.15,238.129,293.15,238.147,293.15,238.123,293.15,238.147,293.15,238.147,293.15,238.132,293.15,238.121,293.15,238.157,293.15,238.193,293.15,238.197,293.15,238.113,293.15,238.154,293.15,238.178,293.15,238.13,293.15,238.182,293.15,238.153,293.15,238.199,293.15,238.15,293.15,238.145,293.15,238.129,293.15,238.197,293.15,238.158,293.15,238.164,293.15,238.166,293.15,238.145,293.15,238.116,293.15,238.152,293.15,238.134,293.15,238.133,293.15,238.142,238.15,0,0,9.46682e-10,1.73286e-08
209,293.15,293.15,293.15,1.13687e-12,293.15,238.174,293.15,238.148,293.15,238.124,293.15,238.177,293.15,238.191,293.15,238.192,293.15,238.197,293.15,238.166,293.15,238.116,293.15,238.122,293.15,238.143,293.15,238.181,293.15,238.147,293.15,238.125,293.15,238.147,293.15,238.139,293.15,238.182,293.15,238.114,293.15,238.123,293.15,238.187,293.15,238.117,293.15,238.136,293.15,238.137,293.15,238.192,293.15,238.136,293.15,238.151,293.15,238.122,293.15,238.144,293.15,238.148,293.15,238.156,293.15,238.184,293.15,238.135,293.15,238.194,293.15,238.123,293.15,238.168,293.15,238.138,293.15,238.111,293.15,238.178,293.15,238.161,293.15,238.173,293.15,238.147,293.15,238.172,293.15,238.12,293.15,238.146,293.15,238.133,293.15,238.102,293.15,238.165,293.15,238.163,293.15,238.175,293.15,238.154,293.15,238.148,293.15,238.109,293.15,238.103,293.15,238.109,293.15,238.109,293.15,238.186,293.15,238.111,293.15,238.189,293.15,238.177,293.15,238.165,293.15,238.111,293.15,238.129,293.15,238.147,293.15,238.123,293.15,238.147,293.15,238.147,293.15,238.132,293.15,238.121,293.15,238.157,293.15,238.193,293.15,238.197,293.15,238.113,293.15,238.154,293.15,238.178,293.15,238.13,293.15,238.182,293.15,238.153,293.15,238.199,293.15,238.15,293.15,238.145,293.15,238.129,293.15,238.197,293.15,238.158,293.15,238.164,293.15,238.166,293.15,238.145,293.15,238.116,293.15,238.152,293.15,238.134,293.15,238.133,293.15,238.142,238.15,0,0,9.50913e-10,1.7257e-08
210,293.15,293.15,293.15,1.08002e-12,293.15,238.174,293.15,238.148,293.15,238.124,293.15,238.177,293.15,238.191,293.15,238.192,293.15,238.197,293.15,238.166,293.15,238.116,293.15,238.122,293.15,238.143,293.15,238.181,293.15,238.147,293.15,238.125,293.15,238.147,293.15,238.139,293.15,238.182,293.15,238.114,293.15,238.123,293.15,238.187,293.15,238.117,293.15,238.136,293.15,238.137,293.15,238.192,293.15,238.136,293.15,238.151,293.15,238.122,293.15,238.144,293.15,238.148,293.15,238.156,293.15,238.184,293.15,238.135,293.15,238.194,293.15,238.123,293.15,238.168,293.15,238.138,293.15,238.111,293.15,238.178,293.15,238.161,293.15,238.173,293.15,238.147,293.15,238.172,293.15,238.12,293.15,238.146,293.15,238.133,293.15,238.102,293.15,238.165,293.15,238.163,293.15,238.175,293.15,238.154,293.15,238.148,293.15,238.109,293.15,238.103,293.15,238.109,293.15,238.109,293.15,238.186,293.15,238.111,293.15,238.189,293.15,238.177,293.15,238.165,293.15,238.111,293.15,238.129,293.15,238.147,293.15,238.123,293.15,238.147,293.15,238.147,293.15,238.132,293.15,238.121,293.15,238.157,293.15,238.193,293.15,238.197,293.15,238.113,293.15,238.154,293.15,238.178,293.15,238.13,293.15,238.182,293.15,238.153,293.15,238.199,293.15,238.15,293.15,238.145,293.15,238.129,293.15,238.197,293.15,238.158,293.15,238.164,293.15,238.166,293.15,238.145,293.15,238.116,293.15,238.152,293.15,238.134,293.15,238.133,293.15,238.142,238.15,0,0,9.55172e-10,1.73641e-08
211,293.15,293.15,293.15,1.13687e-12,293.15,238.174,293.15,238.148,293.15,238.124,293.15,238.177,293.15,238.191,293.15,238.192,293.15,238.197,293.15,238.166,293.15,238.116,293.15,238.122,293.15,238.143,293.15,238.181,293.15,238.147,293.15,238.125,293.15,238.147,293.15,238.139,293.15,238.182,293.15,238.114,293.15,238.123,293.15,238.187,293.15,238.117,293.15,238.136,293.15,238.137,293.15,238.192,293.15,238.136,293.15,238.151,293.15,238.122,293.15,238.144,293.15,238.148,293.15,238.156,293.15,238.184,293.15,238.135,293.15,238.194,293.15,238.123,293.15,238.168,293.15,238.138,293.15,238.111,293.15,238.178,293.15,238.161,293.15,238.173,293.15,238.147,293.15,238.172,293.15,238.12,293.15,238.146,293.15,238.133,293.15,238.102,293.15,238.165,293.15,238.163,293.15,238.175,293.15,238.154,293.15,238.148,293.15,238.109,293.15,238.103,293.15,238.109,293.15,238.109,293.15,238.186,293.15,238.111,293.15,238.189,293.15,238.177,293.15,238.165,293.15,238.111,293.15,238.129,293.15,238.147,293.15,238.123,293.15,238.147,293.15,238.147,293.15,238.132,293.15,238.121,293.15,238.157,293.15,238.193,293.15,238.197,293.15,238.113,293.15,238.154,293.15,238.178,293.15,238.13,293.15,238.182,293.15,238.153,293.15,238.199,293.15,238.15,293.15,238.145,293.15,238.129,293.15,238.197,293.15,238.158,293.15,238.164,293.15,238.166,293.15,238.145,293.15,238.116,293.15,238.152,293.15,238.134,293.15,238.133,293.15,238.142,238.15,0,0,9.59395e-10,1.72081e-08
212,293.15,293.15,293.15,1.25056e-12,293.15,238.174,293.15,238.148,293.15,238.124,293.15,238.177,293.15,238.191,293.15,238.192,293.15,238.197,293.15,238.166,293.15,238.116,293.15,238.122,293.15,238.143,293.15,238.181,293.15,238.147,293.15,238.125,293.15,238.147,293.15,238.139,293.15,238.182,293.15,238.114,293.15,238.123,293.15,238.187,293.15,238.117,293.15,238.136,293.15,238.137,293.15,238.192,293.15,238.136,293.15,238.151,293.15,238.122,293.15,238.144,293.15,238.148,293.15,238.156,293.15,238.184,293.15,238.135,293.15,238.194,293.15,238.123,293.15,238.168,293.15,238.138,293.15,238.111,293.15,238.178,293.15,238.161,293.15,238.173,293.15,238.147,293.15,238.172,293.15,238.12,293.15,238.146,293.15,238.133,293.15,238.102,293.15,238.165,293.15,238.163,293.15,238.175,293.15,238.154,293.15,238.148,293.15,238.109,293.15,238.103,293.15,238.109,293.15,238.109,293.15,238.186,293.15,238.111,293.15,238.189,293.15,238.177,293.15,238.165,293.15,238.111,293.15,238.129,293.15,238.147,293.15,238.123,293.15,238.147,293.15,238.147,293.15,238.132,293.15,238.121,293.15,238.157,293.15,238.193,293.15,238.197,293.15,238.113,293.15,238.154,293.15,238.178,293.15,238.13,293.15,238.182,293.15,238.153,293.15,238.199,293.15,238.15,293.15,238.145,293.15,238.129,293.15,238.197,293.15,238.158,293.15,238.164,293.15,238.166,293.15,238.145,293.15,238.116,293.15,238.152,293.15,238.134,293.15,238.133,293.15,238.142,238.15,0,0,9.63637e-10,1.71788e-08
213,293.15,293.15,293.15,1.25056e-12,293.15,238.174,293.15,238.148,293.15,238.124,293.15,238.177,293.15,238.191,293.15,238.192,293.15,238.197,293.15,238.166,293.15,238.116,293.15,238.122,293.15,238.143,293.15,238.181,293.15,238.147,293.15,238.125,293.15,238.147,293.15,238.139,293.15,238.182,293.15,238.114,293.15,238.123,293.15,238.187,293.15,238.117,293.15,238.136,293.15,238.137,293.15,238.192,293.15,238.136,293.15,238.151,293.15,238.122,293.15,238.144,293.15,238.148,293.15,238.156,293.15,238.184,293.15,238.135,293.15,238.194,293.15,238.123,293.15,238.168,293.15,238.138,293.15,238.111,293.15,238.178,293.15,238.161,293.15,238.173,293.15,238.147,293.15,238.172,293.15,238.12,293.15,238.146,293.15,238.133,293.15,238.102,293.15,238.165,293.15,238.163,293.15,238.175,293.15,238.154,293.15,238.148,293.15,238.109,293.15,238.103,293.15,238.109,293.15,238.109,293.15,238.186,293.15,238.111,293.15,238.189,293.15,238.177,293.15,238.165,293.15,238.111,293.15,238.129,293.15,238.147,293.15,238.123,293.15,238.147,293.15,238.147,293.15,238.132,293.15,238.121,293.15,238.157,293.15,238.193,293.15,238.197,293.15,238.113,293.15,238.154,293.15,238.178,293.15,238.13,293.15,238.182,293.15,238.153,293.15,238.199,293.15,238.15,293.15,238.145,293.15,238.129,293.15,238.197,293.15,238.158,293.15,238.164,293.15,238.166,293.15,238.145,293.15,238.116,293.15,238.152,293.15,238.134,293.15,238.133,293.15,238.142,238.15,0,0,9.67872e-10,1.72295e-08
214,293.15,293.15,293.15,1.13687e-12,293.15,238.174,293.15,238.148,293.15,238.124,293.15,238.177,293.15,238.191,293.15,238.192,293.15,238.197,293.15,238.166,293.15,238.116,293.15,238.122,293.15,238.143,293.15,238.181,293.15,238.147,293.15,238.125,293.15,238.147,293.15,238.139,293.15,238.182,293.15,238.114,293.15,238.123,293.15,238.187,293.15,238.117,293.15,238.136,293.15,238.137,293.15,238.192,293.15,238.136,293.15,238.151,293.15,238.122,293.15,238.144,293.15,238.148,293.15,238.156,293.15,238.184,293.15,238.135,293.15,238.194,293.15,238.123,293.15,238.168,293.15,238.138,293.15,238.111,293.15,238.178,293.15,238.161,293.15,238.173,293.15,238.147,293.15,238.172,293.15,238.12,293.15,238.146,293.15,238.133,293.15,238.102,293.15,238.165,293.15,238.163,293.15,238.175,293.15,238.154,293.15,238.148,293.15,238.109,293.15,238.103,293.15,238.109,293.15,238.109,293.15,238.186,293.15,238.111,293.15,238.189,293.15,238.177,293.15,238.165,293.15,238.111,293.15,238.129,293.15,238.147,293.15,238.123,293.15,238.147,293.15,238.147,293.15,238.132,293.15,238.121,293.15,238.157,293.15,238.193,293.15,238.197,293.15,238.113,293.15,238.154,293.15,238.178,293.15,238.13,293.15,238.182,293.15,238.153,293.15,238.199,293.15,238.15,293.15,238.145,293.15,238.129,293.15,238.197,293.15,238.158,293.15,238.164,293.15,238.166,293.15,238.145,293.15,238.116,293.15,238.152,293.15,238.134,293.15,238.133,293.15,238.142,238.15,0,0,9.72078e-10,1.73005e-08
215,293.15,293.15,293.15,1.19371e-12,293.15,238.174,293.15,238.148,293.15,238.124,293.15,238.177,293.15,238.191,293.15,238.192,293.15,238.197,293.15,238.166,293.15,238.116,293.15,238.122,293.15,238.143,293.15,238.181,293.15,238.147,293.15,238.125,293.15,238.147,293.15,238.139,293.15,238.182,293.15,238.114,293.15,238.123,293.15,238.187,293.15,238.117,293.15,238.136,293.15,238.137,293.15,238.192,293.15,238.136,293.15,238.151,293.15,238.122,293.15,238.144,293.15,238.148,293.15,238.156,293.15,238.184,293.15,238.135,293.15,238.194,293.15,238.123,293.15,238.168,293.15,238.138,293.15,238.111,293.15,238.178,293.15,238.161,293.15,238.173,293.15,238.147,293.15,238.172,293.15,238.12,293.15,238.146,293.15,238.133,293.15,238.102,293.15,238.165,293.15,238.163,293.15,238.175,293.15,238.154,293.15,238.148,293.15,238.109,293.15,238.103,293.15,238.109,293.15,238.109,293.15,238.186,293.15,238.111,293.15,238.189,293.15,238.177,293.15,238.165,293.15,238.111,293.15,238.129,293.15,238.147,293.15,238.123,293.15,238.147,293.15,238.147,293.15,238.132,293.15,238.121,293.15,238.157,293.15,238.193,293.15,238.197,293.15,238.113,293.15,238.154,293.15,238.178,293.15,238.13,293.15,238.182,293.15,238.153,293.15,238.199,293.15,238.15,293.15,238.145,293.15,238.129,293.15,238.197,293.15,238.158,293.15,238.164,293.15,238.166,293.15,238.145,293.15,238.116,293.15,238.152,293.15,238.134,293.15,238.133,293.15,238.142,238.15,0,0,9.76306e-10,1.73046e-08
216,293.15,293.15,293.15,1.08002e-12,293.15,238.174,293.15,238.148,293.15,238.124,293.15,238.177,293.15,238.191,293.15,238.192,293.15,238.197,293.15,238.166,293.15,238.116,293.15,238.122,293.15,238.143,293.15,238.181,293.15,238.147,293.15,238.125,293.15,238.147,293.15,238.139,293.15,238.182,293.15,238.114,293.15,238.123,293.15,238.187,293.15,238.117,293.15,238.136,293.15,238.137,293.15,238.192,293.15,238.136,293.15,238.151,293.15,238.122,293.15,238.144,293.15,238.148,293.15,238.156,293.15,238.184,293.15,238.135,293.15,238.194,293.15,238.123,293.15,238.168,293.15,238.138,293.15,238.111,293.15,238.178,293.15,238.161,293.15,238.173,293.15,238.147,293.15,238.172,293.15,238.12,293.15,238.146,293.15,238.133,293.15,238.102,293.15,238.165,293.15,238.163,293.15,238.175,293.15,238.154,293.15,238.148,293.15,238.109,293.15,238.103,293.15,238.109,293.15,238.109,293.15,238.186,293.15,238.111,293.15,238.189,293.15,238.177,293.15,238.165,293.15,238.111,293.15,238.129,293.15,238.147,293.15,238.123,293.15,238.147,293.15,238.147,293.15,238.132,293.15,238.121,293.15,238.157,293.15,238.193,293.15,238.197,293.15,238.113,293.15,238.154,293.15,238.178,293.15,238.13,293.15,238.182,293.15,238.153,293.15,238.199,293.15,238.15,293.15,238.145,293.15,238.129,293.15,238.197,293.15,238.158,293.15,238.164,293.15,238.166,293.15,238.145,293.15,238.116,293.15,238.152,293.15,238.134,293.15,238.133,293.15,238.142,238.15,0,0,9.80517e-10,1.74059e-08
217,293.15,293.15,293.15,1.08002e-12,293.15,238.174,293.15,238.148,293.15,238.124,293.15,238.177,293.15,238.191,293.15,238.192,293.15,238.197,293.15,238.166,293.15,238.116,293.15,238.122,293.15,238.143,293.15,238.181,293.15,238.147,293.15,238.125,293.15,238.147,293.15,238.139,293.15,238.182,293.15,238.114,293.15,238.123,293.15,238.187,293.15,238.117,293.15,238.136,293.15,238.137,293.15,238.192,293.15,238.136,293.15,238.151,293.15,238.122,293.15,238.144,293.15,238.148,293.15,238.156,293.15,238.184,293.15,238.135,293.15,238.194,293.15,238.123,293.15,238.168,293.15,238.138,293.15,238.111,293.15,238.178,293.15,238.161,293.15,238.173,293.15,238.147,293.15,238.172,293.15,238.12,293.15,238.146,293.15,238.133,293.15,238.102,293.15,238.165,293.15,238.163,293.15,238.175,293.15,238.154,293.15,238.148,293.15,238.109,293.15,238.103,293.15,238.109,293.15,238.109,293.15,238.186,293.15,238.111,293.15,238.189,293.15,238.177,293.15,238.165,293.15,238.111,293.15,238.129,293.15,238.147,293.15,238.123,293.15,238.147,293.15,238.147,293.15,238.132,293.15,238.121,293.15,238.157,293.15,238.193,293.15,238.197,293.15,238.113,293.15,238.154,293.15,238.178,293.15,238.13,293.15,238.182,293.15,238.153,293.15,238.199,293.15,238.15,293.15,238.145,293.15,238.129,293.15,238.197,293.15,238.158,293.15,238.164,293.15,238.166,293.15,238.145,293.15,238.116,293.15,238.152,293.15,238.134,293.15,238.133,293.15,238.142,238.15,0,0,9.84757e-10,1.71786e-08
218,293.15,293.15,293.15,1.02318e-12,293.15,238.174,293.15,238.148,293.15,238.124,293.15,238.177,293.15,238.191,293.15,238.192,293.15,238.197,293.15,238.166,293.15,238.116,293.15,238.122,293.15,238.143,293.15,238.181,293.15,238.147,293.15,238.125,293.15,238.147,293.15,238.139,293.15,238.182,293.15,238.114,293.15,238.123,293.15,238.187,293.15,238.117,293.15,238.136,293.15,238.137,293.15,238.192,293.15,238.136,293.15,238.151,293.15,238.122,293.15,238.144,293.15,238.148,293.15,238.156,293.15,238.184,293.15,238.135,293.15,238.194,293.15,238.123,293.15,238.168,293.15,238.138,293.15,238.111,293.15,238.178,293.15,238.161,293.15,238.173,293.15,238.147,293.15,238.172,293.15,238.12,293.15,238.146,293.15,238.133,293.15,238.102,293.15,238.165,293.15,238.163,293.15,238.175,293.15,238.154,293.15,238.148,293.15,238.109,293.15,238.103,293.15,238.109,293.15,238.109,293.15,238.186,293.15,238.111,293.15,238.189,293.15,238.177,293.15,238.165,293.15,238.111,293.15,238.129,293.15,238.147,293.15,238.123,293.15,238.147,293.15,238.147,293.15,238.132,293.15,238.121,293.15,238.157,293.15,238.193,293.15,238.197,293.15,238.113,293.15,238.154,293.15,238.178,293.15,238.13,293.15,238.182,293.15,238.153,293.15,238.199,293.15,238.15,293.15,238.145,293.15,238.129,293.15,238.197,293.15,238.158,293.15,238.164,293.15,238.166,293.15,238.145,293.15,238.116,293.15,238.152,293.15,238.134,293.15,238.133,293.15,238.142,238.15,0,0,9.8899e-10,1.72889e-08
219,293.15,293.15,293.15,1.08002e-12,293.15,238.174,293.15,238.148,293.15,238.124,293.15,238.177,293.15,238.191,293.15,238.192,293.15,238.197,293.15,238.166,293.15,238.116,293.15,238.122,293.15,238.143,293.15,238.181,293.15,238.147,293.15,238.125,293.15,238.147,293.15,238.139,293.15,238.182,293.15,238.114,293.15,238.123,293.15,238.187,293.15,238.117,293.15,238.136,293.15,238.137,293.15,238.192,293.15,238.136,293.15,238.151,293.15,238.122,293.15,238.144,293.15,238.148,293.15,238.156,293.15,238.184,293.15,238.135,293.15,238.194,293.15,238.123,293.15,238.168,293.15,238.138,293.15,238.111,293.15,238.178,293.15,238.161,293.15,238.173,293.15,238.147,293.15,238.172,293.15,238.12,293.15,238.146,293.15,238.133,293.15,238.102,293.15,238.165,293.15,238.163,293.15,238.175,293.15,238.154,293.15,238.148,293.15,238.109,293.15,238.103,293.15,238.109,293.15,238.109,293.15,238.186,293.15,238.111,293.15,238.189,293.15,238.177,293.15,238.165,293.15,238.111,293.15,238.129,293.15,238.147,293.15,238.123,293.15,238.147,293.15,238.147,293.15,238.132,293.15,238.121,293.15,238.157,293.15,238.193,293.15,238.197,293.15,238.113,293.15,238.154,293.15,238.178,293.15,238.13,293.15,238.182,293.15,238.153,293.15,238.199,293.15,238.15,293.15,238.145,293.15,238.129,293.15,238.197,293.15,238.158,293.15,238.164,293.15,238.166,293.15,238.145,293.15,238.116,293.15,238.152,293.15,238.134,293.15,238.133,293.15,238.142,238.15,0,0,9.93142e-10,1.72181e-08
220,293.15,293.15,293.15,1.13687e-12,293.15,238.174,293.15,238.148,293.15,238.124,293.15,238.177,293.15,238.191,293.15,238.192,293.15,238.197,293.15,238.166,293.15,238.116,293.15,238.122,293.15,238.143,293.15,238.181,293.15,238.147,293.15,238.125,293.15,238.147,293.15,238.139,293.15,238.182,293.15,238.114,293.15,238.123,293.15,238.187,293.15,238.117,293.15,238.136,293.15,238.137,293.15,238.192,293.15,238.136,293.15,238.151,293.15,238.122,293.15,238.144,293.15,238.148,293.15,238.156,293.15,238.184,293.15,238.135,293.15,238.194,293.15,238.123,293.15,238.168,293.15,238.138,293.15,238.111,293.15,238.178,293.15,238.161,293.15,238.173,293.15,238.147,293.15,238.172,293.15,238.12,293.15,238.146,293.15,238.133,293.15,238.102,293.15,238.165,293.15,238.163,293.15,238.175,293.15,238.154,293.15,238.148,293.15,238.109,293.15,238.103,293.15,238.109,293.15,238.109,293.15,238.186,293.15,238.111,293.15,238.189,293.15,238.177,293.15,238.165,293.15,238.111,293.15,238.129,293.15,238.147,293.15,238.123,293.15,238.147,293.15,238.147,293.15,238.132,293.15,238.121,293.15,238.157,293.15,238.193,293.15,238.197,293.15,238.113,293.15,238.154,293.15,238.178,293.15,238.13,293.15,238.182,293.15,238.153,293.15,238.199,293.15,238.15,293.15,238.145,293.15,238.129,293.15,238.197,293.15,238.158,293.15,238.164,293.15,238.166,293.15,238.145,293.15,238.116,293.15,238.152,293.15,238.134,293.15,238.133,293.15,238.142,238.15,0,0,9.97348e-10,1.73307e-08
221,293.15,293.15,293.15,1.13687e-12,293.15,238.174,293.15,238.148,293.15,238.124,293.15,238.177,293.15,238.191,293.15,238.192,293.15,238.197,293.15,238.166,293.15,238.116,293.15,238.122,293.15,238.143,293.15,238.181,293.15,238.147,293.15,238.125,293.15,238.147,293.15,238.139,293.15,238.182,293.15,238.114,293.15,238.123,293.15,238.187,293.15,238.117,293.15,238.136,293.15,238.137,293.15,238.192,293.15,238.136,293.15,238.151,293.15,238.122,293.15,238.144,293.15,238.148,293.15,238.156,293.15,238.184,293.15,238.135,293.15,238.194,293.15,238.123,293.15,238.168,293.15,238.138,293.15,238.111,293.15,238.178,293.15,238.161,293.15,238.173,293.15,238.147,293.15,238.172,293.15,238.12,293.15,238.146,293.15,238.133,293.15,238.102,293.15,238.165,293.15,238.163,293.15,238.175,293.15,238.154,293.15,238.148,293.15,238.109,293.15,238.103,293.15,238.109,293.15,238.109,293.15,238.186,293.15,238.111,293.15,238.189,293.15,238.177,293.15,238.165,293.15,238.111,293.15,238.129,293.15,238.147,293.15,238.123,293.15,238.147,293.15,238.147,293.15,238.132,293.15,238.121,293.15,238.157,293.15,238.193,293.15,238.197,293.15,238.113,293.15,238.154,293.15,238.178,293.15,238.13,293.15,238.182,293.15,238.153,293.15,238.199,293.15,238.15,293.15,238.145,293.15,238.129,293.15,238.197,293.15,238.158,293.15,238.164,293.15,238.166,293.15,238.145,293.15,238.116,293.15,238.152,293.15,238.134,293.15,238.133,293.15,238.142,238.15,0,0,1.00155e-09,1.72331e-08
222,293.15,293.15,293.15,1.19371e-12,293.15,238.174,293.15,238.148,293.15,238.124,293.15,238.177,293.15,238.191,293.15,238.192,293.15,238.197,293.15,238.166,293.15,238.116,293.15,238.122,293.15,238.143,293.15,238.181,293.15,238.147,293.15,238.125,293.15,238.147,293.15,238.139,293.15,238.182,293.15,238.114,293.15,238.123,293.15,238.187,293.15,238.117,293.15,238.136,293.15,238.137,293.15,238.192,293.15,238.136,293.15,238.151,293.15,238.122,293.15,238.144,293.15,238.148,293.15,238.156,293.15,238.184,293.15,238.135,293.15,238.194,293.15,238.123,293.15,238.168,293.15,238.138,293.15,238.111,293.15,238.178,293.15,238.161,293.15,238.173,293.15,238.147,293.15,238.172,293.15,238.12,293.15,238.146,293.15,238.133,293.15,238.102,293.15,238.165,293.15,238.163,293.15,238.175,293.15,238.154,293.15,238.148,293.15,238.109,293.15,238.103,293.15,238.109,293.15,238.109,293.15,238.186,293.15,238.111,293.15,238.189,293.15,238.177,293.15,238.165,293.15,238.111,293.15,238.129,293.15,238.147,293.15,238.123,293.15,238.147,293.15,238.147,293.15,238.132,293.15,238.121,293.15,238.157,293.15,238.193,293.15,238.197,293.15,238.113,293.15,238.154,293.15,238.178,293.15,238.13,293.15,238.182,293.15,238.153,293.15,238.199,293.15,238.15,293.15,238.145,293.15,238.129,293.15,238.197,293.15,238.158,293.15,238.164,293.15,238.166,293.15,238.145,293.15,238.116,293.15,238.152,293.15,238.134,293.15,238.133,293.15,238.142,238.15,0,0,1.00576e-09,1.72919e-08
223,293.15,293.15,293.15,1.19371e-12,293.15,238.174,293.15,238.148,293.15,238.124,293.15,238.177,293.15,238.191,293.15,238.192,293.15,238.197,293.15,238.166,293.15,238.116,293.15,238.122,293.15,238.143,293.15,238.181,293.15,238.147,293.15,238.125,293.15,238.147,293.15,238.139,293.15,238.182,293.15,238.114,293.15,238.123,293.15,238.187,293.15,238.117,293.15,238.136,293.15,238.137,293.15,238.192,293.15,238.136,293.15,238.151,293.15,238.122,293.15,238.144,293.15,238.148,293.15,238.156,293.15,238.184,293.15,238.135,293.15,238.194,293.15,238.123,293.15,238.168,293.15,238.138,293.15,238.111,293.15,238.178,293.15,238.161,293.15,238.173,293.15,238.147,293.15,238.172,293.15,238.12,293.15,238.146,293.15,238.133,293.15,238.102,293.15,238.165,293.15,238.163,293.15,238.175,293.15,238.154,293.15,238.148,293.15,238.109,293.15,238.103,293.15,238.109,293.15,238.109,293.15,238.186,293.15,238.111,293.15,238.189,293.15,238.177,293.15,238.165,293.15,238.111,293.15,238.129,293.15,238.147,293.15,238.123,293.15,238.147,293.15,238.147,293.15,238.132,293.15,238.121,293.15,238.157,293.15,238.193,293.15,238.197,293.15,238.113,293.15,238.154,293.15,238.178,293.15,238.13,293.15,238.182,293.15,238.153,293.15,238.199,293.15,238.15,293.15,238.145,293.15,238.129,293.15,238.197,293.15,238.158,293.15,238.164,293.15,238.166,293.15,238.145,293.15,238.116,293.15,238.152,293.15,238.134,293.15,238.133,293.15,238.142,238.15,0,0,1.00995e-09,1.71952e-08
224,293.15,293.15,293.15,1.13687e-12,293.15,238.174,293.15,238.148,293.15,238.124,293.15,238.177,293.15,238.191,293.15,238.192,293.15,238.197,293.15,238.166,293.15,238.116,293.15,238.122,293.15,238.143,293.15,238.181,293.15,238.147,293.15,238.125,293.15,238.147,293.15,238.139,293.15,238.182,293.15,238.114,293.15,238.123,293.15,238.187,293.15,238.117,293.15,238.136,293.15,238.137,293.15,238.192,293.15,238.136,293.15,238.151,293.15,238.122,293.15,238.144,293.15,238.148,293.15,238.156,293.15,238.184,293.15,238.135,293.15,238.194,293.15,238.123,293.15,238.168,293.15,238.138,293.15,238.111,293.15,238.178,293.15,238.161,293.15,238.173,293.15,238.147,293.15,238.172,293.15,238.12,293.15,238.146,293.15,238.133,293.15,238.102,293.15,238.165,293.15,238.163,293.15,238.175,293.15,238.154,293.15,238.148,293.15,238.109,293.15,238.103,293.15,238.109,293.15,238.109,293.15,238.186,293.15,238.111,293.15,238.189,293.15,238.177,293.15,238.165,293.15,238.111,293.15,238.129,293.15,238.147,293.15,238.123,293.15,238.147,293.15,238.147,293.15,238.132,293.15,238.121,293.15,238.157,293.15,238.193,293.15,238.197,293.15,238.113,293.15,238.154,293.15,238.178,293.15,238.13,293.15,238.182,293.15,238.153,293.15,238.199,293.15,238.15,293.15,238.145,293.15,238.129,293.15,238.197,293.15,238.158,293.15,238.164,293.15,238.166,293.15,238.145,293.15,238.116,293.15,238.152,293.15,238.134,293.15,238.133,293.15,238.142,238.15,0,0,1.01416e-09,1.73055e-08
225,293.15,293.15,293.15,1.19371e-12,293.15,238.174,293.15,238.148,293.15,238.124,293.15,238.177,293.15,238.191,293.15,238.192,293.15,238.197,293.15,238.166,293.15,238.116,293.15,238.122,293.15,238.143,293.15,238.181,293.15,238.147,293.15,238.125,293.15,238.147,293.15,238.139,293.15,238.182,293.15,238.114,293.15,238.123,293.15,238.187,293.15,238.117,293.15,238.136,293.15,238.137,293.15,238.192,293.15,238.136,293.15,238.151,293.15,238.122,293.15,238.144,293.15,238.148,293.15,238.156,293.15,238.184,293.15,238.135,293.15,238.194,293.15,238.123,293.15,238.168,293.15,238.138,293.15,238.111,293.15,238.178,293.15,238.161,293.15,238.173,293.15,238.147,293.15,238.172,293.15,238.12,293.15,238.146,293.15,238.133,293.15,238.102,293.15,238.165,293.15,238.163,293.15,238.175,293.15,238.154,293.15,238.148,293.15,238.109,293.15,238.103,293.15,238.109,293.15,238.109,293.15,238.186,293.15,238.111,293.15,238.189,293.15,238.177,293.15,238.165,293.15,238.111,293.15,238.129,293.15,238.147,293.15,238.123,293.15,238.147,293.15,238.147,293.15,238.132,293.15,238.121,293.15,238.157,293.15,238.193,293.15,238.197,293.15,238.113,293.15,238.154,293.15,238.178,293.15,238.13,293.15,238.182,293.15,238.153,293.15,238.199,293.15,238.15,293.15,238.145,293.15,238.129,293.15,238.197,293.15,238.158,293.15,238.164,293.15,238.166,293.15,238.145,293.15,238.116,293.15,238.152,293.15,238.134,293.15,238.133,293.15,238.142,238.15,0,0,1.01834e-09,1.71486e-08
226,293.15,293.15,293.15,1.25056e-12,293.15,238.174,293.15,238.148,293.15,238.124,293.15,238.177,293.15,238.191,293.15,238.192,293.15,238.197,293.15,238.166,293.15,238.116,293.15,238.122,293.15,238.143,293.15,238.181,293.15,238.147,293.15,238.125,293.15,238.147,293.15,238.139,293.15,238.182,293.15,238.114,293.15,238.123,293.15,238.187,293.15,238.117,293.15,238.136,293.15,238.137,293.15,238.192,293.15,238.136,293.15,238.151,293.15,238.122,293.15,238.144,293.15,238.148,293.15,238.156,293.15,238.184,293.15,238.135,293.15,238.194,293.15,238.123,293.15,238.168,293.15,238.138,293.15,238.111,293.15,238.178,293.15,238.161,293.15,238.173,293.15,238.147,293.15,238.172,293.15,238.12,293.15,238.146,293.15,238.133,293.15,238.102,293.15,238.165,293.15,238.163,293.15,238.175,293.15,238.154,293.15,238.148,293.15,238.109,293.15,238.103,293.15,238.109,293.15,238.109,293.15,238.186,293.15,238.111,293.15,238.189,293.15,238.177,293.15,238.165,293.15,238.111,293.15,238.129,293.15,238.147,293.15,238.123,293.15,238.147,293.15,238.147,293.15,238.132,293.15,238.121,293.15,238.157,293.15,238.193,293.15,238.197,293.15,238.113,293.15,238.154,293.15,238.178,293.15,238.13,293.15,238.182,293.15,238.153,293.15,238.199,293.15,238.15,293.15,238.145,293.15,238.129,293.15,238.197,293.15,238.158,293.15,238.164,293.15,238.166,293.15,238.145,293.15,238.116,293.15,238.152,293.15,238.134,293.15,238.133,293.15,238.142,238.15,0,0,1.02252e-09,1.72805e-08
227,293.15,293.15,293.15,1.08002e-12,293.15,238.174,293.15,238.148,293.15,238.124,293.15,238.177,293.15,238.191,293.15,238.192,293.15,238.197,293.15,238.166,293.15,238.116,293.15,238.122,293.15,238.143,293.15,238.181,293.15,238.147,293.15,238.125,293.15,238.147,293.15,238.139,293.15,238.182,293.15,238.114,293.15,238.123,293.15,238.187,293.15,238.117,293.15,238.136,293.15,238.137,293.15,238.192,293.15,238.136,293.15,238.151,293.15,238.122,293.15,238.144,293.15,238.148,293.15,238.156,293.15,238.184,293.15,238.135,293.15,238.194,293.15,238.123,293.15,238.168,293.15,238.138,293.15,238.111,293.15,238.178,293.15,238.161,293.15,238.173,293.15,238.147,293.15,238.172,293.15,238.12,293.15,238.146,293.15,238.133,293.15,238.102,293.15,238.165,293.15,238.163,293.15,238.175,293.15,238.154,293.15,238.148,293.15,238.109,293.15,238.103,293.15,238.109,293.15,238.109,293.15,238.186,293.15,238.111,293.15,238.189,293.15,238.177,293.15,238.165,293.15,238.111,293.15,238.129,293.15,238.147,293.15,238.123,293.15,238.147,293.15,238.147,293.15,238.132,293.15,238.121,293.15,238.157,293.15,238.193,293.15,238.197,293.15,238.113,293.15,238.154,293.15,238.178,293.15,238.13,293.15,238.182,293.15,238.153,293.15,238.199,293.15,238.15,293.15,238.145,293.15,238.129,293.15,238.197,293.15,238.158,293.15,238.164,293.15,238.166,293.15,238.145,293.15,238.116,293.15,238.152,293.15,238.134,293.15,238.133,293.15,238.142,238.15,0,0,1.02667e-09,1.72022e-08
228,293.15,293.15,293.15,1.3074e-12,293.15,238.174,293.15,238.148,293.15,238.124,293.15,238.177,293.15,238.191,293.15,238.192,293.15,238.197,293.15,238.166,293.15,238.116,293.15,238.122,293.15,238.143,293.15,238.181,293.15,238.147,293.15,238.125,293.15,238.147,293.15,238.139,293.15,238.182,293.15,238.114,293.15,238.123,293.15,238.187,293.15,238.117,293.15,238.136,293.15,238.137,293.15,238.192,293.15,238.136,293.15,238.151,293.15,238.122,293.15,238.144,293.15,238.148,293.15,238.156,293.15,238.184,293.15,238.135,293.15,238.194,293.15,238.123,293.15,238.168,293.15,238.138,293.15,238.111,293.15,238.178,293.15,238.161,293.15,238.173,293.15,238.147,293.15,238.172,293.15,238.12,293.15,238.146,293.15,238.133,293.15,238.102,293.15,238.165,293.15,238.163,293.15,238.175,293.15,238.154,293.15,238.148,293.15,238.109,293.15,238.103,293.15,238.109,293.15,238.109,293.15,238.186,293.15,238.111,293.15,238.189,293.15,238.177,293.15,238.165,293.15,238.111,293.15,238.129,293.15,238.147,293.15,238.123,293.15,238.147,293.15,238.147,293.15,238.132,293.15,238.121,293.15,238.157,293.15,238.193,293.15,238.197,293.15,238.113,293.15,238.154,293.15,238.178,293.15,238.13,293.15,238.182,293.15,238.153,293.15,238.199,293.15,238.15,293.15,238.145,293.15,238.129,293.15,238.197,293.15,238.158,293.15,238.164,293.15,238.166,293.15,238.145,293.15,238.116,293.15,238.152,293.15,238.134,293.15,238.133,293.15,238.142,238.15,0,0,1.03087e-09,1.72644e-08
229,293.15,293.15,293.15,1.13687e-12,293.15,238.174,293.15,238.148,293.15,238.124,293.15,238.177,293.15,238.191,293.15,238.192,293.15,238.197,293.15,238.166,293.15,238.116,293.15,238.122,293.15,238.143,293.15,238.181,293.15,238.147,293.15,238.125,293.15,238.147,293.15,238.139,293.15,238.182,293.15,238.114,293.15,238.123,293.15,238.187,293.15,238.117,293.15,238.136,293.15,238.137,293.15,238.192,293.15,238.136,293.15,238.151,293.15,238.122,293.15,238.144,293.15,238.148,293.15,238.156,293.15,238.184,293.15,238.135,293.15,238.194,293.15,238.123,293.15,238.168,293.15,238.138,293.15,238.111,293.15,238.178,293.15,238.161,293.15,238.173,293.15,238.147,293.15,238.172,293.15,238.12,293.15,238.146,293.15,238.133,293.15,238.102,293.15,238.165,293.15,238.163,293.15,238.175,293.15,238.154,293.15,238.148,293.15,238.109,293.15,238.103,293.15,238.109,293.15,238.109,293.15,238.186,293.15,238.111,293.15,238.189,293.15,238.177,293.15,238.165,293.15,238.111,293.15,238.129,293.15,238.147,293.15,238.123,293.15,238.147,293.15,238.147,293.15,238.132,293.15,238.121,293.15,238.157,293.15,238.193,293.15,238.197,293.15,238.113,293.15,238.154,293.15,238.178,293.15,238.13,293.15,238.182,293.15,238.153,293.15,238.199,293.15,238.15,293.15,238.145,293.15,238.129,293.15,238.197,293.15,238.158,293.15,238.164,293.15,238.166,293.15,238.145,293.15,238.116,293.15,238.152,293.15,238.134,293.15,238.133,293.15,238.142,238.15,0,0,1.03508e-09,1.7143e-08
230,293.15,293.15,293.15,1.13687e-12,293.15,238.174,293.15,238.148,293.15,238.124,293.15,238.177,293.15,238.191,293.15,238.192,293.15,238.197,293.15,238.166,293.15,238.116,293.15,238.122,293.15,238.143,293.15,238.181,293.15,238.147,293.15,238.125,293.15,238.147,293.15,238.139,293.15,238.182,293.15,238.114,293.15,238.123,293.15,238.187,293.15,238.117,293.15,238.136,293.15,238.137,293.15,238.192,293.15,238.136,293.15,238.151,293.15,238.122,293.15,238.144,293.15,238.148,293.15,238.156,293.15,238.184,293.15,238.135,293.15,238.194,293.15,238.123,293.15,238.168,293.15,238.138,293.15,238.111,293.15,238.178,293.15,238.161,293.15,238.173,293.15,238.147,293.15,238.172,293.15,238.12,293.15,238.146,293.15,238.133,293.15,238.102,293.15,238.165,293.15,238.163,293.15,238.175,293.15,238.154,293.15,238.148,293.15,238.109,293.15,238.103,293.15,238.109,293.15,238.109,293.15,238.186,293.15,238.111,293.15,238.189,293.15,238.177,293.15,238.165,293.15,238.111,293.15,238.129,293.15,238.147,293.15,238.123,293.15,238.147,293.15,238.147,293.15,238.132,293.15,238.121,293.15,238.157,293.15,238.193,293.15,238.197,293.15,238.113,293.15,238.154,293.15,238.178,293.15,238.13,293.15,238.182,293.15,238.153,293.15,238.199,293.15,238.15,293.15,238.145,293.15,238.129,293.15,238.197,293.15,238.158,293.15,238.164,293.15,238.166,293.15,238.145,293.15,238.116,293.15,238.152,293.15,238.134,293.15,238.133,293.15,238.142,238.15,0,0,1.03926e-09,1.70409e-08
231,293.15,293.15,293.15,1.36424e-12,293.15,238.174,293.15,238.148,293.15,238.124,293.15,238.177,293.15,238.191,293.15,238.192,293.15,238.197,293.15,238.166,293.15,238.116,293.15,238.122,293.15,238.143,293.15,238.181,293.15,238.147,293.15,238.125,293.15,238.147,293.15,238.139,293.15,238.182,293.15,238.114,293.15,238.123,293.15,238.187,293.15,238.117,293.15,238.136,293.15,238.137,293.15,238.192,293.15,238.136,293.15,238.151,293.15,238.122,293.15,238.144,293.15,238.148,293.15,238.156,293.15,238.184,293.15,238.135,293.15,238.194,293.15,238.123,293.15,238.168,293.15,238.138,293.15,238.111,293.15,238.178,293.15,238.161,293.15,238.173,293.15,238.147,293.15,238.172,293.15,238.12,293.15,238.146,293.15,238.133,293.15,238.102,293.15,238.165,293.15,238.163,293.15,238.175,293.15,238.154,293.15,238.148,293.15,238.109,293.15,238.103,293.15,238.109,293.15,238.109,293.15,238.186,293.15,238.111,293.15,238.189,293.15,238.177,293.15,238.165,293.15,238.111,293.15,238.129,293.15,238.147,293.15,238.123,293.15,238.147,293.15,238.147,293.15,238.132,293.15,238.121,293.15,238.157,293.15,238.193,293.15,238.197,293.15,238.113,293.15,238.154,293.15,238.178,293.15,238.13,293.15,238.182,293.15,238.153,293.15,238.199,293.15,238.15,293.15,238.145,293.15,238.129,293.15,238.197,293.15,238.158,293.15,238.164,293.15,238.166,293.15,238.145,293.15,238.116,293.15,238.152,293.15,238.134,293.15,238.133,293.15,238.142,238.15,0,0,1.04341e-09,1.70806e-08
232,293.15,293.15,293.15,1.19371e-12,293.15,238.174,293.15,238.148,293.15,238.124,293.15,238.177,293.15,238.191,293.15,238.192,293.15,238.197,293.15,238.166,293.15,238.116,293.15,238.122,293.15,238.143,293.15,238.181,293.15,238.147,293.15,238.125,293.15,238.147,293.15,238.139,293.15,238.182,293.15,238.114,293.15,238.123,293.15,238.187,293.15,238.117,293.15,238.136,293.15,238.137,293.15,238.192,293.15,238.136,293.15,238.151,293.15,238.122,293.15,238.144,293.15,238.148,293.15,238.156,293.15,238.184,293.15,238.135,293.15,238.194,293.15,238.123,293.15,238.168,293.15,238.138,293.15,238.111,293.15,238.178,293.15,238.161,293.15,238.173,293.15,238.147,293.15,238.172,293.15,238.12,293.15,238.146,293.15,238.133,293.15,238.102,293.15,238.165,293.15,238.163,293.15,238.175,293.15,238.154,293.15,238.148,293.15,238.109,293.15,238.103,293.15,238.109,293.15,238.109,293.15,238.186,293.15,238.111,293.15,238.189,293.15,238.177,293.15,238.165,293.15,238.111,293.15,238.129,293.15,238.147,293.15,238.123,293.15,238.147,293.15,238.147,293.15,238.132,293.15,238.121,293.15,238.157,293.15,238.193,293.15,238.197,293.15,238.113,293.15,238.154,293.15,238.178,293.15,238.13,293.15,238.182,293.15,238.153,293.15,238.199,293.15,238.15,293.15,238.145,293.15,238.129,293.15,238.197,293.15,238.158,293.15,238.164,293.15,238.166,293.15,238.145,293.15,238.116,293.15,238.152,293.15,238.134,293.15,238.133,293.15,238.142,238.15,0,0,1.04754e-09,1.72287e-08
233,293.15,293.15,293.15,1.47793e-12,293.15,238.174,293.15,238.148,293.15,238.124,293.15,238.177,293.15,238.191,293.15,238.192,293.15,238.197,293.15,238.166,293.15,238.116,293.15,238.122,293.15,238.143,293.15,238.181,293.15,238.147,293.15,238.125,293.15,238.147,293.15,238.139,293.15,238.182,293.15,238.114,293.15,238.123,293.15,238.187,293.15,238.117,293.15,238.136,293.15,238.137,293.15,238.192,293.15,238.136,293.15,238.151,293.15,238.122,293.15,238.144,293.15,238.148,293.15,238.156,293.15,238.184,293.15,238.135,293.15,238.194,293.15,238.123,293.15,238.168,293.15,238.138,293.15,238.111,293.15,238.178,293.15,238.161,293.15,238.173,293.15,238.147,293.15,238.172,293.15,238.12,293.15,238.146,293.15,238.133,293.15,238.102,293.15,238.165,293.15,238.163,293.15,238.175,293.15,238.154,293.15,238.148,293.15,238.109,293.15,238.103,293.15,238.109,293.15,238.109,293.15,238.186,293.15,238.111,293.15,238.189,293.15,238.177,293.15,238.165,293.15,238.111,293.15,238.129,293.15,238.147,293.15,238.123,293.15,238.147,293.15,238.147,293.15,238.132,293.15,238.121,293.15,238.157,293.15,238.193,293.15,238.197,293.15,238.113,293.15,238.154,293.15,238.178,293.15,238.13,293.15,238.182,293.15,238.153,293.15,238.199,293.15,238.15,293.15,238.145,293.15,238.129,293.15,238.197,293.15,238.158,293.15,238.164,293.15,238.166,293.15,238.145,293.15,238.116,293.15,238.152,293.15,238.134,293.15,238.133,293.15,238.142,238.15,0,0,1.05167e-09,1.71345e-08
234,293.15,293.15,293.15,1.25056e-12,293.15,238.174,293.15,238.148,293.15,238.124,293.15,238.177,293.15,238.191,293.15,238.192,293.15,238.197,293.15,238.166,293.15,238.116,293.15,238.122,293.15,238.143,293.15,238.181,293.15,238.147,293.15,238.125,293.15,238.147,293.15,238.139,293.15,238.182,293.15,238.114,293.15,238.123,293.15,238.187,293.15,238.117,293.15,238.136,293.15,238.137,293.15,238.192,293.15,238.136,293.15,238.151,293.15,238.122,293.15,238.144,293.15,238.148,293.15,238.156,293.15,238.184,293.15,238.135,293.15,238.194,293.15,238.123,293.15,238.168,293.15,238.138,293.15,238.111,293.15,238.178,293.15,238.161,293.15,238.173,293.15,238.147,293.15,238.172,293.15,238.12,293.15,238.146,293.15,238.133,293.15,238.102,293.15,238.165,293.15,238.163,293.15,238.175,293.15,238.154,293.15,238.148,293.15,238.109,293.15,238.103,293.15,238.109,293.15,238.109,293.15,238.186,293.15,238.111,293.15,238.189,293.15,238.177,293.15,238.165,293.15,238.111,293.15,238.129,293.15,238.147,293.15,238.123,293.15,238.147,293.15,238.147,293.15,238.132,293.15,238.121,293.15,238.157,293.15,238.193,293.15,238.197,293.15,238.113,293.15,238.154,293.15,238.178,293.15,238.13,293.15,238.182,293.15,238.153,293.15,238.199,293.15,238.15,293.15,238.145,293.15,238.129,293.15,238.197,293.15,238.158,293.15,238.164,293.15,238.166,293.15,238.145,293.15,238.116,293.15,238.152,293.15,238.134,293.15,238.133,293.15,238.142,238.15,0,0,1.05583e-09,1.71534e-08
235,293.15,293.15,293.15,1.13687e-12,293.15,238.174,293.15,238.148,293.15,238.124,293.15,238.177,293.15,238.191,293.15,238.192,293.15,238.197,293.15,238.166,293.15,238.116,293.15,238.122,293.15,238.143,293.15,238.181,293.15,238.147,293.15,238.125,293.15,238.147,293.15,238.139,293.15,238.182,293.15,238.114,293.15,238.123,293.15,238.187,293.15,238.117,293.15,238.136,293.15,238.137,293.15,238.192,293.15,238.136,293.15,238.151,293.15,238.122,293.15,238.144,293.15,238.148,293.15,238.156,293.15,238.184,293.15,238.135,293.15,238.194,293.15,238.123,293.15,238.168,293.15,238.138,293.15,238.111,293.15,238.178,293.15,238.161,293.15,238.173,293.15,238.147,293.15,238.172,293.15,238.12,293.15,238.146,293.15,238.133,293.15,238.102,293.15,238.165,293.15,238.163,293.15,238.175,293.15,238.154,293.15,238.148,293.15,238.109,293.15,238.103,293.15,238.109,293.15,238.109,293.15,238.186,293.15,238.111,293.15,238.189,293.15,238.177,293.15,238.165,293.15,238.111,293.15,238.129,293.15,238.147,293.15,238.123,293.15,238.147,293.15,238.147,293.15,238.132,293.15,238.121,293.15,238.157,293.15,238.193,293.15,238.197,293.15,238.113,293.15,238.154,293.15,238.178,293.15,238.13,293.15,238.182,293.15,238.153,293.15,238.199,293.15,238.15,293.15,238.145,293.15,238.129,293.15,238.197,293.15,238.158,293.15,238.164,293.15,238.166,293.15,238.145,293.15,238.116,293.15,238.152,293.15,238.134,293.15,238.133,293.15,238.142,238.15,0,0,1.05999e-09,1.69481e-08
236,293.15,293.15,293.15,1.25056e-12,293.15,238.174,293.15,238.148,293.15,238.124,293.15,238.177,293.15,238.191,293.15,238.192,293.15,238.197,293.15,238.166,293.15,238.116,293.15,238.122,293.15,238.143,293.15,238.181,293.15,238.147,293.15,238.125,293.15,238.147,293.15,238.139,293.15,238.182,293.15,238.114,293.15,238.123,293.15,238.187,293.15,238.117,293.15,238.136,293.15,238.137,293.15,238.192,293.15,238.136,293.15,238.151,293.15,238.122,293.15,238.144,293.15,238.148,293.15,238.156,293.15,238.184,293.15,238.135,293.15,238.194,293.15,238.123,293.15,238.168,293.15,238.138,293.15,238.111,293.15,238.178,293.15,238.161,293.15,238.173,293.15,238.147,293.15,238.172,293.15,238.12,293.15,238.146,293.15,238.133,293.15,238.102,293.15,238.165,293.15,238.163,293.15,238.175,293.15,238.154,293.15,238.148,293.15,238.109,293.15,238.103,293.15,238.109,293.15,238.109,293.15,238.186,293.15,238.111,293.15,238.189,293.15,238.177,293.15,238.165,293.15,238.111,293.15,238.129,293.15,238.147,293.15,238.123,293.15,238.147,293.15,238.147,293.15,238.132,293.15,238.121,293.15,238.157,293.15,238.193,293.15,238.197,293.15,238.113,293.15,238.154,293.15,238.178,293.15,238.13,293.15,238.182,293.15,238.153,293.15,238.199,293.15,238.15,293.15,238.145,293.15,238.129,293.15,238.197,293.15,238.158,293.15,238.164,293.15,238.166,293.15,238.145,293.15,238.116,293.15,238.152,293.15,238.134,293.15,238.133,293.15,238.142,238.15,0,0,1.06414e-09,1.70902e-08
237,293.15,293.15,293.15,1.08002e-12,293.15,238.174,293.15,238.148,293.15,238.124,293.15,238.177,293.15,238.191,293.15,238.192,293.15,238.197,293.15,238.166,293.15,238.116,293.15,238.122,293.15,238.143,293.15,238.181,293.15,238.147,293.15,238.125,293.15,238.147,293.15,238.139,293.15,238.182,293.15,238.114,293.15,238.123,293.15,238.187,293.15,238.117,293.15,238.136,293.15,238.137,293.15,238.192,293.15,238.136,293.15,238.151,293.15,238.122,293.15,238.144,293.15,238.148,293.15,238.156,293.15,238.184,293.15,238.135,293.15,238.194,293.15,238.123,293.15,238.168,293.15,238.138,293.15,238.111,293.15,238.178,293.15,238.161,293.15,238.173,293.15,238.147,293.15,238.172,293.15,238.12,293.15,238.146,293.15,238.133,293.15,238.102,293.15,238.165,293.15,238.163,293.15,238.175,293.15,238.154,293.15,238.148,293.15,238.109,293.15,238.103,293.15,238.109,293.15,238.109,293.15,238.186,293.15,238.111,293.15,238.189,293.15,238.177,293.15,238.165,293.15,238.111,293.15,238.129,293.15,238.147,293.15,238.123,293.15,238.147,293.15,238.147,293.15,238.132,293.15,238.121,293.15,238.157,293.15,238.193,293.15,238.197,293.15,238.113,293.15,238.154,293.15,238.178,293.15,238.13,293.15,238.182,293.15,238.153,293.15,238.199,293.15,238.15,293.15,238.145,293.15,238.129,293.15,238.197,293.15,238.158,293.15,238.164,293.15,238.166,293.15,238.145,293.15,238.116,293.15,238.152,293.15,238.134,293.15,238.133,293.15,238.142,238.15,0,0,1.06825e-09,1.69601e-08
238,293.15,293.15,293.15,1.25056e-12,293.15,238.174,293.15,238.148,293.15,238.124,293.15,238.177,293.15,238.191,293.15,238.192,293.15,238.197,293.15,238.166,293.15,238.116,293.15,238.122,293.15,238.143,293.15,238.181,293.15,238.147,293.15,238.125,293.15,238.147,293.15,238.139,293.15,238.182,293.15,238.114,293.15,238.123,293.15,238.187,293.15,238.117,293.15,238.136,293.15,238.137,293.15,238.192,293.15,238.136,293.15,238.151,293.15,238.122,293.15,238.144,293.15,238.148,293.15,238.156,293.15,238.184,293.15,238.135,293.15,238.194,293.15,238.123,293.15,238.168,293.15,238.138,293.15,238.111,293.15,238.178,293.15,238.161,293.15,238.173,293.15,238.147,293.15,238.172,293.15,238.12,293.15,238.146,293.15,238.133,293.15,238.102,293.15,238.165,293.15,238.163,293.15,238.175,293.15,238.154,293.15,238.148,293.15,238.109,293.15,238.103,293.15,238.109,293.15,238.109,293.15,238.186,293.15,238.111,293.15,238.189,293.15,238.177,293.15,238.165,293.15,238.111,293.15,238.129,293.15,238.147,293.15,238.123,293.15,238.147,293.15,238.147,293.15,238.132,293.15,238.121,293.15,238.157,293.15,238.193,293.15,238.197,293.15,238.113,293.15,238.154,293.15,238.178,293.15,238.13,293.15,238.182,293.15,238.153,293.15,238.199,293.15,238.15,293.15,238.145,293.15,238.129,293.15,238.197,293.15,238.158,293.15,238.164,293.15,238.166,293.15,238.145,293.15,238.116,293.15,238.152,293.15,238.134,293.15,238.133,293.15,238.142,238.15,0,0,1.07238e-09,1.70042e-08
239,293.15,293.15,293.15,1.25056e-12,293.15,238.174,293.15,238.148,293.15,238.124,293.15,238.177,293.15,238.191,293.15,238.192,293.15,238.197,293.15,238.166,293.15,238.116,293.15,238.122,293.15,238.143,293.15,238.181,293.15,238.147,293.15,238.125,293.15,238.147,293.15,238.139,293.15,238.182,293.15,238.114,293.15,238.123,293.15,238.187,293.15,238.117,293.15,238.136,293.15,238.137,293.15,238.192,293.15,238.136,293.15,238.151,293.15,238.122,293.15,238.144,293.15,238.148,293.15,238.156,293.15,238.184,293.15,238.135,293.15,238.194,293.15,238.123,293.15,238.168,293.15,238.138,293.15,238.111,293.15,238.178,293.15,238.161,293.15,238.173,293.15,238.147,293.15,238.172,293.15,238.12,293.15,238.146,293.15,238.133,293.15,238.102,293.15,238.165,293.15,238.163,293.15,238.175,293.15,238.154,293.15,238.148,293.15,238.109,293.15,238.103,293.15,238.109,293.15,238.109,293.15,238.186,293.15,238.111,293.15,238.189,293.15,238.177,293.15,238.165,293.15,238.111,293.15,238.129,293.15,238.147,293.15,238.123,293.15,238.147,293.15,238.147,293.15,238.132,293.15,238.121,293.15,238.157,293.15,238.193,293.15,238.197,293.15,238.113,293.15,238.154,293.15,238.178,293.15,238.13,293.15,238.182,293.15,238.153,293.15,238.199,293.15,238.15,293.15,238.145,293.15,238.129,293.15,238.197,293.15,238.158,293.15,238.164,293.15,238.166,293.15,238.145,293.15,238.116,293.15,238.152,293.15,238.134,293.15,238.133,293.15,238.142,238.15,0,0,1.07648e-09,1.69855e-08
240,293.15,293.15,293.15,1.02318e-12,293.15,238.174,293.15,238.148,293.15,238.124,293.15,238.177,293.15,238.191,293.15,238.192,293.15,238.197,293.15,238.166,293.15,238.116,293.15,238.122,293.15,238.143,293.15,238.181,293.15,238.147,293.15,238.125,293.15,238.147,293.15,238.139,293.15,238.182,293.15,238.114,293.15,238.123,293.15,238.187,293.15,238.117,293.15,238.136,293.15,238.137,293.15,238.192,293.15,238.136,293.15,238.151,293.15,238.122,293.15,238.144,293.15,238.148,293.15,238.156,293.15,238.184,293.15,238.135,293.15,238.194,293.15,238.123,293.15,238.168,293.15,238.138,293.15,238.111,293.15,238.178,293.15,238.161,293.15,238.173,293.15,238.147,293.15,238.172,293.15,238.12,293.15,238.146,293.15,238.133,293.15,238.102,293.15,238.165,293.15,238.163,293.15,238.175,293.15,238.154,293.15,238.148,293.15,238.109,293.15,238.103,293.15,238.109,293.15,238.109,293.15,238.186,293.15,238.111,293.15,238.189,293.15,238.177,293.15,238.165,293.15,238.111,293.15,238.129,293.15,238.147,293.15,238.123,293.15,238.147,293.15,238.147,293.15,238.132,293.15,238.121,293.15,238.157,293.15,238.193,293.15,238.197,293.15,238.113,293.15,238.154,293.15,238.178,293.15,238.13,293.15,238.182,293.15,238.153,293.15,238.199,293.15,238.15,293.15,238.145,293.15,238.129,293.15,238.197,293.15,238.158,293.15,238.164,293.15,238.166,293.15,238.145,293.15,238.116,293.15,238.152,293.15,238.134,293.15,238.133,293.15,238.142,238.15,0,0,1.08061e-09,1.69282e-08
241,293.15,293.15,293.15,1.13687e-12,293.15,238.174,293.15,238.148,293.15,238.124,293.15,238.177,293.15,238.191,293.15,238.192,293.15,238.197,293.15,238.166,293.15,238.116,293.15,238.122,293.15,238.143,293.15,238.181,293.15,238.147,293.15,238.125,293.15,238.147,293.15,238.139,293.15,238.182,293.15,238.114,293.15,238.123,293.15,238.187,293.15,238.117,293.15,238.136,293.15,238.137,293.15,238.192,293.15,238.136,293.15,238.151,293.15,238.122,293.15,238.144,293.15,238.148,293.15,238.156,293.15,238.184,293.15,238.135,293.15,238.194,293.15,238.123,293.15,238.168,293.15,238.138,293.15,238.111,293.15,238.178,293.15,238.161,293.15,238.173,293.15,238.147,293.15,238.172,293.15,238.12,293.15,238.146,293.15,238.133,293.15,238.102,293.15,238.165,293.15,238.163,293.15,238.175,293.15,238.154,293.15,238.148,293.15,238.109,293.15,238.103,293.15,238.109,293.15,238.109,293.15,238.186,293.15,238.111,293.15,238.189,293.15,238.177,293.15,238.165,293.15,238.111,293.15,238.129,293.15,238.147,293.15,238.123,293.15,238.147,293.15,238.147,293.15,238.132,293.15,238.121,293.15,238.157,293.15,238.193,293.15,238.197,293.15,238.113,293.15,238.154,293.15,238.178,293.15,238.13,293.15,238.182,293.15,238.153,293.15,238.199,293.15,238.15,293.15,238.145,293.15,238.129,293.15,238.197,293.15,238.158,293.15,238.164,293.15,238.166,293.15,238.145,293.15,238.116,293.15,238.152,293.15,238.134,293.15,238.133,293.15,238.142,238.15,0,0,1.08474e-09,1.68851e-08
242,293.15,293.15,293.15,1.19371e-12,293.15,238.174,293.15,238.148,293.15,238.124,293.15,238.177,293.15,238.191,293.15,238.192,293.15,238.197,293.15,238.166,293.15,238.116,293.15,238.122,293.15,238.143,293.15,238.181,293.15,238.147,293.15,238.125,293.15,238.147,293.15,238.139,293.15,238.182,293.15,238.114,293.15,238.123,293.15,238.187,293.15,238.117,293.15,238.136,293.15,238.137,293.15,238.192,293.15,238.136,293.15,238.151,293.15,238.122,293.15,238.144,293.15,238.148,293.15,238.156,293.15,238.184,293.15,238.135,293.15,238.194,293.15,238.123,293.15,238.168,293.15,238.138,293.15,238.111,293.15,238.178,293.15,238.161,293.15,238.173,293.15,238.147,293.15,238.172,293.15,238.12,293.15,238.146,293.15,238.133,293.15,238.102,293.15,238.165,293.15,238.163,293.15,238.175,293.15,238.154,293.15,238.148,293.15,238.109,293.15,238.103,293.15,238.109,293.15,238.109,293.15,238.186,293.15,238.111,293.15,238.189,293.15,238.177,293.15,238.165,293.15,238.111,293.15,238.129,293.15,238.147,293.15,238.123,293.15,238.147,293.15,238.147,293.15,238.132,293.15,238.121,293.15,238.157,293.15,238.193,293.15,238.197,293.15,238.113,293.15,238.154,293.15,238.178,293.15,238.13,293.15,238.182,293.15,238.153,293.15,238.199,293.15,238.15,293.15,238.145,293.15,238.129,293.15,238.197,293.15,238.158,293.15,238.164,293.15,238.166,293.15,238.145,293.15,238.116,293.15,238.152,293.15,238.134,293.15,238.133,293.15,238.142,238.15,0,0,1.08886e-09,1.69611e-08
243,293.15,293.15,293.15,1.08002e-12,293.15,238.174,293.15,238.148,293.15,238.124,293.15,238.177,293.15,238.191,293.15,238.192,293.15,238.197,293.15,238.166,293.15,238.116,293.15,238.122,293.15,238.143,293.15,238.181,293.15,238.147,293.15,238.125,293.15,238.147,293.15,238.139,293.15,238.182,293.15,238.114,293.15,238.123,293.15,238.187,293.15,238.117,293.15,238.136,293.15,238.137,293.15,238.192,293.15,238.136,293.15,238.151,293.15,238.122,293.15,238.144,293.15,238.148,293.15,238.156,293.15,238.184,293.15,238.135,293.15,238.194,293.15,238.123,293.15,238.168,293.15,238.138,293.15,238.111,293.15,238.178,293.15,238.161,293.15,238.173,293.15,238.147,293.15,238.172,293.15,238.12,293.15,238.146,293.15,238.133,293.15,238.102,293.15,238.165,293.15,238.163,293.15,238.175,293.15,238.154,293.15,238.148,293.15,238.109,293.15,238.103,293.15,238.109,293.15,238.109,293.15,238.186,293.15,238.111,293.15,238.189,293.15,238.177,293.15,238.165,293.15,238.111,293.15,238.129,293.15,238.147,293.15,238.123,293.15,238.147,293.15,238.147,293.15,238.132,293.15,238.121,293.15,238.157,293.15,238.193,293.15,238.197,293.15,238.113,293.15,238.154,293.15,238.178,293.15,238.13,293.15,238.182,293.15,238.153,293.15,238.199,293.15,238.15,293.15,238.145,293.15,238.129,293.15,238.197,293.15,238.158,293.15,238.164,293.15,238.166,293.15,238.145,293.15,238.116,293.15,238.152,293.15,238.134,293.15,238.133,293.15,238.142,238.15,0,0,1.09296e-09,1.69462e-08
244,293.15,293.15,293.15,1.25056e-12,293.15,238.174,293.15,238.148,293.15,238.124,293.15,238.177,293.15,238.191,293.15,238.192,293.15,238.197,293.15,238.166,293.15,238.116,293.15,238.122,293.15,238.143,293.15,238.181,293.15,238.147,293.15,238.125,293.15,238.147,293.15,238.139,293.15,238.182,293.15,238.114,293.15,238.123,293.15,238.187,293.15,238.117,293.15,238.136,293.15,238.137,293.15,238.192,293.15,238.136,293.15,238.151,293.15,238.122,293.15,238.144,293.15,238.148,293.15,238.156,293.15,238.184,293.15,238.135,293.15,238.194,293.15,238.123,293.15,238.168,293.15,238.138,293.15,238.111,293.15,238.178,293.15,238.161,293.15,238.173,293.15,238.147,293.15,238.172,293.15,238.12,293.15,238.146,293.15,238.133,293.15,238.102,293.15,238.165,293.15,238.163,293.15,238.175,293.15,238.154,293.15,238.148,293.15,238.109,293.15,238.103,293.15,238.109,293.15,238.109,293.15,238.186,293.15,238.111,293.15,238.189,293.15,238.177,293.15,238.165,293.15,238.111,293.15,238.129,293.15,238.147,293.15,238.123,293.15,238.147,293.15,238.147,293.15,238.132,293.15,238.121,293.15,238.157,293.15,238.193,293.15,238.197,293.15,238.113,293.15,238.154,293.15,238.178,293.15,238.13,293.15,238.182,293.15,238.153,293.15,238.199,293.15,238.15,293.15,238.145,293.15,238.129,293.15,238.197,293.15,238.158,293.15,238.164,293.15,238.166,293.15,238.145,293.15,238.116,293.15,238.152,293.15,238.134,293.15,238.133,293.15,238.142,238.15,0,0,1.09708e-09,1.68788e-08
245,293.15,293.15,293.15,1.3074e-12,293.15,238.174,293.15,238.148,293.15,238.124,293.15,238.177,293.15,238.191,293.15,238.192,293.15,238.197,293.15,238.166,293.15,238.116,293.15,238.122,293.15,238.143,293.15,238.181,293.15,238.147,293.15,238.125,293.15,238.147,293.15,238.139,293.15,238.182,293.15,238.114,293.15,238.123,293.15,238.187,293.15,238.117,293.15,238.136,293.15,238.137,293.15,238.192,293.15,238.136,293.15,238.151,293.15,238.122,293.15,238.144,293.15,238.148,293.15,238.156,293.15,238.184,293.15,238.135,293.15,238.194,293.15,238.123,293.15,238.168,293.15,238.138,293.15,238.111,293.15,238.178,293.15,238.161,293.15,238.173,293.15,238.147,293.15,238.172,293.15,238.12,293.15,238.146,293.15,238.133,293.15,238.102,293.15,238.165,293.15,238.163,293.15,238.175,293.15,238.154,293.15,238.148,293.15,238.109,293.15,238.103,293.15,238.109,293.15,238.109,293.15,238.186,293.15,238.111,293.15,238.189,293.15,238.177,293.15,238.165,293.15,238.111,293.15,238.129,293.15,238.147,293.15,238.123,293.15,238.147,293.15,238.147,293.15,238.132,293.15,238.121,293.15,238.157,293.15,238.193,293.15,238.197,293.15,238.113,293.15,238.154,293.15,238.178,293.15,238.13,293.15,238.182,293.15,238.153,293.15,238.199,293.15,238.15,293.15,238.145,293.15,238.129,293.15,238.197,293.15,238.158,293.15,238.164,293.15,238.166,293.15,238.145,293.15,238.116,293.15,238.152,293.15,238.134,293.15,238.133,293.15,238.142,238.15,0,0,1.10122e-09,1.68779e-08
246,293.15,293.15,293.15,1.13687e-12,293.15,238.174,293.15,238.148,293.15,238.124,293.15,238.177,293.15,238.191,293.15,238.192,293.15,238.197,293.15,238.166,293.15,238.116,293.15,238.122,293.15,238.143,293.15,238.181,293.15,238.147,293.15,238.125,293.15,238.147,293.15,238.139,293.15,238.182,293.15,238.114,293.15,238.123,293.15,238.187,293.15,238.117,293.15,238.136,293.15,238.137,293.15,238.192,293.15,238.136,293.15,238.151,293.15,238.122,293.15,238.144,293.15,238.148,293.15,238.156,293.15,238.184,293.15,238.135,293.15,238.194,293.15,238.123,293.15,238.168,293.15,238.138,293.15,238.111,293.15,238.178,293.15,238.161,293.15,238.173,293.15,238.147,293.15,238.172,293.15,238.12,293.15,238.146,293.15,238.133,293.15,238.102,293.15,238.165,293.15,238.163,293.15,238.175,293.15,238.154,293.15,238.148,293.15,238.109,293.15,238.103,293.15,238.109,293.15,238.109,293.15,238.186,293.15,238.111,293.15,238.189,293.15,238.177,293.15,238.165,293.15,238.111,293.15,238.129,293.15,238.147,293.15,238.123,293.15,238.147,293.15,238.147,293.15,238.132,293.15,238.121,293.15,238.157,293.15,238.193,293.15,238.197,293.15,238.113,293.15,238.154,293.15,238.178,293.15,238.13,293.15,238.182,293.15,238.153,293.15,238.199,293.15,238.15,293.15,238.145,293.15,238.129,293.15,238.197,293.15,238.158,293.15,238.164,293.15,238.166,293.15,238.145,293.15,238.116,293.15,238.152,293.15,238.134,293.15,238.133,293.15,238.142,238.15,0,0,1.10531e-09,1.68477e-08
247,293.15,293.15,293.15,1.25056e-12,293.15,238.174,293.15,238.148,293.15,238.124,293.15,238.177,293.15,238.191,293.15,238.192,293.15,238.197,293.15,238.166,293.15,238.116,293.15,238.122,293.15,238.143,293.15,238.181,293.15,238.147,293.15,238.125,293.15,238.147,293.15,238.139,293.15,238.182,293.15,238.114,293.15,238.123,293.15,238.187,293.15,238.117,293.15,238.136,293.15,238.137,293.15,238.192,293.15,238.136,293.15,238.151,293.15,238.122,293.15,238.144,293.15,238.148,293.15,238.156,293.15,238.184,293.15,238.135,293.15,238.194,293.15,238.123,293.15,238.168,293.15,238.138,293.15,238.111,293.15,238.178,293.15,238.161,293.15,238.173,293.15,238.147,293.15,238.172,293.15,238.12,293.15,238.146,293.15,238.133,293.15,238.102,293.15,238.165,293.15,238.163,293.15,238.175,293.15,238.154,293.15,238.148,293.15,238.109,293.15,238.103,293.15,238.109,293.15,238.109,293.15,238.186,293.15,238.111,293.15,238.189,293.15,238.177,293.15,238.165,293.15,238.111,293.15,238.129,293.15,238.147,293.15,238.123,293.15,238.147,293.15,238.147,293.15,238.132,293.15,238.121,293.15,238.157,293.15,238.193,293.15,238.197,293.15,238.113,293.15,238.154,293.15,238.178,293.15,238.13,293.15,238.182,293.15,238.153,293.15,238.199,293.15,238.15,293.15,238.145,293.15,238.129,293.15,238.197,293.15,238.158,293.15,238.164,293.15,238.166,293.15,238.145,293.15,238.116,293.15,238.152,293.15,238.134,293.15,238.133,293.15,238.142,238.15,0,0,1.10942e-09,1.68573e-08
248,293.15,293.15,293.15,1.08002e-12,293.15,238.174,293.15,238.148,293.15,238.124,293.15,238.177,293.15,238.191,293.15,238.192,293.15,238.197,293.15,238.166,293.15,238.116,293.15,238.122,293.15,238.143,293.15,238.181,293.15,238.147,293.15,238.125,293.15,238.147,293.15,238.139,293.15,238.182,293.15,238.114,293.15,238.123,293.15,238.187,293.15,238.117,293.15,238.136,293.15,238.137,293.15,238.192,293.15,238.136,293.15,238.151,293.15,238.122,293.15,238.144,293.15,238.148,293.15,238.156,293.15,238.184,293.15,238.135,293.15,238.194,293.15,238.123,293.15,238.168,293.15,238.138,293.15,238.111,293.15,238.178,293.15,238.161,293.15,238.173,293.15,238.147,293.15,238.172,293.15,238.12,293.15,238.146,293.15,238.133,293.15,238.102,293.15,238.165,293.15,238.163,293.15,238.175,293.15,238.154,293.15,238.148,293.15,238.109,293.15,238.103,293.15,238.109,293.15,238.109,293.15,238.186,293.15,238.111,293.15,238.189,293.15,238.177,293.15,238.165,293.15,238.111,293.15,238.129,293.15,238.147,293.15,238.123,293.15,238.147,293.15,238.147,293.15,238.132,293.15,238.121,293.15,238.157,293.15,238.193,293.15,238.197,293.15,238.113,293.15,238.154,293.15,238.178,293.15,238.13,293.15,238.182,293.15,238.153,293.15,238.199,293.15,238.15,293.15,238.145,293.15,238.129,293.15,238.197,293.15,238.158,293.15,238.164,293.15,238.166,293.15,238.145,293.15,238.116,293.15,238.152,293.15,238.134,293.15,238.133,293.15,238.142,238.15,0,0,1.11351e-09,1.71262e-08
249,293.15,293.15,293.15,1.02318e-12,293.15,238.174,293.15,238.148,293.15,238.124,293.15,238.177,293.15,238.191,293.15,238.192,293.15,238.197,293.15,238.166,293.15,238.116,293.15,238.122,293.15,238.143,293.15,238.181,293.15,238.147,293.15,238.125,293.15,238.147,293.15,238.139,293.15,238.182,293.15,238.114,293.15,238.123,293.15,238.187,293.15,238.117,293.15,238.136,293.15,238.137,293.15,238.192,293.15,238.136,293.15,238.151,293.15,238.122,293.15,238.144,293.15,238.148,293.15,238.156,293.15,238.184,293.15,238.135,293.15,238.194,293.15,238.123,293.15,238.168,293.15,238.138,293.15,238.111,293.15,238.178,293.15,238.161,293.15,238.173,293.15,238.147,293.15,238.172,293.15,238.12,293.15,238.146,293.15,238.133,293.15,238.102,293.15,238.165,293.15,238.163,293.15,238.175,293.15,238.154,293.15,238.148,293.15,238.109,293.15,238.103,293.15,238.109,293.15,238.109,293.15,238.186,293.15,238.111,293.15,238.189,293.15,238.177,293.15,238.165,293.15,238.111,293.15,238.129,293.15,238.147,293.15,238.123,293.15,238.147,293.15,238.147,293.15,238.132,293.15,238.121,293.15,238.157,293.15,238.193,293.15,238.197,293.15,238.113,293.15,238.154,293.15,238.178,293.15,238.13,293.15,238.182,293.15,238.153,293.15,238.199,293.15,238.15,293.15,238.145,293.15,238.129,293.15,238.197,293.15,238.158,293.15,238.164,293.15,238.166,293.15,238.145,293.15,238.116,293.15,238.152,293.15,238.134,293.15,238.133,293.15,238.142,238.15,0,0,1.1176e-09,1.69636e-08
250,293.15,293.15,293.15,1.13687e-12,293.15,238.174,293.15,238.148,293.15,238.124,293.15,238.177,293.15,238.191,293.15,238.192,293.15,238.197,293.15,238.166,293.15,238.116,293.15,238.122,293.15,238.143,293.15,238.181,293.15,238.147,293.15,238.125,293.15,238.147,293.15,238.139,293.15,238.182,293.15,238.114,293.15,238.123,293.15,238.187,293.15,238.117,293.15,238.136,293.15,238.137,293.15,238.192,293.15,238.136,293.15,238.151,293.15,238.122,293.15,238.144,293.15,238.148,293.15,238.156,293.15,238.184,293.15,238.135,293.15,238.194,293.15,238.123,293.15,238.168,293.15,238.138,293.15,238.111,293.15,238.178,293.15,238.161,293.15,238.173,293.15,238.147,293.15,238.172,293.15,238.12,293.15,238.146,293.15,238.133,293.15,238.102,293.15,238.165,293.15,238.163,293.15,238.175,293.15,238.154,293.15,238.148,293.15,238.109,293.15,238.103,293.15,238.109,293.15,238.109,293.15,238.186,293.15,238.111,293.15,238.189,293.15,238.177,293.15,238.165,293.15,238.111,293.15,238.129,293.15,238.147,293.15,238.123,293.15,238.147,293.15,238.147,293.15,238.132,293.15,238.121,293.15,238.157,293.15,238.193,293.15,238.197,293.15,238.113,293.15,238.154,293.15,238.178,293.15,238.13,293.15,238.182,293.15,238.153,293.15,238.199,293.15,238.15,293.15,238.145,293.15,238.129,293.15,238.197,293.15,238.158,293.15,238.164,293.15,238.166,293.15,238.145,293.15,238.116,293.15,238.152,293.15,238.134,293.15,238.133,293.15,238.142,238.15,0,0,1.12173e-09,1.70262e-08
251,293.15,293.15,293.15,1.25056e-12,293.15,238.174,293.15,238.148,293.15,238.124,293.15,238.177,293.15,238.191,293.15,238.192,293.15,238.197,293.15,238.166,293.15,238.116,293.15,238.122,293.15,238.143,293.15,238.181,293.15,238.147,293.15,238.125,293.15,238.147,293.15,238.139,293.15,238.182,293.15,238.114,293.15,238.123,293.15,238.187,293.15,238.117,293.15,238.136,293.15,238.137,293.15,238.192,293.15,238.136,293.15,238.151,293.15,238.122,293.15,238.144,293.15,238.148,293.15,238.156,293.15,238.184,293.15,238.135,293.15,238.194,293.15,238.123,293.15,238.168,293.15,238.138,293.15,238.111,293.15,238.178,293.15,238.161,293.15,238.173,293.15,238.147,293.15,238.172,293.15,238.12,293.15,238.146,293.15,238.133,293.15,238.102,293.15,238.165,293.15,238.163,293.15,238.175,293.15,238.154,293.15,238.148,293.15,238.109,293.15,238.103,293.15,238.109,293.15,238.109,293.15,238.186,293.15,238.111,293.15,238.189,293.15,238.177,293.15,238.165,293.15,238.111,293.15,238.129,293.15,238.147,293.15,238.123,293.15,238.147,293.15,238.147,293.15,238.132,293.15,238.121,293.15,238.157,293.15,238.193,293.15,238.197,293.15,238.113,293.15,238.154,293.15,238.178,293.15,238.13,293.15,238.182,293.15,238.153,293.15,238.199,293.15,238.15,293.15,238.145,293.15,238.129,293.15,238.197,293.15,238.158,293.15,238.164,293.15,238.166,293.15,238.145,293.15,238.116,293.15,238.152,293.15,238.134,293.15,238.133,293.15,238.142,238.15,0,0,1.12584e-09,1.68381e-08
252,293.15,293.15,293.15,1.08002e-12,293.15,238.174,293.15,238.148,293.15,238.124,293.15,238.177,293.15,238.191,293.15,238.192,293.15,238.197,293.15,238.166,293.15,238.116,293.15,238.122,293.15,238.143,293.15,238.181,293.15,238.147,293.15,238.125,293.15,238.147,293.15,238.139,293.15,238.182,293.15,238.114,293.15,238.123,293.15,238.187,293.15,238.117,293.15,238.136,293.15,238.137,293.15,238.192,293.15,238.136,293.15,238.151,293.15,238.122,293.15,238.144,293.15,238.148,293.15,238.156,293.15,238.184,293.15,238.135,293.15,238.194,293.15,238.123,293.15,238.168,293.15,238.138,293.15,238.111,293.15,238.178,293.15,238.161,293.15,238.173,293.15,238.147,293.15,238.172,293.15,238.12,293.15,238.146,293.15,238.133,293.15,238.102,293.15,238.165,293.15,238.163,293.15,238.175,293.15,238.154,293.15,238.148,293.15,238.109,293.15,238.103,293.15,238.109,293.15,238.109,293.15,238.186,293.15,238.111,293.15,238.189,293.15,238.177,293.15,238.165,293.15,238.111,293.15,238.129,293.15,238.147,293.15,238.123,293.15,238.147,293.15,238.147,293.15,238.132,293.15,238.121,293.15,238.157,293.15,238.193,293.15,238.197,293.15,238.113,293.15,238.154,293.15,238.178,293.15,238.13,293.15,238.182,293.15,238.153,293.15,238.199,293.15,238.15,293.15,238.145,293.15,238.129,293.15,238.197,293.15,238.158,293.15,238.164,293.15,238.166,293.15,238.145,293.15,238.116,293.15,238.152,293.15,238.134,293.15,238.133,293.15,238.142,238.15,0,0,1.12996e-09,1.68793e-08
253,293.15,293.15,293.15,1.13687e-12,293.15,238.174,293.15,238.148,293.15,238.124,293.15,238.177,293.15,238.191,293.15,238.192,293.15,238.197,293.15,238.166,293.15,238.116,293.15,238.122,293.15,238.143,293.15,238.181,293.15,238.147,293.15,238.125,293.15,238.147,293.15,238.139,293.15,238.182,293.15,238.114,293.15,238.123,293.15,238.187,293.15,238.117,293.15,238.136,293.15,238.137,293.15,238.192,293.15,238.136,293.15,238.151,293.15,238.122,293.15,238.144,293.15,238.148,293.15,238.156,293.15,238.184,293.15,238.135,293.15,238.194,293.15,238.123,293.15,238.168,293.15,238.138,293.15,238.111,293.15,238.178,293.15,238.161,293.15,238.173,293.15,238.147,293.15,238.172,293.15,238.12,293.15,238.146,293.15,238.133,293.15,238.102,293.15,238.165,293.15,238.163,293.15,238.175,293.15,238.154,293.15,238.148,293.15,238.109,293.15,238.103,293.15,238.109,293.15,238.109,293.15,238.186,293.15,238.111,293.15,238.189,293.15,238.177,293.15,238.165,293.15,238.111,293.15,238.129,293.15,238.147,293.15,238.123,293.15,238.147,293.15,238.147,293.15,238.132,293.15,238.121,293.15,238.157,293.15,238.193,293.15,238.197,293.15,238.113,293.15,238.154,293.15,238.178,293.15,238.13,293.15,238.182,293.15,238.153,293.15,238.199,293.15,238.15,293.15,238.145,293.15,238.129,293.15,238.197,293.15,238.158,293.15,238.164,293.15,238.166,293.15,238.145,293.15,238.116,293.15,238.152,293.15,238.134,293.15,238.133,293.15,238.142,238.15,0,0,1.13402e-09,1.67987e-08
254,293.15,293.15,293.15,1.08002e-12,293.15,238.174,293.15,238.148,293.15,238.124,293.15,238.177,293.15,238.191,293.15,238.192,293.15,238.197,293.15,238.166,293.15,238.116,293.15,238.122,293.15,238.143,293.15,238.181,293.15,238.147,293.15,238.125,293.15,238.147,293.15,238.139,293.15,238.182,293.15,238.114,293.15,238.123,293.15,238.187,293.15,238.117,293.15,238.136,293.15,238.137,293.15,238.192,293.15,238.136,293.15,238.151,293.15,238.122,293.15,238.144,293.15,238.148,293.15,238.156,293.15,238.184,293.15,238.135,293.15,238.194,293.15,238.123,293.15,238.168,293.15,238.138,293.15,238.111,293.15,238.178,293.15,238.161,293.15,238.173,293.15,238.147,293.15,238.172,293.15,238.12,293.15,238.146,293.15,238.133,293.15,238.102,293.15,238.165,293.15,238.163,293.15,238.175,293.15,238.154,293.15,238.148,293.15,238.109,293.15,238.103,293.15,238.109,293.15,238.109,293.15,238.186,293.15,238.111,293.15,238.189,293.15,238.177,293.15,238.165,293.15,238.111,293.15,238.129,293.15,238.147,293.15,238.123,293.15,238.147,293.15,238.147,293.15,238.132,293.15,238.121,293.15,238.157,293.15,238.193,293.15,238.197,293.15,238.113,293.15,238.154,293.15,238.178,293.15,238.13,293.15,238.182,293.15,238.153,293.15,238.199,293.15,238.15,293.15,238.145,293.15,238.129,293.15,238.197,293.15,238.158,293.15,238.164,293.15,238.166,293.15,238.145,293.15,238.116,293.15,238.152,293.15,238.134,293.15,238.133,293.15,238.142,238.15,0,0,1.13808e-09,1.68564e-08
255,293.15,293.15,293.15,1.02318e-12,293.15,238.174,293.15,238.148,293.15,238.124,293.15,238.177,293.15,238.191,293.15,238.192,293.15,238.197,293.15,238.166,293.15,238.116,293.15,238.122,293.15,238.143,293.15,238.181,293.15,238.147,293.15,238.125,293.15,238.147,293.15,238.139,293.15,238.182,293.15,238.114,293.15,238.123,293.15,238.187,293.15,238.117,293.15,238.136,293.15,238.137,293.15,238.192,293.15,238.136,293.15,238.151,293.15,238.122,293.15,238.144,293.15,238.148,293.15,238.156,293.15,238.184,293.15,238.135,293.15,238.194,293.15,238.123,293.15,238.168,293.15,238.138,293.15,238.111,293.15,238.178,293.15,238.161,293.15,238.173,293.15,238.147,293.15,238.172,293.15,238.12,293.15,238.146,293.15,238.133,293.15,238.102,293.15,238.165,293.15,238.163,293.15,238.175,293.15,238.154,293.15,238.148,293.15,238.109,293.15,238.103,293.15,238.109,293.15,238.109,293.15,238.186,293.15,238.111,293.15,238.189,293.15,238.177,293.15,238.165,293.15,238.111,293.15,238.129,293.15,238.147,293.15,238.123,293.15,238.147,293.15,238.147,293.15,238.132,293.15,238.121,293.15,238.157,293.15,238.193,293.15,238.197,293.15,238.113,293.15,238.154,293.15,238.178,293.15,238.13,293.15,238.182,293.15,238.153,293.15,238.199,293.15,238.15,293.15,238.145,293.15,238.129,293.15,238.197,293.15,238.158,293.15,238.164,293.15,238.166,293.15,238.145,293.15,238.116,293.15,238.152,293.15,238.134,293.15,238.133,293.15,238.142,238.15,0,0,1.14214e-09,1.6847e-08
256,293.15,293.15,293.15,1.13687e-12,293.15,238.174,293.15,238.148,293.15,238.124,293.15,238.177,293.15,238.191,293.15,238.192,293.15,238.197,293.15,238.166,293.15,238.116,293.15,238.122,293.15,238.143,293.15,238.181,293.15,238.147,293.15,238.125,293.15,238.147,293.15,238.139,293.15,238.182,293.15,238.114,293.15,238.123,293.15,238.187,293.15,238.117,293.15,238.136,293.15,238.137,293.15,238.192,293.15,238.136,293.15,238.151,293.15,238.122,293.15,238.144,293.15,238.148,293.15,238.156,293.15,238.184,293.15,238.135,293.15,238.194,293.15,238.123,293.15,238.168,293.15,238.138,293.15,238.111,293.15,238.178,293.15,238.161,293.15,238.173,293.15,238.147,293.15,238.172,293.15,238.12,293.15,238.146,293.15,238.133,293.15,238.102,293.15,238.165,293.15,238.163,293.15,238.175,293.15,238.154,293.15,238.148,293.15,238.109,293.15,238.103,293.15,238.109,293.15,238.109,293.15,238.186,293.15,238.111,293.15,238.189,293.15,238.177,293.15,238.165,293.15,238.111,293.15,238.129,293.15,238.147,293.15,238.123,293.15,238.147,293.15,238.147,293.15,238.132,293.15,238.121,293.15,238.157,293.15,238.193,293.15,238.197,293.15,238.113,293.15,238.154,293.15,238.178,293.15,238.13,293.15,238.182,293.15,238.153,293.15,238.199,293.15,238.15,293.15,238.145,293.15,238.129,293.15,238.197,293.15,238.158,293.15,238.164,293.15,238.166,293.15,238.145,293.15,238.116,293.15,238.152,293.15,238.134,293.15,238.133,293.15,238.142,238.15,0,0,1.14622e-09,1.68458e-08
257,293.15,293.15,293.15,1.3074e-12,293.15,238.174,293.15,238.148,293.15,238.124,293.15,238.177,293.15,238.191,293.15,238.192,293.15,238.197,293.15,238.166,293.15,238.116,293.15,238.122,293.15,238.143,293.15,238.181,293.15,238.147,293.15,238.125,293.15,238.147,293.15,238.139,293.15,238.182,293.15,238.114,293.15,238.123,293.15,238.187,293.15,238.117,293.15,238.136,293.15,238.137,293.15,238.192,293.15,238.136,293.15,238.151,293.15,238.122,293.15,238.144,293.15,238.148,293.15,238.156,293.15,238.184,293.15,238.135,293.15,238.194,293.15,238.123,293.15,238.168,293.15,238.138,293.15,238.111,293.15,238.178,293.15,238.161,293.15,238.173,293.15,238.147,293.15,238.172,293.15,238.12,293.15,238.146,293.15,238.133,293.15,238.102,293.15,238.165,293.15,238.163,293.15,238.175,293.15,238.154,293.15,238.148,293.15,238.109,293.15,238.103,293.15,238.109,293.15,238.109,293.15,238.186,293.15,238.111,293.15,238.189,293.15,238.177,293.15,238.165,293.15,238.111,293.15,238.129,293.15,238.147,293.15,238.123,293.15,238.147,293.15,238.147,293.15,238.132,293.15,238.121,293.15,238.157,293.15,238.193,293.15,238.197,293.15,238.113,293.15,238.154,293.15,238.178,293.15,238.13,293.15,238.182,293.15,238.153,293.15,238.199,293.15,238.15,293.15,238.145,293.15,238.129,293.15,238.197,293.15,238.158,293.15,238.164,293.15,238.166,293.15,238.145,293.15,238.116,293.15,238.152,293.15,238.134,293.15,238.133,293.15,238.142,238.15,0,0,1.15029e-09,1.68885e-08
258,293.15,293.15,293.15,1.02318e-12,293.15,238.174,293.15,238.148,293.15,238.124,293.15,238.177,293.15,238.191,293.15,238.192,293.15,238.197,293.15,238.166,293.15,238.116,293.15,238.122,293.15,238.143,293.15,238.181,293.15,238.147,293.15,238.125,293.15,238.147,293.15,238.139,293.15,238.182,293.15,238.114,293.15,238.123,293.15,238.187,293.15,238.117,293.15,238.136,293.15,238.137,293.15,238.192,293.15,238.136,293.15,238.151,293.15,238.122,293.15,238.144,293.15,238.148,293.15,238.156,293.15,238.184,293.15,238.135,293.15,238.194,293.15,238.123,293.15,238.168,293.15,238.138,293.15,238.111,293.15,238.178,293.15,238.161,293.15,238.173,293.15,238.147,293.15,238.172,293.15,238.12,293.15,238.146,293.15,238.133,293.15,238.102,293.15,238.165,293.15,238.163,293.15,238.175,293.15,238.154,293.15,238.148,293.15,238.109,293.15,238.103,293.15,238.109,293.15,238.109,293.15,238.186,293.15,238.111,293.15,238.189,293.15,238.177,293.15,238.165,293.15,238.111,293.15,238.129,293.15,238.147,293.15,238.123,293.15,238.147,293.15,238.147,293.15,238.132,293.15,238.121,293.15,238.157,293.15,238.193,293.15,238.197,293.15,238.113,293.15,238.154,293.15,238.178,293.15,238.13,293.15,238.182,293.15,238.153,293.15,238.199,293.15,238.15,293.15,238.145,293.15,238.129,293.15,238.197,293.15,238.158,293.15,238.164,293.15,238.166,293.15,238.145,293.15,238.116,293.15,238.152,293.15,238.134,293.15,238.133,293.15,238.142,238.15,0,0,1.15434e-09,1.68604e-08
259,293.15,293.15,293.15,1.08002e-12,293.15,238.174,293.15,238.148,293.15,238.124,293.15,238.177,293.15,238.191,293.15,238.192,293.15,238.197,293.15,238.166,293.15,238.116,293.15,238.122,293.15,238.143,293.15,238.181,293.15,238.147,293.15,238.125,293.15,238.147,293.15,238.139,293.15,238.182,293.15,238.114,293.15,238.123,293.15,238.187,293.15,238.117,293.15,238.136,293.15,238.137,293.15,238.192,293.15,238.136,293.15,238.151,293.15,238.122,293.15,238.144,293.15,238.148,293.15,238.156,293.15,238.184,293.15,238.135,293.15,238.194,293.15,238.123,293.15,238.168,293.15,238.138,293.15,238.111,293.15,238.178,293.15,238.161,293.15,238.173,293.15,238.147,293.15,238.172,293.15,238.12,293.15,238.146,293.15,238.133,293.15,238.102,293.15,238.165,293.15,238.163,293.15,238.175,293.15,238.154,293.15,238.148,293.15,238.109,293.15,238.103,293.15,238.109,293.15,238.109,293.15,238.186,293.15,238.111,293.15,238.189,293.15,238.177,293.15,238.165,293.15,238.111,293.15,238.129,293.15,238.147,293.15,238.123,293.15,238.147,293.15,238.147,293.15,238.132,293.15,238.121,293.15,238.157,293.15,238.193,293.15,238.197,293.15,238.113,293.15,238.154,293.15,238.178,293.15,238.13,293.15,238.182,293.15,238.153,293.15,238.199,293.15,238.15,293.15,238.145,293.15,238.129,293.15,238.197,293.15,238.158,293.15,238.164,293.15,238.166,293.15,238.145,293.15,238.116,293.15,238.152,293.15,238.134,293.15,238.133,293.15,238.142,238.15,0,0,1.15838e-09,1.67998e-08
260,293.15,293.15,293.15,1.13687e-12,293.15,238.174,293.15,238.148,293.15,238.124,293.15,238.177,293.15,238.191,293.15,238.192,293.15,238.197,293.15,238.166,293.15,238.116,293.15,238.122,293.15,238.143,293.15,238.181,293.15,238.147,293.15,238.125,293.15,238.147,293.15,238.139,293.15,238.182,293.15,238.114,293.15,238.123,293.15,238.187,293.15,238.117,293.15,238.136,293.15,238.137,293.15,238.192,293.15,238.136,293.15,238.151,293.15,238.122,293.15,238.144,293.15,238.148,293.15,238.156,293.15,238.184,293.15,238.135,293.15,238.194,293.15,238.123,293.15,238.168,293.15,238.138,293.15,238.111,293.15,238.178,293.15,238.161,293.15,238.173,293.15,238.147,293.15,238.172,293.15,238.12,293.15,238.146,293.15,238.133,293.15,238.102,293.15,238.165,293.15,238.163,293.15,238.175,293.15,238.154,293.15,238.148,293.15,238.109,293.15,238.103,293.15,238.109,293.15,238.109,293.15,238.186,293.15,238.111,293.15,238.189,293.15,238.177,293.15,238.165,293.15,238.111,293.15,238.129,293.15,238.147,293.15,238.123,293.15,238.147,293.15,238.147,293.15,238.132,293.15,238.121,293.15,238.157,293.15,238.193,293.15,238.197,293.15,238.113,293.15,238.154,293.15,238.178,293.15,238.13,293.15,238.182,293.15,238.153,293.15,238.199,293.15,238.15,293.15,238.145,293.15,238.129,293.15,238.197,293.15,238.158,293.15,238.164,293.15,238.166,293.15,238.145,293.15,238.116,293.15,238.152,293.15,238.134,293.15,238.133,293.15,238.142,238.15,0,0,1.16241e-09,1.69179e-08
261,293.15,293.15,293.15,1.02318e-12,293.15,238.174,293.15,238.148,293.15,238.124,293.15,238.177,293.15,238.191,293.15,238.192,293.15,238.197,293.15,238.166,293.15,238.116,293.15,238.122,293.15,238.143,293.15,238.181,293.15,238.147,293.15,238.125,293.15,238.147,293.15,238.139,293.15,238.182,293.15,238.114,293.15,238.123,293.15,238.187,293.15,238.117,293.15,238.136,293.15,238.137,293.15,238.192,293.15,238.136,293.15,238.151,293.15,238.122,293.15,238.144,293.15,238.148,293.15,238.156,293.15,238.184,293.15,238.135,293.15,238.194,293.15,238.123,293.15,238.168,293.15,238.138,293.15,238.111,293.15,238.178,293.15,238.161,293.15,238.173,293.15,238.147,293.15,238.172,293.15,238.12,293.15,238.146,293.15,238.133,293.15,238.102,293.15,238.165,293.15,238.163,293.15,238.175,293.15,238.154,293.15,238.148,293.15,238.109,293.15,238.103,293.15,238.109,293.15,238.109,293.15,238.186,293.15,238.111,293.15,238.189,293.15,238.177,293.15,238.165,293.15,238.111,293.15,238.129,293.15,238.147,293.15,238.123,293.15,238.147,293.15,238.147,293.15,238.132,293.15,238.121,293.15,238.157,293.15,238.193,293.15,238.197,293.15,238.113,293.15,238.154,293.15,238.178,293.15,238.13,293.15,238.182,293.15,238.153,293.15,238.199,293.15,238.15,293.15,238.145,293.15,238.129,293.15,238.197,293.15,238.158,293.15,238.164,293.15,238.166,293.15,238.145,293.15,238.116,293.15,238.152,293.15,238.134,293.15,238.133,293.15,238.142,238.15,0,0,1.16643e-09,1.68959e-08
262,293.15,293.15,293.15,1.02318e-12,293.15,238.174,293.15,238.148,293.15,238.124,293.15,238.177,293.15,238.191,293.15,238.192,293.15,238.197,293.15,238.166,293.15,238.116,293.15,238.122,293.15,238.143,293.15,238.181,293.15,238.147,293.15,238.125,293.15,238.147,293.15,238.139,293.15,238.182,293.15,238.114,293.15,238.123,293.15,238.187,293.15,238.117,293.15,238.136,293.15,238.137,293.15,238.192,293.15,238.136,293.15,238.151,293.15,238.122,293.15,238.144,293.15,238.148,293.15,238.156,293.15,238.184,293.15,238.135,293.15,238.194,293.15,238.123,293.15,238.168,293.15,238.138,293.15,238.111,293.15,238.178,293.15,238.161,293.15,238.173,293.15,238.147,293.15,238.172,293.15,238.12,293.15,238.146,293.15,238.133,293.15,238.102,293.15,238.165,293.15,238.163,293.15,238.175,293.15,238.154,293.15,238.148,293.15,238.109,293.15,238.103,293.15,238.109,293.15,238.109,293.15,238.186,293.15,238.111,293.15,238.189,293.15,238.177,293.15,238.165,293.15,238.111,293.15,238.129,293.15,238.147,293.15,238.123,293.15,238.147,293.15,238.147,293.15,238.132,293.15,238.121,293.15,238.157,293.15,238.193,293.15,238.197,293.15,238.113,293.15,238.154,293.15,238.178,293.15,238.13,293.15,238.182,293.15,238.153,293.15,238.199,293.15,238.15,293.15,238.145,293.15,238.129,293.15,238.197,293.15,238.158,293.15,238.164,293.15,238.166,293.15,238.145,293.15,238.116,293.15,238.152,293.15,238.134,293.15,238.133,293.15,238.142,238.15,0,0,1.17049e-09,1.68916e-08
263,293.15,293.15,293.15,1.25056e-12,293.15,238.174,293.15,238.148,293.15,238.124,293.15,238.177,293.15,238.191,293.15,238.192,293.15,238.197,293.15,238.166,293.15,238.116,293.15,238.122,293.15,238.143,293.15,238.181,293.15,238.147,293.15,238.125,293.15,238.147,293.15,238.139,293.15,238.182,293.15,238.114,293.15,238.123,293.15,238.187,293.15,238.117,293.15,238.136,293.15,238.137,293.15,238.192,293.15,238.136,293.15,238.151,293.15,238.122,293.15,238.144,293.15,238.148,293.15,238.156,293.15,238.184,293.15,238.135,293.15,238.194,293.15,238.123,293.15,238.168,293.15,238.138,293.15,238.111,293.15,238.178,293.15,238.161,293.15,238.173,293.15,238.147,293.15,238.172,293.15,238.12,293.15,238.146,293.15,238.133,293.15,238.102,293.15,238.165,293.15,238.163,293.15,238.175,293.15,238.154,293.15,238.148,293.15,238.109,293.15,238.103,293.15,238.109,293.15,238.109,293.15,238.186,293.15,238.111,293.15,238.189,293.15,238.177,293.15,238.165,293.15,238.111,293.15,238.129,293.15,238.147,293.15,238.123,293.15,238.147,293.15,238.147,293.15,238.132,293.15,238.121,293.15,238.157,293.15,238.193,293.15,238.197,293.15,238.113,293.15,238.154,293.15,238.178,293.15,238.13,293.15,238.182,293.15,238.153,293.15,238.199,293.15,238.15,293.15,238.145,293.15,238.129,293.15,238.197,293.15,238.158,293.15,238.164,293.15,238.166,293.15,238.145,293.15,238.116,293.15,238.152,293.15,238.134,293.15,238.133,293.15,238.142,238.15,0,0,1.17452e-09,1.68237e-08
264,293.15,293.15,293.15,1.02318e-12,293.15,238.174,293.15,238.148,293.15,238.124,293.15,238.177,293.15,238.191,293.15,238.192,293.15,238.197,293.15,238.166,293.15,238.116,293.15,238.122,293.15,238.143,293.15,238.181,293.15,238.147,293.15,238.125,293.15,238.147,293.15,238.139,293.15,238.182,293.15,238.114,293.15,238.123,293.15,238.187,293.15,238.117,293.15,238.136,293.15,238.137,293.15,238.192,293.15,238.136,293.15,238.151,293.15,238.122,293.15,238.144,293.15,238.148,293.15,238.156,293.15,238.184,293.15,238.135,293.15,238.194,293.15,238.123,293.15,238.168,293.15,238.138,293.15,238.111,293.15,238.178,293.15,238.161,293.15,238.173,293.15,238.147,293.15,238.172,293.15,238.12,293.15,238.146,293.15,238.133,293.15,238.102,293.15,238.165,293.15,238.163,293.15,238.175,293.15,238.154,293.15,238.148,293.15,238.109,293.15,238.103,293.15,238.109,293.15,238.109,293.15,238.186,293.15,238.111,293.15,238.189,293.15,238.177,293.15,238.165,293.15,238.111,293.15,238.129,293.15,238.147,293.15,238.123,293.15,238.147,293.15,238.147,293.15,238.132,293.15,238.121,293.15,238.157,293.15,238.193,293.15,238.197,293.15,238.113,293.15,238.154,293.15,238.178,293.15,238.13,293.15,238.182,293.15,238.153,293.15,238.199,293.15,238.15,293.15,238.145,293.15,238.129,293.15,238.197,293.15,238.158,293.15,238.164,293.15,238.166,293.15,238.145,293.15,238.116,293.15,238.152,293.15,238.134,293.15,238.133,293.15,238.142,238.15,0,0,1.17855e-09,1.67908e-08
265,293.15,293.15,293.15,1.13687e-12,293.15,238.174,293.15,238.148,293.15,238.124,293.15,238.177,293.15,238.191,293.15,238.192,293.15,238.197,293.15,238.166,293.15,238.116,293.15,238.122,293.15,238.143,293.15,238.181,293.15,238.147,293.15,238.125,293.15,238.147,293.15,238.139,293.15,238.182,293.15,238.114,293.15,238.123,293.15,238.187,293.15,238.117,293.15,238.136,293.15,238.137,293.15,238.192,293.15,238.136,293.15,238.151,293.15,238.122,293.15,238.144,293.15,238.148,293.15,238.156,293.15,238.184,293.15,238.135,293.15,238.194,293.15,238.123,293.15,238.168,293.15,238.138,293.15,238.111,293.15,238.178,293.15,238.161,293.15,238.173,293.15,238.147,293.15,238.172,293.15,238.12,293.15,238.146,293.15,238.133,293.15,238.102,293.15,238.165,293.15,238.163,293.15,238.175,293.15,238.154,293.15,238.148,293.15,238.109,293.15,238.103,293.15,238.109,293.15,238.109,293.15,238.186,293.15,238.111,293.15,238.189,293.15,238.177,293.15,238.165,293.15,238.111,293.15,238.129,293.15,238.147,293.15,238.123,293.15,238.147,293.15,238.147,293.15,238.132,293.15,238.121,293.15,238.157,293.15,238.193,293.15,238.197,293.15,238.113,293.15,238.154,293.15,238.178,293.15,238.13,293.15,238.182,293.15,238.153,293.15,238.199,293.15,238.15,293.15,238.145,293.15,238.129,293.15,238.197,293.15,238.158,293.15,238.164,293.15,238.166,293.15,238.145,293.15,238.116,293.15,238.152,293.15,238.134,293.15,238.133,293.15,238.142,238.15,0,0,1.18259e-09,1.67282e-08
266,293.15,293.15,293.15,1.36424e-12,293.15,238.174,293.15,238.148,293.15,238.124,293.15,238.177,293.15,238.191,293.15,238.192,293.15,238.197,293.15,238.166,293.15,238.116,293.15,238.122,293.15,238.143,293.15,238.181,293.15,238.147,293.15,238.125,293.15,238.147,293.15,238.139,293.15,238.182,293.15,238.114,293.15,238.123,293.15,238.187,293.15,238.117,293.15,238.136,293.15,238.137,293.15,238.192,293.15,238.136,293.15,238.151,293.15,238.122,293.15,238.144,293.15,238.148,293.15,238.156,293.15,238.184,293.15,238.135,293.15,238.194,293.15,238.123,293.15,238.168,293.15,238.138,293.15,238.111,293.15,238.178,293.15,238.161,293.15,238.173,293.15,238.147,293.15,238.172,293.15,238.12,293.15,238.146,293.15,238.133,293.15,238.102,293.15,238.165,293.15,238.163,293.15,238.175,293.15,238.154,293.15,238.148,293.15,238.109,293.15,238.103,293.15,238.109,293.15,238.109,293.15,238.186,293.15,238.111,293.15,238.189,293.15,238.177,293.15,238.165,293.15,238.111,293.15,238.129,293.15,238.147,293.15,238.123,293.15,238.147,293.15,238.147,293.15,238.132,293.15,238.121,293.15,238.157,293.15,238.193,293.15,238.197,293.15,238.113,293.15,238.154,293.15,238.178,293.15,238.13,293.15,238.182,293.15,238.153,293.15,238.199,293.15,238.15,293.15,238.145,293.15,238.129,293.15,238.197,293.15,238.158,293.15,238.164,293.15,238.166,293.15,238.145,293.15,238.116,293.15,238.152,293.15,238.134,293.15,238.133,293.15,238.142,238.15,0,0,1.18665e-09,1.67271e-08
267,293.15,293.15,293.15,1.36424e-12,293.15,238.174,293.15,238.148,293.15,238.124,293.15,238.177,293.15,238.191,293.15,238.192,293.15,238.197,293.15,238.166,293.15,238.116,293.15,238.122,293.15,238.143,293.15,238.181,293.15,238.147,293.15,238.125,293.15,238.147,293.15,238.139,293.15,238.182,293.15,238.114,293.15,238.123,293.15,238.187,293.15,238.117,293.15,238.136,293.15,238.137,293.15,238.192,293.15,238.136,293.15,238.151,293.15,238.122,293.15,238.144,293.15,238.148,293.15,238.156,293.15,238.184,293.15,238.135,293.15,238.194,293.15,238.123,293.15,238.168,293.15,238.138,293.15,238.111,293.15,238.178,293.15,238.161,293.15,238.173,293.15,238.147,293.15,238.172,293.15,238.12,293.15,238.146,293.15,238.133,293.15,238.102,293.15,238.165,293.15,238.163,293.15,238.175,293.15,238.154,293.15,238.148,293.15,238.109,293.15,238.103,293.15,238.109,293.15,238.109,293.15,238.186,293.15,238.111,293.15,238.189,293.15,238.177,293.15,238.165,293.15,238.111,293.15,238.129,293.15,238.147,293.15,238.123,293.15,238.147,293.15,238.147,293.15,238.132,293.15,238.121,293.15,238.157,293.15,238.193,293.15,238.197,293.15,238.113,293.15,238.154,293.15,238.178,293.15,238.13,293.15,238.182,293.15,238.153,293.15,238.199,293.15,238.15,293.15,238.145,293.15,238.129,293.15,238.197,293.15,238.158,293.15,238.164,293.15,238.166,293.15,238.145,293.15,238.116,293.15,238.152,293.15,238.134,293.15,238.133,293.15,238.142,238.15,0,0,1.19065e-09,1.67886e-08
268,293.15,293.15,293.15,9.66338e-13,293.15,238.174,293.15,238.148,293.15,238.124,293.15,238.177,293.15,238.191,293.15,238.192,293.15,238.197,293.15,238.166,293.15,238.116,293.15,238.122,293.15,238.143,293.15,238.181,293.15,238.147,293.15,238.125,293.15,238.147,293.15,238.139,293.15,238.182,293.15,238.114,293.15,238.123,293.15,238.187,293.15,238.117,293.15,238.136,293.15,238.137,293.15,238.192,293.15,238.136,293.15,238.151,293.15,238.122,293.15,238.144,293.15,238.148,293.15,238.156,293.15,238.184,293.15,238.135,293.15,238.194,293.15,238.123,293.15,238.168,293.15,238.138,293.15,238.111,293.15,238.178,293.15,238.161,293.15,238.173,293.15,238.147,293.15,238.172,293.15,238.12,293.15,238.146,293.15,238.133,293.15,238.102,293.15,238.165,293.15,238.163,293.15,238.175,293.15,238.154,293.15,238.148,293.15,238.109,293.15,238.103,293.15,238.109,293.15,238.109,293.15,238.186,293.15,238.111,293.15,238.189,293.15,238.177,293.15,238.165,293.15,238.111,293.15,238.129,293.15,238.147,293.15,238.123,293.15,238.147,293.15,238.147,293.15,238.132,293.15,238.121,293.15,238.157,293.15,238.193,293.15,238.197,293.15,238.113,293.15,238.154,293.15,238.178,293.15,238.13,293.15,238.182,293.15,238.153,293.15,238.199,293.15,238.15,293.15,238.145,293.15,238.129,293.15,238.197,293.15,238.158,293.15,238.164,293.15,238.166,293.15,238.145,293.15,238.116,293.15,238.152,293.15,238.134,293.15,238.133,293.15,238.142,238.15,0,0,1.19467e-09,1.67422e-08
269,293.15,293.15,293.15,1.13687e-12,293.15,238.174,293.15,238.148,293.15,238.124,293.15,238.177,293.15,238.191,293.15,238.192,293.15,238.197,293.15,238.166,293.15,238.116,293.15,238.122,293.15,238.143,293.15,238.181,293.15,238.147,293.15,238.125,293.15,238.147,293.15,238.139,293.15,238.182,293.15,238.114,293.15,238.123,293.15,238.187,293.15,238.117,293.15,238.136,293.15,238.137,293.15,238.192,293.15,238.136,293.15,238.151,293.15,238.122,293.15,238.144,293.15,238.148,293.15,238.156,293.15,238.184,293.15,238.135,293.15,238.194,293.15,238.123,293.15,238.168,293.15,238.138,293.15,238.111,293.15,238.178,293.15,238.161,293.15,238.173,293.15,238.147,293.15,238.172,293.15,238.12,293.15,238.146,293.15,238.133,293.15,238.102,293.15,238.165,293.15,238.163,293.15,238.175,293.15,238.154,293.15,238.148,293.15,238.109,293.15,238.103,293.15,238.109,293.15,238.109,293.15,238.186,293.15,238.111,293.15,238.189,293.15,238.177,293.15,238.165,293.15,238.111,293.15,238.129,293.15,238.147,293.15,238.123,293.15,238.147,293.15,238.147,293.15,238.132,293.15,238.121,293.15,238.157,293.15,238.193,293.15,238.197,293.15,238.113,293.15,238.154,293.15,238.178,293.15,238.13,293.15,238.182,293.15,238.153,293.15,238.199,293.15,238.15,293.15,238.145,293.15,238.129,293.15,238.197,293.15,238.158,293.15,238.164,293.15,238.166,293.15,238.145,293.15,238.116,293.15,238.152,293.15,238.134,293.15,238.133,293.15,238.142,238.15,0,0,1.19867e-09,1.68996e-08
270,293.15,293.15,293.15,1.02318e-12,293.15,238.174,293.15,238.148,293.15,238.124,293.15,238.177,293.15,238.191,293.15,238.192,293.15,238.197,293.15,238.166,293.15,238.116,293.15,238.122,293.15,238.143,293.15,238.181,293.15,238.147,293.15,238.125,293.15,238.147,293.15,238.139,293.15,238.182,293.15,238.114,293.15,238.123,293.15,238.187,293.15,238.117,293.15,238.136,293.15,238.137,293.15,238.192,293.15,238.136,293.15,238.151,293.15,238.122,293.15,238.144,293.15,238.148,293.15,238.156,293.15,238.184,293.15,238.135,293.15,238.194,293.15,238.123,293.15,238.168,293.15,238.138,293.15,238.111,293.15,238.178,293.15,238.161,293.15,238.173,293.15,238.147,293.15,238.172,293.15,238.12,293.15,238.146,293.15,238.133,293.15,238.102,293.15,238.165,293.15,238.163,293.15,238.175,293.15,238.154,293.15,238.148,293.15,238.109,293.15,238.103,293.15,238.109,293.15,238.109,293.15,238.186,293.15,238.111,293.15,238.189,293.15,238.177,293.15,238.165,293.15,238.111,293.15,238.129,293.15,238.147,293.15,238.123,293.15,238.147,293.15,238.147,293.15,238.132,293.15,238.121,293.15,238.157,293.15,238.193,293.15,238.197,293.15,238.113,293.15,238.154,293.15,238.178,293.15,238.13,293.15,238.182,293.15,238.153,293.15,238.199,293.15,238.15,293.15,238.145,293.15,238.129,293.15,238.197,293.15,238.158,293.15,238.164,293.15,238.166,293.15,238.145,293.15,238.116,293.15,238.152,293.15,238.134,293.15,238.133,293.15,238.142,238.15,0,0,1.20269e-09,1.69138e-08
271,293.15,293.15,293.15,1.13687e-12,293.15,238.174,293.15,238.148,293.15,238.124,293.15,238.177,293.15,238.191,293.15,238.192,293.15,238.197,293.15,238.166,293.15,238.116,293.15,238.122,293.15,238.143,293.15,238.181,293.15,238.147,293.15,238.125,293.15,238.147,293.15,238.139,293.15,238.182,293.15,238.114,293.15,238.123,293.15,238.187,293.15,238.117,293.15,238.136,293.15,238.137,293.15,238.192,293.15,238.136,293.15,238.151,293.15,238.122,293.15,238.144,293.15,238.148,293.15,238.156,293.15,238.184,293.15,238.135,293.15,238.194,293.15,238.123,293.15,238.168,293.15,238.138,293.15,238.111,293.15,238.178,293.15,238.161,293.15,238.173,293.15,238.147,293.15,238.172,293.15,238.12,293.15,238.146,293.15,238.133,293.15,238.102,293.15,238.165,293.15,238.163,293.15,238.175,293.15,238.154,293.15,238.148,293.15,238.109,293.15,238.103,293.15,238.109,293.15,238.109,293.15,238.186,293.15,238.111,293.15,238.189,293.15,238.177,293.15,238.165,293.15,238.111,293.15,238.129,293.15,238.147,293.15,238.123,293.15,238.147,293.15,238.147,293.15,238.132,293.15,238.121,293.15,238.157,293.15,238.193,293.15,238.197,293.15,238.113,293.15,238.154,293.15,238.178,293.15,238.13,293.15,238.182,293.15,238.153,293.15,238.199,293.15,238.15,293.15,238.145,293.15,238.129,293.15,238.197,293.15,238.158,293.15,238.164,293.15,238.166,293.15,238.145,293.15,238.116,293.15,238.152,293.15,238.134,293.15,238.133,293.15,238.142,238.15,0,0,1.20672e-09,1.67622e-08
272,293.15,293.15,293.15,1.02318e-12,293.15,238.174,293.15,238.148,293.15,238.124,293.15,238.177,293.15,238.191,293.15,238.192,293.15,238.197,293.15,238.166,293.15,238.116,293.15,238.122,293.15,238.143,293.15,238.181,293.15,238.147,293.15,238.125,293.15,238.147,293.15,238.139,293.15,238.182,293.15,238.114,293.15,238.123,293.15,238.187,293.15,238.117,293.15,238.136,293.15,238.137,293.15,238.192,293.15,238.136,293.15,238.151,293.15,238.122,293.15,238.144,293.15,238.148,293.15,238.156,293.15,238.184,293.15,238.135,293.15,238.194,293.15,238.123,293.15,238.168,293.15,238.138,293.15,238.111,293.15,238.178,293.15,238.161,293.15,238.173,293.15,238.147,293.15,238.172,293.15,238.12,293.15,238.146,293.15,238.133,293.15,238.102,293.15,238.165,293.15,238.163,293.15,238.175,293.15,238.154,293.15,238.148,293.15,238.109,293.15,238.103,293.15,238.109,293.15,238.109,293.15,238.186,293.15,238.111,293.15,238.189,293.15,238.177,293.15,238.165,293.15,238.111,293.15,238.129,293.15,238.147,293.15,238.123,293.15,238.147,293.15,238.147,293.15,238.132,293.15,238.121,293.15,238.157,293.15,238.193,293.15,238.197,293.15,238.113,293.15,238.154,293.15,238.178,293.15,238.13,293.15,238.182,293.15,238.153,293.15,238.199,293.15,238.15,293.15,238.145,293.15,238.129,293.15,238.197,293.15,238.158,293.15,238.164,293.15,238.166,293.15,238.145,293.15,238.116,293.15,238.152,293.15,238.134,293.15,238.133,293.15,238.142,238.15,0,0,1.21073e-09,1.6688e-08
273,293.15,293.15,293.15,1.02318e-12,293.15,238.174,293.15,238.148,293.15,238.124,293.15,238.177,293.15,238.191,293.15,238.192,293.15,238.197,293.15,238.166,293.15,238.116,293.15,238.122,293.15,238.143,293.15,238.181,293.15,238.147,293.15,238.125,293.15,238.147,293.15,238.139,293.15,238.182,293.15,238.114,293.15,238.123,293.15,238.187,293.15,238.117,293.15,238.136,293.15,238.137,293.15,238.192,293.15,238.136,293.15,238.151,293.15,238.122,293.15,238.144,293.15,238.148,293.15,238.156,293.15,238.184,293.15,238.135,293.15,238.194,293.15,238.123,293.15,238.168,293.15,238.138,293.15,238.111,293.15,238.178,293.15,238.161,293.15,238.173,293.15,238.147,293.15,238.172,293.15,238.12,293.15,238.146,293.15,238.133,293.15,238.102,293.15,238.165,293.15,238.163,293.15,238.175,293.15,238.154,293.15,238.148,293.15,238.109,293.15,238.103,293.15,238.109,293.15,238.109,293.15,238.186,293.15,238.111,293.15,238.189,293.15,238.177,293.15,238.165,293.15,238.111,293.15,238.129,293.15,238.147,293.15,238.123,293.15,238.147,293.15,238.147,293.15,238.132,293.15,238.121,293.15,238.157,293.15,238.193,293.15,238.197,293.15,238.113,293.15,238.154,293.15,238.178,293.15,238.13,293.15,238.182,293.15,238.153,293.15,238.199,293.15,238.15,293.15,238.145,293.15,238.129,293.15,238.197,293.15,238.158,293.15,238.164,293.15,238.166,293.15,238.145,293.15,238.116,293.15,238.152,293.15,238.134,293.15,238.133,293.15,238.142,238.15,0,0,1.21474e-09,1.67597e-08
274,293.15,293.15,293.15,1.08002e-12,293.15,238.174,293.15,238.148,293.15,238.124,293.15,238.177,293.15,238.191,293.15,238.192,293.15,238.197,293.15,238.166,293.15,238.116,293.15,238.122,293.15,238.143,293.15,238.181,293.15,238.147,293.15,238.125,293.15,238.147,293.15,238.139,293.15,238.182,293.15,238.114,293.15,238.123,293.15,238.187,293.15,238.117,293.15,238.136,293.15,238.137,293.15,238.192,293.15,238.136,293.15,238.151,293.15,238.122,293.15,238.144,293.15,238.148,293.15,238.156,293.15,238.184,293.15,238.135,293.15,238.194,293.15,238.123,293.15,238.168,293.15,238.138,293.15,238.111,293.15,238.178,293.15,238.161,293.15,238.173,293.15,238.147,293.15,238.172,293.15,238.12,293.15,238.146,293.15,238.133,293.15,238.102,293.15,238.165,293.15,238.163,293.15,238.175,293.15,238.154,293.15,238.148,293.15,238.109,293.15,238.103,293.15,238.109,293.15,238.109,293.15,238.186,293.15,238.111,293.15,238.189,293.15,238.177,293.15,238.165,293.15,238.111,293.15,238.129,293.15,238.147,293.15,238.123,293.15,238.147,293.15,238.147,293.15,238.132,293.15,238.121,293.15,238.157,293.15,238.193,293.15,238.197,293.15,238.113,293.15,238.154,293.15,238.178,293.15,238.13,293.15,238.182,293.15,238.153,293.15,238.199,293.15,238.15,293.15,238.145,293.15,238.129,293.15,238.197,293.15,238.158,293.15,238.164,293.15,238.166,293.15,238.145,293.15,238.116,293.15,238.152,293.15,238.134,293.15,238.133,293.15,238.142,238.15,0,0,1.21873e-09,1.67762e-08
275,293.15,293.15,293.15,1.25056e-12,293.15,238.174,293.15,238.148,293.15,238.124,293.15,238.177,293.15,238.191,293.15,238.192,293.15,238.197,293.15,238.166,293.15,238.116,293.15,238.122,293.15,238.143,293.15,238.181,293.15,238.147,293.15,238.125,293.15,238.147,293.15,238.139,293.15,238.182,293.15,238.114,293.15,238.123,293.15,238.187,293.15,238.117,293.15,238.136,293.15,238.137,293.15,238.192,293.15,238.136,293.15,238.151,293.15,238.122,293.15,238.144,293.15,238.148,293.15,238.156,293.15,238.184,293.15,238.135,293.15,238.194,293.15,238.123,293.15,238.168,293.15,238.138,293.15,238.111,293.15,238.178,293.15,238.161,293.15,238.173,293.15,238.147,293.15,238.172,293.15,238.12,293.15,238.146,293.15,238.133,293.15,238.102,293.15,238.165,293.15,238.163,293.15,238.175,293.15,238.154,293.15,238.148,293.15,238.109,293.15,238.103,293.15,238.109,293.15,238.109,293.15,238.186,293.15,238.111,293.15,238.189,293.15,238.177,293.15,238.165,293.15,238.111,293.15,238.129,293.15,238.147,293.15,238.123,293.15,238.147,293.15,238.147,293.15,238.132,293.15,238.121,293.15,238.157,293.15,238.193,293.15,238.197,293.15,238.113,293.15,238.154,293.15,238.178,293.15,238.13,293.15,238.182,293.15,238.153,293.15,238.199,293.15,238.15,293.15,238.145,293.15,238.129,293.15,238.197,293.15,238.158,293.15,238.164,293.15,238.166,293.15,238.145,293.15,238.116,293.15,238.152,293.15,238.134,293.15,238.133,293.15,238.142,238.15,0,0,1.22276e-09,1.66706e-08
276,293.15,293.15,293.15,1.08002e-12,293.15,238.174,293.15,238.148,293.15,238.124,293.15,238.177,293.15,238.191,293.15,238.192,293.15,238.197,293.15,238.166,293.15,238.116,293.15,238.122,293.15,238.143,293.15,238.181,293.15,238.147,293.15,238.125,293.15,238.147,293.15,238.139,293.15,238.182,293.15,238.114,293.15,238.123,293.15,238.187,293.15,238.117,293.15,238.136,293.15,238.137,293.15,238.192,293.15,238.136,293.15,238.151,293.15,238.122,293.15,238.144,293.15,238.148,293.15,238.156,293.15,238.184,293.15,238.135,293.15,238.194,293.15,238.123,293.15,238.168,293.15,238.138,293.15,238.111,293.15,238.178,293.15,238.161,293.15,238.173,293.15,238.147,293.15,238.172,293.15,238.12,293.15,238.146,293.15,238.133,293.15,238.102,293.15,238.165,293.15,238.163,293.15,238.175,293.15,238.154,293.15,238.148,293.15,238.109,293.15,238.103,293.15,238.109,293.15,238.109,293.15,238.186,293.15,238.111,293.15,238.189,293.15,238.177,293.15,238.165,293.15,238.111,293.15,238.129,293.15,238.147,293.15,238.123,293.15,238.147,293.15,238.147,293.15,238.132,293.15,238.121,293.15,238.157,293.15,238.193,293.15,238.197,293.15,238.113,293.15,238.154,293.15,238.178,293.15,238.13,293.15,238.182,293.15,238.153,293.15,238.199,293.15,238.15,293.15,238.145,293.15,238.129,293.15,238.197,293.15,238.158,293.15,238.164,293.15,238.166,293.15,238.145,293.15,238.116,293.15,238.152,293.15,238.134,293.15,238.133,293.15,238.142,238.15,0,0,1.22678e-09,1.66757e-08
277,293.15,293.15,293.15,1.19371e-12,293.15,238.174,293.15,238.148,293.15,238.124,293.15,238.177,293.15,238.191,293.15,238.192,293.15,238.197,293.15,238.166,293.15,238.116,293.15,238.122,293.15,238.143,293.15,238.181,293.15,238.147,293.15,238.125,293.15,238.147,293.15,238.139,293.15,238.182,293.15,238.114,293.15,238.123,293.15,238.187,293.15,238.117,293.15,238.136,293.15,238.137,293.15,238.192,293.15,238.136,293.15,238.151,293.15,238.122,293.15,238.144,293.15,238.148,293.15,238.156,293.15,238.184,293.15,238.135,293.15,238.194,293.15,238.123,293.15,238.168,293.15,238.138,293.15,238.111,293.15,238.178,293.15,238.161,293.15,238.173,293.15,238.147,293.15,238.172,293.15,238.12,293.15,238.146,293.15,238.133,293.15,238.102,293.15,238.165,293.15,238.163,293.15,238.175,293.15,238.154,293.15,238.148,293.15,238.109,293.15,238.103,293.15,238.109,293.15,238.109,293.15,238.186,293.15,238.111,293.15,238.189,293.15,238.177,293.15,238.165,293.15,238.111,293.15,238.129,293.15,238.147,293.15,238.123,293.15,238.147,293.15,238.147,293.15,238.132,293.15,238.121,293.15,238.157,293.15,238.193,293.15,238.197,293.15,238.113,293.15,238.154,293.15,238.178,293.15,238.13,293.15,238.182,293.15,238.153,293.15,238.199,293.15,238.15,293.15,238.145,293.15,238.129,293.15,238.197,293.15,238.158,293.15,238.164,293.15,238.166,293.15,238.145,293.15,238.116,293.15,238.152,293.15,238.134,293.15,238.133,293.15,238.142,238.15,0,0,1.23078e-09,1.66478e-08
278,293.15,293.15,293.15,1.13687e-12,293.15,238.174,293.15,238.148,293.15,238.124,293.15,238.177,293.15,238.191,293.15,238.192,293.15,238.197,293.15,238.166,293.15,238.116,293.15,238.122,293.15,238.143,293.15,238.181,293.15,238.147,293.15,238.125,293.15,238.147,293.15,238.139,293.15,238.182,293.15,238.114,293.15,238.123,293.15,238.187,293.15,238.117,293.15,238.136,293.15,238.137,293.15,238.192,293.15,238.136,293.15,238.151,293.15,238.122,293.15,238.144,293.15,238.148,293.15,238.156,293.15,238.184,293.15,238.135,293.15,238.194,293.15,238.123,293.15,238.168,293.15,238.138,293.15,238.111,293.15,238.178,293.15,238.161,293.15,238.173,293.15,238.147,293.15,238.172,293.15,238.12,293.15,238.146,293.15,238.133,293.15,238.102,293.15,238.165,293.15,238.163,293.15,238.175,293.15,238.154,293.15,238.148,293.15,238.109,293.15,238.103,293.15,238.109,293.15,238.109,293.15,238.186,293.15,238.111,293.15,238.189,293.15,238.177,293.15,238.165,293.15,238.111,293.15,238.129,293.15,238.147,293.15,238.123,293.15,238.147,293.15,238.147,293.15,238.132,293.15,238.121,293.15,238.157,293.15,238.193,293.15,238.197,293.15,238.113,293.15,238.154,293.15,238.178,293.15,238.13,293.15,238.182,293.15,238.153,293.15,238.199,293.15,238.15,293.15,238.145,293.15,238.129,293.15,238.197,293.15,238.158,293.15,238.164,293.15,238.166,293.15,238.145,293.15,238.116,293.15,238.152,293.15,238.134,293.15,238.133,293.15,238.142,238.15,0,0,1.23476e-09,1.67984e-08
279,293.15,293.15,293.15,1.19371e-12,293.15,238.174,293.15,238.148,293.15,238.124,293.15,238.177,293.15,238.191,293.15,238.192,293.15,238.197,293.15,238.166,293.15,238.116,293.15,238.122,293.15,238.143,293.15,238.181,293.15,238.147,293.15,238.125,293.15,238.147,293.15,238.139,293.15,238.182,293.15,238.114,293.15,238.123,293.15,238.187,293.15,238.117,293.15,238.136,293.15,238.137,293.15,238.192,293.15,238.136,293.15,238.151,293.15,238.122,293.15,238.144,293.15,238.148,293.15,238.156,293.15,238.184,293.15,238.135,293.15,238.194,293.15,238.123,293.15,238.168,293.15,238.138,293.15,238.111,293.15,238.178,293.15,238.161,293.15,238.173,293.15,238.147,293.15,238.172,293.15,238.12,293.15,238.146,293.15,238.133,293.15,238.102,293.15,238.165,293.15,238.163,293.15,238.175,293.15,238.154,293.15,238.148,293.15,238.109,293.15,238.103,293.15,238.109,293.15,238.109,293.15,238.186,293.15,238.111,293.15,238.189,293.15,238.177,293.15,238.165,293.15,238.111,293.15,238.129,293.15,238.147,293.15,238.123,293.15,238.147,293.15,238.147,293.15,238.132,293.15,238.121,293.15,238.157,293.15,238.193,293.15,238.197,293.15,238.113,293.15,238.154,293.15,238.178,293.15,238.13,293.15,238.182,293.15,238.153,293.15,238.199,293.15,238.15,293.15,238.145,293.15,238.129,293.15,238.197,293.15,238.158,293.15,238.164,293.15,238.166,293.15,238.145,293.15,238.116,293.15,238.152,293.15,238.134,293.15,238.133,293.15,238.142,238.15,0,0,1.23876e-09,1.66868e-08
280,293.15,293.15,293.15,1.02318e-12,293.15,238.174,293.15,238.148,293.15,238.124,293.15,238.177,293.15,238.191,293.15,238.192,293.15,238.197,293.15,238.166,293.15,238.116,293.15,238.122,293.15,238.143,293.15,238.181,293.15,238.147,293.15,238.125,293.15,238.147,293.15,238.139,293.15,238.182,293.15,238.114,293.15,238.123,293.15,238.187,293.15,238.117,293.15,238.136,293.15,238.137,293.15,238.192,293.15,238.136,293.15,238.151,293.15,238.122,293.15,238.144,293.15,238.148,293.15,238.156,293.15,238.184,293.15,238.135,293.15,238.194,293.15,238.123,293.15,238.168,293.15,238.138,293.15,238.111,293.15,238.178,293.15,238.161,293.15,238.173,293.15,238.147,293.15,238.172,293.15,238.12,293.15,238.146,293.15,238.133,293.15,238.102,293.15,238.165,293.15,238.163,293.15,238.175,293.15,238.154,293.15,238.148,293.15,238.109,293.15,238.103,293.15,238.109,293.15,238.109,293.15,238.186,293.15,238.111,293.15,238.189,293.15,238.177,293.15,238.165,293.15,238.111,293.15,238.129,293.15,238.147,293.15,238.123,293.15,238.147,293.15,238.147,293.15,238.132,293.15,238.121,293.15,238.157,293.15,238.193,293.15,238.197,293.15,238.113,293.15,238.154,293.15,238.178,293.15,238.13,293.15,238.182,293.15,238.153,293.15,238.199,293.15,238.15,293.15,238.145,293.15,238.129,293.15,238.197,293.15,238.158,293.15,238.164,293.15,238.166,293.15,238.145,293.15,238.116,293.15,238.152,293.15,238.134,293.15,238.133,293.15,238.142,238.15,0,0,1.24276e-09,1.68462e-08
281,293.15,293.15,293.15,1.36424e-12,293.15,238.174,293.15,238.148,293.15,238.124,293.15,238.177,293.15,238.191,293.15,238.192,293.15,238.197,293.15,238.166,293.15,238.116,293.15,238.122,293.15,238.143,293.15,238.181,293.15,238.147,293.15,238.125,293.15,238.147,293.15,238.139,293.15,238.182,293.15,238.114,293.15,238.123,293.15,238.187,293.15,238.117,293.15,238.136,293.15,238.137,293.15,238.192,293.15,238.136,293.15,238.151,293.15,238.122,293.15,238.144,293.15,238.148,293.15,238.156,293.15,238.184,293.15,238.135,293.15,238.194,293.15,238.123,293.15,238.168,293.15,238.138,293.15,238.111,293.15,238.178,293.15,238.161,293.15,238.173,293.15,238.147,293.15,238.172,293.15,238.12,293.15,238.146,293.15,238.133,293.15,238.102,293.15,238.165,293.15,238.163,293.15,238.175,293.15,238.154,293.15,238.148,293.15,238.109,293.15,238.103,293.15,238.109,293.15,238.109,293.15,238.186,293.15,238.111,293.15,238.189,293.15,238.177,293.15,238.165,293.15,238.111,293.15,238.129,293.15,238.147,293.15,238.123,293.15,238.147,293.15,238.147,293.15,238.132,293.15,238.121,293.15,238.157,293.15,238.193,293.15,238.197,293.15,238.113,293.15,238.154,293.15,238.178,293.15,238.13,293.15,238.182,293.15,238.153,293.15,238.199,293.15,238.15,293.15,238.145,293.15,238.129,293.15,238.197,293.15,238.158,293.15,238.164,293.15,238.166,293.15,238.145,293.15,238.116,293.15,238.152,293.15,238.134,293.15,238.133,293.15,238.142,238.15,0,0,1.24674e-09,1.67113e-08
282,293.15,293.15,293.15,1.08002e-12,293.15,238.174,293.15,238.148,293.15,238.124,293.15,238.177,293.15,238.191,293.15,238.192,293.15,238.197,293.15,238.166,293.15,238.116,293.15,238.122,293.15,238.143,293.15,238.181,293.15,238.147,293.15,238.125,293.15,238.147,293.15,238.139,293.15,238.182,293.15,238.114,293.15,238.123,293.15,238.187,293.15,238.117,293.15,238.136,293.15,238.137,293.15,238.192,293.15,238.136,293.15,238.151,293.15,238.122,293.15,238.144,293.15,238.148,293.15,238.156,293.15,238.184,293.15,238.135,293.15,238.194,293.15,238.123,293.15,238.168,293.15,238.138,293.15,238.111,293.15,238.178,293.15,238.161,293.15,238.173,293.15,238.147,293.15,238.172,293.15,238.12,293.15,238.146,293.15,238.133,293.15,238.102,293.15,238.165,293.15,238.163,293.15,238.175,293.15,238.154,293.15,238.148,293.15,238.109,293.15,238.103,293.15,238.109,293.15,238.109,293.15,238.186,293.15,238.111,293.15,238.189,293.15,238.177,293.15,238.165,293.15,238.111,293.15,238.129,293.15,238.147,293.15,238.123,293.15,238.147,293.15,238.147,293.15,238.132,293.15,238.121,293.15,238.157,293.15,238.193,293.15,238.197,293.15,238.113,293.15,238.154,293.15,238.178,293.15,238.13,293.15,238.182,293.15,238.153,293.15,238.199,293.15,238.15,293.15,238.145,293.15,238.129,293.15,238.197,293.15,238.158,293.15,238.164,293.15,238.166,293.15,238.145,293.15,238.116,293.15,238.152,293.15,238.134,293.15,238.133,293.15,238.142,238.15,0,0,1.25076e-09,1.6686e-08
283,293.15,293.15,293.15,1.25056e-12,293.15,238.174,293.15,238.148,293.15,238.124,293.15,238.177,293.15,238.191,293.15,238.192,293.15,238.197,293.15,238.166,293.15,238.116,293.15,238.122,293.15,238.143,293.15,238.181,293.15,238.147,293.15,238.125,293.15,238.147,293.15,238.139,293.15,238.182,293.15,238.114,293.15,238.123,293.15,238.187,293.15,238.117,293.15,238.136,293.15,238.137,293.15,238.192,293.15,238.136,293.15,238.151,293.15,238.122,293.15,238.144,293.15,238.148,293.15,238.156,293.15,238.184,293.15,238.135,293.15,238.194,293.15,238.123,293.15,238.168,293.15,238.138,293.15,238.111,293.15,238.178,293.15,238.161,293.15,238.173,293.15,238.147,293.15,238.172,293.15,238.12,293.15,238.146,293.15,238.133,293.15,238.102,293.15,238.165,293.15,238.163,293.15,238.175,293.15,238.154,293.15,238.148,293.15,238.109,293.15,238.103,293.15,238.109,293.15,238.109,293.15,238.186,293.15,238.111,293.15,238.189,293.15,238.177,293.15,238.165,293.15,238.111,293.15,238.129,293.15,238.147,293.15,238.123,293.15,238.147,293.15,238.147,293.15,238.132,293.15,238.121,293.15,238.157,293.15,238.193,293.15,238.197,293.15,238.113,293.15,238.154,293.15,238.178,293.15,238.13,293.15,238.182,293.15,238.153,293.15,238.199,293.15,238.15,293.15,238.145,293.15,238.129,293.15,238.197,293.15,238.158,293.15,238.164,293.15,238.166,293.15,238.145,293.15,238.116,293.15,238.152,293.15,238.134,293.15,238.133,293.15,238.142,238.15,0,0,1.25474e-09,1.66895e-08
284,293.15,293.15,293.15,1.3074e-12,293.15,238.174,293.15,238.148,293.15,238.124,293.15,238.177,293.15,238.191,293.15,238.192,293.15,238.197,293.15,238.166,293.15,238.116,293.15,238.122,293.15,238.143,293.15,238.181,293.15,238.147,293.15,238.125,293.15,238.147,293.15,238.139,293.15,238.182,293.15,238.114,293.15,238.123,293.15,238.187,293.15,238.117,293.15,238.136,293.15,238.137,293.15,238.192,293.15,238.136,293.15,238.151,293.15,238.122,293.15,238.144,293.15,238.148,293.15,238.156,293.15,238.184,293.15,238.135,293.15,238.194,293.15,238.123,293.15,238.168,293.15,238.138,293.15,238.111,293.15,238.178,293.15,238.161,293.15,238.173,293.15,238.147,293.15,238.172,293.15,238.12,293.15,238.146,293.15,238.133,293.15,238.102,293.15,238.165,293.15,238.163,293.15,238.175,293.15,238.154,293.15,238.148,293.15,238.109,293.15,238.103,293.15,238.109,293.15,238.109,293.15,238.186,293.15,238.111,293.15,238.189,293.15,238.177,293.15,238.165,293.15,238.111,293.15,238.129,293.15,238.147,293.15,238.123,293.15,238.147,293.15,238.147,293.15,238.132,293.15,238.121,293.15,238.157,293.15,238.193,293.15,238.197,293.15,238.113,293.15,238.154,293.15,238.178,293.15,238.13,293.15,238.182,293.15,238.153,293.15,238.199,293.15,238.15,293.15,238.145,293.15,238.129,293.15,238.197,293.15,238.158,293.15,238.164,293.15,238.166,293.15,238.145,293.15,238.116,293.15,238.152,293.15,238.134,293.15,238.133,293.15,238.142,238.15,0,0,1.2587e-09,1.67863e-08
285,293.15,293.15,293.15,1.08002e-12,293.15,238.174,293.15,238.148,293.15,238.124,293.15,238.177,293.15,238.191,293.15,238.192,293.15,238.197,293.15,238.166,293.15,238.116,293.15,238.122,293.15,238.143,293.15,238.181,293.15,238.147,293.15,238.125,293.15,238.147,293.15,238.139,293.15,238.182,293.15,238.114,293.15,238.123,293.15,238.187,293.15,238.117,293.15,238.136,293.15,238.137,293.15,238.192,293.15,238.136,293.15,238.151,293.15,238.122,293.15,238.144,293.15,238.148,293.15,238.156,293.15,238.184,293.15,238.135,293.15,238.194,293.15,238.123,293.15,238.168,293.15,238.138,293.15,238.111,293.15,238.178,293.15,238.161,293.15,238.173,293.15,238.147,293.15,238.172,293.15,238.12,293.15,238.146,293.15,238.133,293.15,238.102,293.15,238.165,293.15,238.163,293.15,238.175,293.15,238.154,293.15,238.148,293.15,238.109,293.15,238.103,293.15,238.109,293.15,238.109,293.15,238.186,293.15,238.111,293.15,238.189,293.15,238.177,293.15,238.165,293.15,238.111,293.15,238.129,293.15,238.147,293.15,238.123,293.15,238.147,293.15,238.147,293.15,238.132,293.15,238.121,293.15,238.157,293.15,238.193,293.15,238.197,293.15,238.113,293.15,238.154,293.15,238.178,293.15,238.13,293.15,238.182,293.15,238.153,293.15,238.199,293.15,238.15,293.15,238.145,293.15,238.129,293.15,238.197,293.15,238.158,293.15,238.164,293.15,238.166,293.15,238.145,293.15,238.116,293.15,238.152,293.15,238.134,293.15,238.133,293.15,238.142,238.15,0,0,1.26268e-09,1.68192e-08
286,293.15,293.15,293.15,1.3074e-12,293.15,238.174,293.15,238.148,293.15,238.124,293.15,238.177,293.15,238.191,293.15,238.192,293.15,238.197,293.15,238.166,293.15,238.116,293.15,238.122,293.15,238.143,293.15,238.181,293.15,238.147,293.15,238.125,293.15,238.147,293.15,238.139,293.15,238.182,293.15,238.114,293.15,238.123,293.15,238.187,293.15,238.117,293.15,238.136,293.15,238.137,293.15,238.192,293.15,238.136,293.15,238.151,293.15,238.122,293.15,238.144,293.15,238.148,293.15,238.156,293.15,238.184,293.15,238.135,293.15,238.194,293.15,238.123,293.15,238.168,293.15,238.138,293.15,238.111,293.15,238.178,293.15,238.161,293.15,238.173,293.15,238.147,293.15,238.172,293.15,238.12,293.15,238.146,293.15,238.133,293.15,238.102,293.15,238.165,293.15,238.163,293.15,238.175,293.15,238.154,293.15,238.148,293.15,238.109,293.15,238.103,293.15,238.109,293.15,238.109,293.15,238.186,293.15,238.111,293.15,238.189,293.15,238.177,293.15,238.165,293.15,238.111,293.15,238.129,293.15,238.147,293.15,238.123,293.15,238.147,293.15,238.147,293.15,238.132,293.15,238.121,293.15,238.157,293.15,238.193,293.15,238.197,293.15,238.113,293.15,238.154,293.15,238.178,293.15,238.13,293.15,238.182,293.15,238.153,293.15,238.199,293.15,238.15,293.15,238.145,293.15,238.129,293.15,238.197,293.15,238.158,293.15,238.164,293.15,238.166,293.15,238.145,293.15,238.116,293.15,238.152,293.15,238.134,293.15,238.133,293.15,238.142,238.15,0,0,1.26668e-09,1.68875e-08
287,293.15,293.15,293.15,1.13687e-12,293.15,238.174,293.15,238.148,293.15,238.124,293.15,238.177,293.15,238.191,293.15,238.192,293.15,238.197,293.15,238.166,293.15,238.116,293.15,238.122,293.15,238.143,293.15,238.181,293.15,238.147,293.15,238.125,293.15,238.147,293.15,238.139,293.15,238.182,293.15,238.114,293.15,238.123,293.15,238.187,293.15,238.117,293.15,238.136,293.15,238.137,293.15,238.192,293.15,238.136,293.15,238.151,293.15,238.122,293.15,238.144,293.15,238.148,293.15,238.156,293.15,238.184,293.15,238.135,293.15,238.194,293.15,238.123,293.15,238.168,293.15,238.138,293.15,238.111,293.15,238.178,293.15,238.161,293.15,238.173,293.15,238.147,293.15,238.172,293.15,238.12,293.15,238.146,293.15,238.133,293.15,238.102,293.15,238.165,293.15,238.163,293.15,238.175,293.15,238.154,293.15,238.148,293.15,238.109,293.15,238.103,293.15,238.109,293.15,238.109,293.15,238.186,293.15,238.111,293.15,238.189,293.15,238.177,293.15,238.165,293.15,238.111,293.15,238.129,293.15,238.147,293.15,238.123,293.15,238.147,293.15,238.147,293.15,238.132,293.15,238.121,293.15,238.157,293.15,238.193,293.15,238.197,293.15,238.113,293.15,238.154,293.15,238.178,293.15,238.13,293.15,238.182,293.15,238.153,293.15,238.199,293.15,238.15,293.15,238.145,293.15,238.129,293.15,238.197,293.15,238.158,293.15,238.164,293.15,238.166,293.15,238.145,293.15,238.116,293.15,238.152,293.15,238.134,293.15,238.133,293.15,238.142,238.15,0,0,1.27069e-09,1.67637e-08
288,293.15,293.15,293.15,1.08002e-12,293.15,238.174,293.15,238.148,293.15,238.124,293.15,238.177,293.15,238.191,293.15,238.192,293.15,238.197,293.15,238.166,293.15,238.116,293.15,238.122,293.15,238.143,293.15,238.181,293.15,238.147,293.15,238.125,293.15,238.147,293.15,238.139,293.15,238.182,293.15,238.114,293.15,238.123,293.15,238.187,293.15,238.117,293.15,238.136,293.15,238.137,293.15,238.192,293.15,238.136,293.15,238.151,293.15,238.122,293.15,238.144,293.15,238.148,293.15,238.156,293.15,238.184,293.15,238.135,293.15,238.194,293.15,238.123,293.15,238.168,293.15,238.138,293.15,238.111,293.15,238.178,293.15,238.161,293.15,238.173,293.15,238.147,293.15,238.172,293.15,238.12,293.15,238.146,293.15,238.133,293.15,238.102,293.15,238.165,293.15,238.163,293.15,238.175,293.15,238.154,293.15,238.148,293.15,238.109,293.15,238.103,293.15,238.109,293.15,238.109,293.15,238.186,293.15,238.111,293.15,238.189,293.15,238.177,293.15,238.165,293.15,238.111,293.15,238.129,293.15,238.147,293.15,238.123,293.15,238.147,293.15,238.147,293.15,238.132,293.15,238.121,293.15,238.157,293.15,238.193,293.15,238.197,293.15,238.113,293.15,238.154,293.15,238.178,293.15,238.13,293.15,238.182,293.15,238.153,293.15,238.199,293.15,238.15,293.15,238.145,293.15,238.129,293.15,238.197,293.15,238.158,293.15,238.164,293.15,238.166,293.15,238.145,293.15,238.116,293.15,238.152,293.15,238.134,293.15,238.133,293.15,238.142,238.15,0,0,1.27471e-09,1.67423e-08
289,293.15,293.15,293.15,1.08002e-12,293.15,238.174,293.15,238.148,293.15,238.124,293.15,238.177,293.15,238.191,293.15,238.192,293.15,238.197,293.15,238.166,293.15,238.116,293.15,238.122,293.15,238.143,293.15,238.181,293.15,238.147,293.15,238.125,293.15,238.147,293.15,238.139,293.15,238.182,293.15,238.114,293.15,238.123,293.15,238.187,293.15,238.117,293.15,238.136,293.15,238.137,293.15,238.192,293.15,238.136,293.15,238.151,293.15,238.122,293.15,238.144,293.15,238.148,293.15,238.156,293.15,238.184,293.15,238.135,293.15,238.194,293.15,238.123,293.15,238.168,293.15,238.138,293.15,238.111,293.15,238.178,293.15,238.161,293.15,238.173,293.15,238.147,293.15,238.172,293.15,238.12,293.15,238.146,293.15,238.133,293.15,238.102,293.15,238.165,293.15,238.163,293.15,238.175,293.15,238.154,293.15,238.148,293.15,238.109,293.15,238.103,293.15,238.109,293.15,238.109,293.15,238.186,293.15,238.111,293.15,238.189,293.15,238.177,293.15,238.165,293.15,238.111,293.15,238.129,293.15,238.147,293.15,238.123,293.15,238.147,293.15,238.147,293.15,238.132,293.15,238.121,293.15,238.157,293.15,238.193,293.15,238.197,293.15,238.113,293.15,238.154,293.15,238.178,293.15,238.13,293.15,238.182,293.15,238.153,293.15,238.199,293.15,238.15,293.15,238.145,293.15,238.129,293.15,238.197,293.15,238.158,293.15,238.164,293.15,238.166,293.15,238.145,293.15,238.116,293.15,238.152,293.15,238.134,293.15,238.133,293.15,238.142,238.15,0,0,1.27868e-09,1.67971e-08
290,293.15,293.15,293.15,1.19371e-12,293.15,238.174,293.15,238.148,293.15,238.124,293.15,238.177,293.15,238.191,293.15,238.192,293.15,238.197,293.15,238.166,293.15,238.116,293.15,238.122,293.15,238.143,293.15,238.181,293.15,238.147,293.15,238.125,293.15,238.147,293.15,238.139,293.15,238.182,293.15,238.114,293.15,238.123,293.15,238.187,293.15,238.117,293.15,238.136,293.15,238.137,293.15,238.192,293.15,238.136,293.15,238.151,293.15,238.122,293.15,238.144,293.15,238.148,293.15,238.156,293.15,238.184,293.15,238.135,293.15,238.194,293.15,238.123,293.15,238.168,293.15,238.138,293.15,238.111,293.15,238.178,293.15,238.161,293.15,238.173,293.15,238.147,293.15,238.172,293.15,238.12,293.15,238.146,293.15,238.133,293.15,238.102,293.15,238.165,293.15,238.163,293.15,238.175,293.15,238.154,293.15,238.148,293.15,238.109,293.15,238.103,293.15,238.109,293.15,238.109,293.15,238.186,293.15,238.111,293.15,238.189,293.15,238.177,293.15,238.165,293.15,238.111,293.15,238.129,293.15,238.147,293.15,238.123,293.15,238.147,293.15,238.147,293.15,238.132,293.15,238.121,293.15,238.157,293.15,238.193,293.15,238.197,293.15,238.113,293.15,238.154,293.15,238.178,293.15,238.13,293.15,238.182,293.15,238.153,293.15,238.199,293.15,238.15,293.15,238.145,293.15,238.129,293.15,238.197,293.15,238.158,293.15,238.164,293.15,238.166,293.15,238.145,293.15,238.116,293.15,238.152,293.15,238.134,293.15,238.133,293.15,238.142,238.15,0,0,1.28266e-09,1.6798e-08
291,293.15,293.15,293.15,1.19371e-12,293.15,238.174,293.15,238.148,293.15,238.124,293.15,238.177,293.15,238.191,293.15,238.192,293.15,238.197,293.15,238.166,293.15,238.116,293.15,238.122,293.15,238.143,293.15,238.181,293.15,238.147,293.15,238.125,293.15,238.147,293.15,238.139,293.15,238.182,293.15,238.114,293.15,238.123,293.15,238.187,293.15,238.117,293.15,238.136,293.15,238.137,293.15,238.192,293.15,238.136,293.15,238.151,293.15,238.122,293.15,238.144,293.15,238.148,293.15,238.156,293.15,238.184,293.15,238.135,293.15,238.194,293.15,238.123,293.15,238.168,293.15,238.138,293.15,238.111,293.15,238.178,293.15,238.161,293.15,238.173,293.15,238.147,293.15,238.172,293.15,238.12,293.15,238.146,293.15,238.133,293.15,238.102,293.15,238.165,293.15,238.163,293.15,238.175,293.15,238.154,293.15,238.148,293.15,238.109,293.15,238.103,293.15,238.109,293.15,238.109,293.15,238.186,293.15,238.111,293.15,238.189,293.15,238.177,293.15,238.165,293.15,238.111,293.15,238.129,293.15,238.147,293.15,238.123,293.15,238.147,293.15,238.147,293.15,238.132,293.15,238.121,293.15,238.157,293.15,238.193,293.15,238.197,293.15,238.113,293.15,238.154,293.15,238.178,293.15,238.13,293.15,238.182,293.15,238.153,293.15,238.199,293.15,238.15,293.15,238.145,293.15,238.129,293.15,238.197,293.15,238.158,293.15,238.164,293.15,238.166,293.15,238.145,293.15,238.116,293.15,238.152,293.15,238.134,293.15,238.133,293.15,238.142,238.15,0,0,1.28663e-09,1.68356e-08
292,293.15,293.15,293.15,9.66338e-13,293.15,238.174,293.15,238.148,293.15,238.124,293.15,238.177,293.15,238.191,293.15,238.192,293.15,238.197,293.15,238.166,293.15,238.116,293.15,238.122,293.15,238.143,293.15,238.181,293.15,238.147,293.15,238.125,293.15,238.147,293.15,238.139,293.15,238.182,293.15,238.114,293.15,238.123,293.15,238.187,293.15,238.117,293.15,238.136,293.15,238.137,293.15,238.192,293.15,238.136,293.15,238.151,293.15,238.122,293.15,238.144,293.15,238.148,293.15,238.156,293.15,238.184,293.15,238.135,293.15,238.194,293.15,238.123,293.15,238.168,293.15,238.138,293.15,238.111,293.15,238.178,293.15,238.161,293.15,238.173,293.15,238.147,293.15,238.172,293.15,238.12,293.15,238.146,293.15,238.133,293.15,238.102,293.15,238.165,293.15,238.163,293.15,238.175,293.15,238.154,293.15,238.148,293.15,238.109,293.15,238.103,293.15,238.109,293.15,238.109,293.15,238.186,293.15,238.111,293.15,238.189,293.15,238.177,293.15,238.165,293.15,238.111,293.15,238.129,293.15,238.147,293.15,238.123,293.15,238.147,293.15,238.147,293.15,238.132,293.15,238.121,293.15,238.157,293.15,238.193,293.15,238.197,293.15,238.113,293.15,238.154,293.15,238.178,293.15,238.13,293.15,238.182,293.15,238.153,293.15,238.199,293.15,238.15,293.15,238.145,293.15,238.129,293.15,238.197,293.15,238.158,293.15,238.164,293.15,238.166,293.15,238.145,293.15,238.116,293.15,238.152,293.15,238.134,293.15,238.133,293.15,238.142,238.15,0,0,1.2906e-09,1.68616e-08
293,293.15,293.15,293.15,1.02318e-12,293.15,238.174,293.15,238.148,293.15,238.124,293.15,238.177,293.15,238.191,293.15,238.192,293.15,238.197,293.15,238.166,293.15,238.116,293.15,238.122,293.15,238.143,293.15,238.181,293.15,238.147,293.15,238.125,293.15,238.147,293.15,238.139,293.15,238.182,293.15,238.114,293.15,238.123,293.15,238.187,293.15,238.117,293.15,238.136,293.15,238.137,293.15,238.192,293.15,238.136,293.15,238.151,293.15,238.122,293.15,238.144,293.15,238.148,293.15,238.156,293.15,238.184,293.15,238.135,293.15,238.194,293.15,238.123,293.15,238.168,293.15,238.138,293.15,238.111,293.15,238.178,293.15,238.161,293.15,238.173,293.15,238.147,293.15,238.172,293.15,238.12,293.15,238.146,293.15,238.133,293.15,238.102,293.15,238.165,293.15,238.163,293.15,238.175,293.15,238.154,293.15,238.148,293.15,238.109,293.15,238.103,293.15,238.109,293.15,238.109,293.15,238.186,293.15,238.111,293.15,238.189,293.15,238.177,293.15,238.165,293.15,238.111,293.15,238.129,293.15,238.147,293.15,238.123,293.15,238.147,293.15,238.147,293.15,238.132,293.15,238.121,293.15,238.157,293.15,238.193,293.15,238.197,293.15,238.113,293.15,238.154,293.15,238.178,293.15,238.13,293.15,238.182,293.15,238.153,293.15,238.199,293.15,238.15,293.15,238.145,293.15,238.129,293.15,238.197,293.15,238.158,293.15,238.164,293.15,238.166,293.15,238.145,293.15,238.116,293.15,238.152,293.15,238.134,293.15,238.133,293.15,238.142,238.15,0,0,1.2946e-09,1.67284e-08
294,293.15,293.15,293.15,1.08002e-12,293.15,238.174,293.15,238.148,293.15,238.124,293.15,238.177,293.15,238.191,293.15,238.192,293.15,238.197,293.15,238.166,293.15,238.116,293.15,238.122,293.15,238.143,293.15,238.181,293.15,238.147,293.15,238.125,293.15,238.147,293.15,238.139,293.15,238.182,293.15,238.114,293.15,238.123,293.15,238.187,293.15,238.117,293.15,238.136,293.15,238.137,293.15,238.192,293.15,238.136,293.15,238.151,293.15,238.122,293.15,238.144,293.15,238.148,293.15,238.156,293.15,238.184,293.15,238.135,293.15,238.194,293.15,238.123,293.15,238.168,293.15,238.138,293.15,238.111,293.15,238.178,293.15,238.161,293.15,238.173,293.15,238.147,293.15,238.172,293.15,238.12,293.15,238.146,293.15,238.133,293.15,238.102,293.15,238.165,293.15,238.163,293.15,238.175,293.15,238.154,293.15,238.148,293.15,238.109,293.15,238.103,293.15,238.109,293.15,238.109,293.15,238.186,293.15,238.111,293.15,238.189,293.15,238.177,293.15,238.165,293.15,238.111,293.15,238.129,293.15,238.147,293.15,238.123,293.15,238.147,293.15,238.147,293.15,238.132,293.15,238.121,293.15,238.157,293.15,238.193,293.15,238.197,293.15,238.113,293.15,238.154,293.15,238.178,293.15,238.13,293.15,238.182,293.15,238.153,293.15,238.199,293.15,238.15,293.15,238.145,293.15,238.129,293.15,238.197,293.15,238.158,293.15,238.164,293.15,238.166,293.15,238.145,293.15,238.116,293.15,238.152,293.15,238.134,293.15,238.133,293.15,238.142,238.15,0,0,1.2986e-09,1.68753e-08
295,293.15,293.15,293.15,1.3074e-12,293.15,238.174,293.15,238.148,293.15,238.124,293.15,238.177,293.15,238.191,293.15,238.192,293.15,238.197,293.15,238.166,293.15,238.116,293.15,238.122,293.15,238.143,293.15,238.181,293.15,238.147,293.15,238.125,293.15,238.147,293.15,238.139,293.15,238.182,293.15,238.114,293.15,238.123,293.15,238.187,293.15,238.117,293.15,238.136,293.15,238.137,293.15,238.192,293.15,238.136,293.15,238.151,293.15,238.122,293.15,238.144,293.15,238.148,293.15,238.156,293.15,238.184,293.15,238.135,293.15,238.194,293.15,238.123,293.15,238.168,293.15,238.138,293.15,238.111,293.15,238.178,293.15,238.161,293.15,238.173,293.15,238.147,293.15,238.172,293.15,238.12,293.15,238.146,293.15,238.133,293.15,238.102,293.15,238.165,293.15,238.163,293.15,238.175,293.15,238.154,293.15,238.148,293.15,238.109,293.15,238.103,293.15,238.109,293.15,238.109,293.15,238.186,293.15,238.111,293.15,238.189,293.15,238.177,293.15,238.165,293.15,238.111,293.15,238.129,293.15,238.147,293.15,238.123,293.15,238.147,293.15,238.147,293.15,238.132,293.15,238.121,293.15,238.157,293.15,238.193,293.15,238.197,293.15,238.113,293.15,238.154,293.15,238.178,293.15,238.13,293.15,238.182,293.15,238.153,293.15,238.199,293.15,238.15,293.15,238.145,293.15,238.129,293.15,238.197,293.15,238.158,293.15,238.164,293.15,238.166,293.15,238.145,293.15,238.116,293.15,238.152,293.15,238.134,293.15,238.133,293.15,238.142,238.15,0,0,1.3026e-09,1.68707e-08
296,293.15,293.15,293.15,1.02318e-12,293.15,238.174,293.15,238.148,293.15,238.124,293.15,238.177,293.15,238.191,293.15,238.192,293.15,238.197,293.15,238.166,293.15,238.116,293.15,238.122,293.15,238.143,293.15,238.181,293.15,238.147,293.15,238.125,293.15,238.147,293.15,238.139,293.15,238.182,293.15,238.114,293.15,238.123,293.15,238.187,293.15,238.117,293.15,238.136,293.15,238.137,293.15,238.192,293.15,238.136,293.15,238.151,293.15,238.122,293.15,238.144,293.15,238.148,293.15,238.156,293.15,238.184,293.15,238.135,293.15,238.194,293.15,238.123,293.15,238.168,293.15,238.138,293.15,238.111,293.15,238.178,293.15,238.161,293.15,238.173,293.15,238.147,293.15,238.172,293.15,238.12,293.15,238.146,293.15,238.133,293.15,238.102,293.15,238.165,293.15,238.163,293.15,238.175,293.15,238.154,293.15,238.148,293.15,238.109,293.15,238.103,293.15,238.109,293.15,238.109,293.15,238.186,293.15,238.111,293.15,238.189,293.15,238.177,293.15,238.165,293.15,238.111,293.15,238.129,293.15,238.147,293.15,238.123,293.15,238.147,293.15,238.147,293.15,238.132,293.15,238.121,293.15,238.157,293.15,238.193,293.15,238.197,293.15,238.113,293.15,238.154,293.15,238.178,293.15,238.13,293.15,238.182,293.15,238.153,293.15,238.199,293.15,238.15,293.15,238.145,293.15,238.129,293.15,238.197,293.15,238.158,293.15,238.164,293.15,238.166,293.15,238.145,293.15,238.116,293.15,238.152,293.15,238.134,293.15,238.133,293.15,238.142,238.15,0,0,1.3066e-09,1.67927e-08
297,293.15,293.15,293.15,1.13687e-12,293.15,238.174,293.15,238.148,293.15,238.124,293.15,238.177,293.15,238.191,293.15,238.192,293.15,238.197,293.15,238.166,293.15,238.116,293.15,238.122,293.15,238.143,293.15,238.181,293.15,238.147,293.15,238.125,293.15,238.147,293.15,238.139,293.15,238.182,293.15,238.114,293.15,238.123,293.15,238.187,293.15,238.117,293.15,238.136,293.15,238.137,293.15,238.192,293.15,238.136,293.15,238.151,293.15,238.122,293.15,238.144,293.15,238.148,293.15,238.156,293.15,238.184,293.15,238.135,293.15,238.194,293.15,238.123,293.15,238.168,293.15,238.138,293.15,238.111,293.15,238.178,293.15,238.161,293.15,238.173,293.15,238.147,293.15,238.172,293.15,238.12,293.15,238.146,293.15,238.133,293.15,238.102,293.15,238.165,293.15,238.163,293.15,238.175,293.15,238.154,293.15,238.148,293.15,238.109,293.15,238.103,293.15,238.109,293.15,238.109,293.15,238.186,293.15,238.111,293.15,238.189,293.15,238.177,293.15,238.165,293.15,238.111,293.15,238.129,293.15,238.147,293.15,238.123,293.15,238.147,293.15,238.147,293.15,238.132,293.15,238.121,293.15,238.157,293.15,238.193,293.15,238.197,293.15,238.113,293.15,238.154,293.15,238.178,293.15,238.13,293.15,238.182,293.15,238.153,293.15,238.199,293.15,238.15,293.15,238.145,293.15,238.129,293.15,238.197,293.15,238.158,293.15,238.164,293.15,238.166,293.15,238.145,293.15,238.116,293.15,238.152,293.15,238.134,293.15,238.133,293.15,238.142,238.15,0,0,1.31058e-09,1.69618e-08
298,293.15,293.15,293.15,1.08002e-12,293.15,238.174,293.15,238.148,293.15,238.124,293.15,238.177,293.15,238.191,293.15,238.192,293.15,238.197,293.15,238.166,293.15,238.116,293.15,238.122,293.15,238.143,293.15,238.181,293.15,238.147,293.15,238.125,293.15,238.147,293.15,238.139,293.15,238.182,293.15,238.114,293.15,238.123,293.15,238.187,293.15,238.117,293.15,238.136,293.15,238.137,293.15,238.192,293.15,238.136,293.15,238.151,293.15,238.122,293.15,238.144,293.15,238.148,293.15,238.156,293.15,238.184,293.15,238.135,293.15,238.194,293.15,238.123,293.15,238.168,293.15,238.138,293.15,238.111,293.15,238.178,293.15,238.161,293.15,238.173,293.15,238.147,293.15,238.172,293.15,238.12,293.15,238.146,293.15,238.133,293.15,238.102,293.15,238.165,293.15,238.163,293.15,238.175,293.15,238.154,293.15,238.148,293.15,238.109,293.15,238.103,293.15,238.109,293.15,238.109,293.15,238.186,293.15,238.111,293.15,238.189,293.15,238.177,293.15,238.165,293.15,238.111,293.15,238.129,293.15,238.147,293.15,238.123,293.15,238.147,293.15,238.147,293.15,238.132,293.15,238.121,293.15,238.157,293.15,238.193,293.15,238.197,293.15,238.113,293.15,238.154,293.15,238.178,293.15,238.13,293.15,238.182,293.15,238.153,293.15,238.199,293.15,238.15,293.15,238.145,293.15,238.129,293.15,238.197,293.15,238.158,293.15,238.164,293.15,238.166,293.15,238.145,293.15,238.116,293.15,238.152,293.15,238.134,293.15,238.133,293.15,238.142,238.15,0,0,1.31457e-09,1.69834e-08
299,293.15,293.15,293.15,1.02318e-12,293.15,238.174,293.15,238.148,293.15,238.124,293.15,238.177,293.15,238.191,293.15,238.192,293.15,238.197,293.15,238.166,293.15,238.116,293.15,238.122,293.15,238.143,293.15,238.181,293.15,238.147,293.15,238.125,293.15,238.147,293.15,238.139,293.15,238.182,293.15,238.114,293.15,238.123,293.15,238.187,293.15,238.117,293.15,238.136,293.15,238.137,293.15,238.192,293.15,238.136,293.15,238.151,293.15,238.122,293.15,238.144,293.15,238.148,293.15,238.156,293.15,238.184,293.15,238.135,293.15,238.194,293.15,238.123,293.15,238.168,293.15,238.138,293.15,238.111,293.15,238.178,293.15,238.161,293.15,238.173,293.15,238.147,293.15,238.172,293.15,238.12,293.15,238.146,293.15,238.133,293.15,238.102,293.15,238.165,293.15,238.163,293.15,238.175,293.15,238.154,293.15,238.148,293.15,238.109,293.15,238.103,293.15,238.109,293.15,238.109,293.15,238.186,293.15,238.111,293.15,238.189,293.15,238.177,293.15,238.165,293.15,238.111,293.15,238.129,293.15,238.147,293.15,238.123,293.15,238.147,293.15,238.147,293.15,238.132,293.15,238.121,293.15,238.157,293.15,238.193,293.15,238.197,293.15,238.113,293.15,238.154,293.15,238.178,293.15,238.13,293.15,238.182,293.15,238.153,293.15,238.199,293.15,238.15,293.15,238.145,293.15,238.129,293.15,238.197,293.15,238.158,293.15,238.164,293.15,238.166,293.15,238.145,293.15,238.116,293.15,238.152,293.15,238.134,293.15,238.133,293.15,238.142,238.15,0,0,1.3186e-09,1.68302e-08
300,293.15,293.15,293.15,1.13687e-12,293.15,238.174,293.15,238.148,293.15,238.124,293.15,238.177,293.15,238.191,293.15,238.192,293.15,238.197,293.15,238.166,293.15,238.116,293.15,238.122,293.15,238.143,293.15,238.181,293.15,238.147,293.15,238.125,293.15,238.147,293.15,238.139,293.15,238.182,293.15,238.114,293.15,238.123,293.15,238.187,293.15,238.117,293.15,238.136,293.15,238.137,293.15,238.192,293.15,238.136,293.15,238.151,293.15,238.122,293.15,238.144,293.15,238.148,293.15,238.156,293.15,238.184,293.15,238.135,293.15,238.194,293.15,238.123,293.15,238.168,293.15,238.138,293.15,238.111,293.15,238.178,293.15,238.161,293.15,238.173,293.15,238.147,293.15,238.172,293.15,238.12,293.15,238.146,293.15,238.133,293.15,238.102,293.15,238.165,293.15,238.163,293.15,238.175,293.15,238.154,293.15,238.148,293.15,238.109,293.15,238.103,293.15,238.109,293.15,238.109,293.15,238.186,293.15,238.111,293.15,238.189,293.15,238.177,293.15,238.165,293.15,238.111,293.15,238.129,293.15,238.147,293.15,238.123,293.15,238.147,293.15,238.147,293.15,238.132,293.15,238.121,293.15,238.157,293.15,238.193,293.15,238.197,293.15,238.113,293.15,238.154,293.15,238.178,293.15,238.13,293.15,238.182,293.15,238.153,293.15,238.199,293.15,238.15,293.15,238.145,293.15,238.129,293.15,238.197,293.15,238.158,293.15,238.164,293.15,238.166,293.15,238.145,293.15,238.116,293.15,238.152,293.15,238.134,293.15,238.133,293.15,238.142,238.15,0,0,1.32262e-09,1.6947e-08
301,293.15,293.15,293.15,1.08002e-12,293.15,238.174,293.15,238.148,293.15,238.124,293.15,238.177,293.15,238.191,293.15,238.192,293.15,238.197,293.15,238.166,293.15,238.116,293.15,238.122,293.15,238.143,293.15,238.181,293.15,238.147,293.15,238.125,293.15,238.147,293.15,238.139,293.15,238.182,293.15,238.114,293.15,238.123,293.15,238.187,293.15,238.117,293.15,238.136,293.15,238.137,293.15,238.192,293.15,238.136,293.15,238.151,293.15,238.122,293.15,238.144,293.15,238.148,293.15,238.156,293.15,238.184,293.15,238.135,293.15,238.194,293.15,238.123,293.15,238.168,293.15,238.138,293.15,238.111,293.15,238.178,293.15,238.161,293.15,238.173,293.15,238.147,293.15,238.172,293.15,238.12,293.15,238.146,293.15,238.133,293.15,238.102,293.15,238.165,293.15,238.163,293.15,238.175,293.15,238.154,293.15,238.148,293.15,238.109,293.15,238.103,293.15,238.109,293.15,238.109,293.15,238.186,293.15,238.111,293.15,238.189,293.15,238.177,293.15,238.165,293.15,238.111,293.15,238.129,293.15,238.147,293.15,238.123,293.15,238.147,293.15,238.147,293.15,238.132,293.15,238.121,293.15,238.157,293.15,238.193,293.15,238.197,293.15,238.113,293.15,238.154,293.15,238.178,293.15,238.13,293.15,238.182,293.15,238.153,293.15,238.199,293.15,238.15,293.15,238.145,293.15,238.129,293.15,238.197,293.15,238.158,293.15,238.164,293.15,238.166,293.15,238.145,293.15,238.116,293.15,238.152,293.15,238.134,293.15,238.133,293.15,238.142,238.15,0,0,1.32659e-09,1.69008e-08
302,293.15,293.15,293.15,9.66338e-13,293.15,238.174,293.15,238.148,293.15,238.124,293.15,238.177,293.15,238.191,293.15,238.192,293.15,238.197,293.15,238.166,293.15,238.116,293.15,238.122,293.15,238.143,293.15,238.181,293.15,238.147,293.15,238.125,293.15,238.147,293.15,238.139,293.15,238.182,293.15,238.114,293.15,238.123,293.15,238.187,293.15,238.117,293.15,238.136,293.15,238.137,293.15,238.192,293.15,238.136,293.15,238.151,293.15,238.122,293.15,238.144,293.15,238.148,293.15,238.156,293.15,238.184,293.15,238.135,293.15,238.194,293.15,238.123,293.15,238.168,293.15,238.138,293.15,238.111,293.15,238.178,293.15,238.161,293.15,238.173,293.15,238.147,293.15,238.172,293.15,238.12,293.15,238.146,293.15,238.133,293.15,238.102,293.15,238.165,293.15,238.163,293.15,238.175,293.15,238.154,293.15,238.148,293.15,238.109,293.15,238.103,293.15,238.109,293.15,238.109,293.15,238.186,293.15,238.111,293.15,238.189,293.15,238.177,293.15,238.165,293.15,238.111,293.15,238.129,293.15,238.147,293.15,238.123,293.15,238.147,293.15,238.147,293.15,238.132,293.15,238.121,293.15,238.157,293.15,238.193,293.15,238.197,293.15,238.113,293.15,238.154,293.15,238.178,293.15,238.13,293.15,238.182,293.15,238.153,293.15,238.199,293.15,238.15,293.15,238.145,293.15,238.129,293.15,238.197,293.15,238.158,293.15,238.164,293.15,238.166,293.15,238.145,293.15,238.116,293.15,238.152,293.15,238.134,293.15,238.133,293.15,238.142,238.15,0,0,1.33058e-09,1.69479e-08
303,293.15,293.15,293.15,9.09495e-13,293.15,238.174,293.15,238.148,293.15,238.124,293.15,238.177,293.15,238.191,293.15,238.192,293.15,238.197,293.15,238.166,293.15,238.116,293.15,238.122,293.15,238.143,293.15,238.181,293.15,238.147,293.15,238.125,293.15,238.147,293.15,238.139,293.15,238.182,293.15,238.114,293.15,238.123,293.15,238.187,293.15,238.117,293.15,238.136,293.15,238.137,293.15,238.192,293.15,238.136,293.15,238.151,293.15,238.122,293.15,238.144,293.15,238.148,293.15,238.156,293.15,238.184,293.15,238.135,293.15,238.194,293.15,238.123,293.15,238.168,293.15,238.138,293.15,238.111,293.15,238.178,293.15,238.161,293.15,238.173,293.15,238.147,293.15,238.172,293.15,238.12,293.15,238.146,293.15,238.133,293.15,238.102,293.15,238.165,293.15,238.163,293.15,238.175,293.15,238.154,293.15,238.148,293.15,238.109,293.15,238.103,293.15,238.109,293.15,238.109,293.15,238.186,293.15,238.111,293.15,238.189,293.15,238.177,293.15,238.165,293.15,238.111,293.15,238.129,293.15,238.147,293.15,238.123,293.15,238.147,293.15,238.147,293.15,238.132,293.15,238.121,293.15,238.157,293.15,238.193,293.15,238.197,293.15,238.113,293.15,238.154,293.15,238.178,293.15,238.13,293.15,238.182,293.15,238.153,293.15,238.199,293.15,238.15,293.15,238.145,293.15,238.129,293.15,238.197,293.15,238.158,293.15,238.164,293.15,238.166,293.15,238.145,293.15,238.116,293.15,238.152,293.15,238.134,293.15,238.133,293.15,238.142,238.15,0,0,1.33458e-09,1.69672e-08
304,293.15,293.15,293.15,1.02318e-12,293.15,238.174,293.15,238.148,293.15,238.124,293.15,238.177,293.15,238.191,293.15,238.192,293.15,238.197,293.15,238.166,293.15,238.116,293.15,238.122,293.15,238.143,293.15,238.181,293.15,238.147,293.15,238.125,293.15,238.147,293.15,238.139,293.15,238.182,293.15,238.114,293.15,238.123,293.15,238.187,293.15,238.117,293.15,238.136,293.15,238.137,293.15,238.192,293.15,238.136,293.15,238.151,293.15,238.122,293.15,238.144,293.15,238.148,293.15,238.156,293.15,238.184,293.15,238.135,293.15,238.194,293.15,238.123,293.15,238.168,293.15,238.138,293.15,238.111,293.15,238.178,293.15,238.161,293.15,238.173,293.15,238.147,293.15,238.172,293.15,238.12,293.15,238.146,293.15,238.133,293.15,238.102,293.15,238.165,293.15,238.163,293.15,238.175,293.15,238.154,293.15,238.148,293.15,238.109,293.15,238.103,293.15,238.109,293.15,238.109,293.15,238.186,293.15,238.111,293.15,238.189,293.15,238.177,293.15,238.165,293.15,238.111,293.15,238.129,293.15,238.147,293.15,238.123,293.15,238.147,293.15,238.147,293.15,238.132,293.15,238.121,293.15,238.157,293.15,238.193,293.15,238.197,293.15,238.113,293.15,238.154,293.15,238.178,293.15,238.13,293.15,238.182,293.15,238.153,293.15,238.199,293.15,238.15,293.15,238.145,293.15,238.129,293.15,238.197,293.15,238.158,293.15,238.164,293.15,238.166,293.15,238.145,293.15,238.116,293.15,238.152,293.15,238.134,293.15,238.133,293.15,238.142,238.15,0,0,1.33858e-09,1.6902e-08
305,293.15,293.15,293.15,1.08002e-12,293.15,238.174,293.15,238.148,293.15,238.124,293.15,238.177,293.15,238.191,293.15,238.192,293.15,238.197,293.15,238.166,293.15,238.116,293.15,238.122,293.15,238.143,293.15,238.181,293.15,238.147,293.15,238.125,293.15,238.147,293.15,238.139,293.15,238.182,293.15,238.114,293.15,238.123,293.15,238.187,293.15,238.117,293.15,238.136,293.15,238.137,293.15,238.192,293.15,238.136,293.15,238.151,293.15,238.122,293.15,238.144,293.15,238.148,293.15,238.156,293.15,238.184,293.15,238.135,293.15,238.194,293.15,238.123,293.15,238.168,293.15,238.138,293.15,238.111,293.15,238.178,293.15,238.161,293.15,238.173,293.15,238.147,293.15,238.172,293.15,238.12,293.15,238.146,293.15,238.133,293.15,238.102,293.15,238.165,293.15,238.163,293.15,238.175,293.15,238.154,293.15,238.148,293.15,238.109,293.15,238.103,293.15,238.109,293.15,238.109,293.15,238.186,293.15,238.111,293.15,238.189,293.15,238.177,293.15,238.165,293.15,238.111,293.15,238.129,293.15,238.147,293.15,238.123,293.15,238.147,293.15,238.147,293.15,238.132,293.15,238.121,293.15,238.157,293.15,238.193,293.15,238.197,293.15,238.113,293.15,238.154,293.15,238.178,293.15,238.13,293.15,238.182,293.15,238.153,293.15,238.199,293.15,238.15,293.15,238.145,293.15,238.129,293.15,238.197,293.15,238.158,293.15,238.164,293.15,238.166,293.15,238.145,293.15,238.116,293.15,238.152,293.15,238.134,293.15,238.133,293.15,238.142,238.15,0,0,1.34258e-09,1.67198e-08
306,293.15,293.15,293.15,1.02318e-12,293.15,238.174,293.15,238.148,293.15,238.124,293.15,238.177,293.15,238.191,293.15,238.192,293.15,238.197,293.15,238.166,293.15,238.116,293.15,238.122,293.15,238.143,293.15,238.181,293.15,238.147,293.15,238.125,293.15,238.147,293.15,238.139,293.15,238.182,293.15,238.114,293.15,238.123,293.15,238.187,293.15,238.117,293.15,238.136,293.15,238.137,293.15,238.192,293.15,238.136,293.15,238.151,293.15,238.122,293.15,238.144,293.15,238.148,293.15,238.156,293.15,238.184,293.15,238.135,293.15,238.194,293.15,238.123,293.15,238.168,293.15,238.138,293.15,238.111,293.15,238.178,293.15,238.161,293.15,238.173,293.15,238.147,293.15,238.172,293.15,238.12,293.15,238.146,293.15,238.133,293.15,238.102,293.15,238.165,293.15,238.163,293.15,238.175,293.15,238.154,293.15,238.148,293.15,238.109,293.15,238.103,293.15,238.109,293.15,238.109,293.15,238.186,293.15,238.111,293.15,238.189,293.15,238.177,293.15,238.165,293.15,238.111,293.15,238.129,293.15,238.147,293.15,238.123,293.15,238.147,293.15,238.147,293.15,238.132,293.15,238.121,293.15,238.157,293.15,238.193,293.15,238.197,293.15,238.113,293.15,238.154,293.15,238.178,293.15,238.13,293.15,238.182,293.15,238.153,293.15,238.199,293.15,238.15,293.15,238.145,293.15,238.129,293.15,238.197,293.15,238.158,293.15,238.164,293.15,238.166,293.15,238.145,293.15,238.116,293.15,238.152,293.15,238.134,293.15,238.133,293.15,238.142,238.15,0,0,1.34655e-09,1.68886e-08
307,293.15,293.15,293.15,1.08002e-12,293.15,238.174,293.15,238.148,293.15,238.124,293.15,238.177,293.15,238.191,293.15,238.192,293.15,238.197,293.15,238.166,293.15,238.116,293.15,238.122,293.15,238.143,293.15,238.181,293.15,238.147,293.15,238.125,293.15,238.147,293.15,238.139,293.15,238.182,293.15,238.114,293.15,238.123,293.15,238.187,293.15,238.117,293.15,238.136,293.15,238.137,293.15,238.192,293.15,238.136,293.15,238.151,293.15,238.122,293.15,238.144,293.15,238.148,293.15,238.156,293.15,238.184,293.15,238.135,293.15,238.194,293.15,238.123,293.15,238.168,293.15,238.138,293.15,238.111,293.15,238.178,293.15,238.161,293.15,238.173,293.15,238.147,293.15,238.172,293.15,238.12,293.15,238.146,293.15,238.133,293.15,238.102,293.15,238.165,293.15,238.163,293.15,238.175,293.15,238.154,293.15,238.148,293.15,238.109,293.15,238.103,293.15,238.109,293.15,238.109,293.15,238.186,293.15,238.111,293.15,238.189,293.15,238.177,293.15,238.165,293.15,238.111,293.15,238.129,293.15,238.147,293.15,238.123,293.15,238.147,293.15,238.147,293.15,238.132,293.15,238.121,293.15,238.157,293.15,238.193,293.15,238.197,293.15,238.113,293.15,238.154,293.15,238.178,293.15,238.13,293.15,238.182,293.15,238.153,293.15,238.199,293.15,238.15,293.15,238.145,293.15,238.129,293.15,238.197,293.15,238.158,293.15,238.164,293.15,238.166,293.15,238.145,293.15,238.116,293.15,238.152,293.15,238.134,293.15,238.133,293.15,238.142,238.15,0,0,1.35049e-09,1.69744e-08
308,293.15,293.15,293.15,9.66338e-13,293.15,238.174,293.15,238.148,293.15,238.124,293.15,238.177,293.15,238.191,293.15,238.192,293.15,238.197,293.15,238.166,293.15,238.116,293.15,238.122,293.15,238.143,293.15,238.181,293.15,238.147,293.15,238.125,293.15,238.147,293.15,238.139,293.15,238.182,293.15,238.114,293.15,238.123,293.15,238.187,293.15,238.117,293.15,238.136,293.15,238.137,293.15,238.192,293.15,238.136,293.15,238.151,293.15,238.122,293.15,238.144,293.15,238.148,293.15,238.156,293.15,238.184,293.15,238.135,293.15,238.194,293.15,238.123,293.15,238.168,293.15,238.138,293.15,238.111,293.15,238.178,293.15,238.161,293.15,238.173,293.15,238.147,293.15,238.172,293.15,238.12,293.15,238.146,293.15,238.133,293.15,238.102,293.15,238.165,293.15,238.163,293.15,238.175,293.15,238.154,293.15,238.148,293.15,238.109,293.15,238.103,293.15,238.109,293.15,238.109,293.15,238.186,293.15,238.111,293.15,238.189,293.15,238.177,293.15,238.165,293.15,238.111,293.15,238.129,293.15,238.147,293.15,238.123,293.15,238.147,293.15,238.147,293.15,238.132,293.15,238.121,293.15,238.157,293.15,238.193,293.15,238.197,293.15,238.113,293.15,238.154,293.15,238.178,293.15,238.13,293.15,238.182,293.15,238.153,293.15,238.199,293.15,238.15,293.15,238.145,293.15,238.129,293.15,238.197,293.15,238.158,293.15,238.164,293.15,238.166,293.15,238.145,293.15,238.116,293.15,238.152,293.15,238.134,293.15,238.133,293.15,238.142,238.15,0,0,1.35446e-09,1.69733e-08
309,293.15,293.15,293.15,1.08002e-12,293.15,238.174,293.15,238.148,293.15,238.124,293.15,238.177,293.15,238.191,293.15,238.192,293.15,238.197,293.15,238.166,293.15,238.116,293.15,238.122,293.15,238.143,293.15,238.181,293.15,238.147,293.15,238.125,293.15,238.147,293.15,238.139,293.15,238.182,293.15,238.114,293.15,238.123,293.15,238.187,293.15,238.117,293.15,238.136,293.15,238.137,293.15,238.192,293.15,238.136,293.15,238.151,293.15,238.122,293.15,238.144,293.15,238.148,293.15,238.156,293.15,238.184,293.15,238.135,293.15,238.194,293.15,238.123,293.15,238.168,293.15,238.138,293.15,238.111,293.15,238.178,293.15,238.161,293.15,238.173,293.15,238.147,293.15,238.172,293.15,238.12,293.15,238.146,293.15,238.133,293.15,238.102,293.15,238.165,293.15,238.163,293.15,238.175,293.15,238.154,293.15,238.148,293.15,238.109,293.15,238.103,293.15,238.109,293.15,238.109,293.15,238.186,293.15,238.111,293.15,238.189,293.15,238.177,293.15,238.165,293.15,238.111,293.15,238.129,293.15,238.147,293.15,238.123,293.15,238.147,293.15,238.147,293.15,238.132,293.15,238.121,293.15,238.157,293.15,238.193,293.15,238.197,293.15,238.113,293.15,238.154,293.15,238.178,293.15,238.13,293.15,238.182,293.15,238.153,293.15,238.199,293.15,238.15,293.15,238.145,293.15,238.129,293.15,238.197,293.15,238.158,293.15,238.164,293.15,238.166,293.15,238.145,293.15,238.116,293.15,238.152,293.15,238.134,293.15,238.133,293.15,238.142,238.15,0,0,1.35845e-09,1.68928e-08
310,293.15,293.15,293.15,1.13687e-12,293.15,238.174,293.15,238.148,293.15,238.124,293.15,238.177,293.15,238.191,293.15,238.192,293.15,238.197,293.15,238.166,293.15,238.116,293.15,238.122,293.15,238.143,293.15,238.181,293.15,238.147,293.15,238.125,293.15,238.147,293.15,238.139,293.15,238.182,293.15,238.114,293.15,238.123,293.15,238.187,293.15,238.117,293.15,238.136,293.15,238.137,293.15,238.192,293.15,238.136,293.15,238.151,293.15,238.122,293.15,238.144,293.15,238.148,293.15,238.156,293.15,238.184,293.15,238.135,293.15,238.194,293.15,238.123,293.15,238.168,293.15,238.138,293.15,238.111,293.15,238.178,293.15,238.161,293.15,238.173,293.15,238.147,293.15,238.172,293.15,238.12,293.15,238.146,293.15,238.133,293.15,238.102,293.15,238.165,293.15,238.163,293.15,238.175,293.15,238.154,293.15,238.148,293.15,238.109,293.15,238.103,293.15,238.109,293.15,238.109,293.15,238.186,293.15,238.111,293.15,238.189,293.15,238.177,293.15,238.165,293.15,238.111,293.15,238.129,293.15,238.147,293.15,238.123,293.15,238.147,293.15,238.147,293.15,238.132,293.15,238.121,293.15,238.157,293.15,238.193,293.15,238.197,293.15,238.113,293.15,238.154,293.15,238.178,293.15,238.13,293.15,238.182,293.15,238.153,293.15,238.199,293.15,238.15,293.15,238.145,293.15,238.129,293.15,238.197,293.15,238.158,293.15,238.164,293.15,238.166,293.15,238.145,293.15,238.116,293.15,238.152,293.15,238.134,293.15,238.133,293.15,238.142,238.15,0,0,1.36245e-09,1.68453e-08
311,293.15,293.15,293.15,1.08002e-12,293.15,238.174,293.15,238.148,293.15,238.124,293.15,238.177,293.15,238.191,293.15,238.192,293.15,238.197,293.15,238.166,293.15,238.116,293.15,238.122,293.15,238.143,293.15,238.181,293.15,238.147,293.15,238.125,293.15,238.147,293.15,238.139,293.15,238.182,293.15,238.114,293.15,238.123,293.15,238.187,293.15,238.117,293.15,238.136,293.15,238.137,293.15,238.192,293.15,238.136,293.15,238.151,293.15,238.122,293.15,238.144,293.15,238.148,293.15,238.156,293.15,238.184,293.15,238.135,293.15,238.194,293.15,238.123,293.15,238.168,293.15,238.138,293.15,238.111,293.15,238.178,293.15,238.161,293.15,238.173,293.15,238.147,293.15,238.172,293.15,238.12,293.15,238.146,293.15,238.133,293.15,238.102,293.15,238.165,293.15,238.163,293.15,238.175,293.15,238.154,293.15,238.148,293.15,238.109,293.15,238.103,293.15,238.109,293.15,238.109,293.15,238.186,293.15,238.111,293.15,238.189,293.15,238.177,293.15,238.165,293.15,238.111,293.15,238.129,293.15,238.147,293.15,238.123,293.15,238.147,293.15,238.147,293.15,238.132,293.15,238.121,293.15,238.157,293.15,238.193,293.15,238.197,293.15,238.113,293.15,238.154,293.15,238.178,293.15,238.13,293.15,238.182,293.15,238.153,293.15,238.199,293.15,238.15,293.15,238.145,293.15,238.129,293.15,238.197,293.15,238.158,293.15,238.164,293.15,238.166,293.15,238.145,293.15,238.116,293.15,238.152,293.15,238.134,293.15,238.133,293.15,238.142,238.15,0,0,1.36643e-09,1.67683e-08
312,293.15,293.15,293.15,1.25056e-12,293.15,238.174,293.15,238.148,293.15,238.124,293.15,238.177,293.15,238.191,293.15,238.192,293.15,238.197,293.15,238.166,293.15,238.116,293.15,238.122,293.15,238.143,293.15,238.181,293.15,238.147,293.15,238.125,293.15,238.147,293.15,238.139,293.15,238.182,293.15,238.114,293.15,238.123,293.15,238.187,293.15,238.117,293.15,238.136,293.15,238.137,293.15,238.192,293.15,238.136,293.15,238.151,293.15,238.122,293.15,238.144,293.15,238.148,293.15,238.156,293.15,238.184,293.15,238.135,293.15,238.194,293.15,238.123,293.15,238.168,293.15,238.138,293.15,238.111,293.15,238.178,293.15,238.161,293.15,238.173,293.15,238.147,293.15,238.172,293.15,238.12,293.15,238.146,293.15,238.133,293.15,238.102,293.15,238.165,293.15,238.163,293.15,238.175,293.15,238.154,293.15,238.148,293.15,238.109,293.15,238.103,293.15,238.109,293.15,238.109,293.15,238.186,293.15,238.111,293.15,238.189,293.15,238.177,293.15,238.165,293.15,238.111,293.15,238.129,293.15,238.147,293.15,238.123,293.15,238.147,293.15,238.147,293.15,238.132,293.15,238.121,293.15,238.157,293.15,238.193,293.15,238.197,293.15,238.113,293.15,238.154,293.15,238.178,293.15,238.13,293.15,238.182,293.15,238.153,293.15,238.199,293.15,238.15,293.15,238.145,293.15,238.129,293.15,238.197,293.15,238.158,293.15,238.164,293.15,238.166,293.15,238.145,293.15,238.116,293.15,238.152,293.15,238.134,293.15,238.133,293.15,238.142,238.15,0,0,1.37039e-09,1.68072e-08
313,293.15,293.15,293.15,1.19371e-12,293.15,238.174,293.15,238.148,293.15,238.124,293.15,238.177,293.15,238.191,293.15,238.192,293.15,238.197,293.15,238.166,293.15,238.116,293.15,238.122,293.15,238.143,293.15,238.181,293.15,238.147,293.15,238.125,293.15,238.147,293.15,238.139,293.15,238.182,293.15,238.114,293.15,238.123,293.15,238.187,293.15,238.117,293.15,238.136,293.15,238.137,293.15,238.192,293.15,238.136,293.15,238.151,293.15,238.122,293.15,238.144,293.15,238.148,293.15,238.156,293.15,238.184,293.15,238.135,293.15,238.194,293.15,238.123,293.15,238.168,293.15,238.138,293.15,238.111,293.15,238.178,293.15,238.161,293.15,238.173,293.15,238.147,293.15,238.172,293.15,238.12,293.15,238.146,293.15,238.133,293.15,238.102,293.15,238.165,293.15,238.163,293.15,238.175,293.15,238.154,293.15,238.148,293.15,238.109,293.15,238.103,293.15,238.109,293.15,238.109,293.15,238.186,293.15,238.111,293.15,238.189,293.15,238.177,293.15,238.165,293.15,238.111,293.15,238.129,293.15,238.147,293.15,238.123,293.15,238.147,293.15,238.147,293.15,238.132,293.15,238.121,293.15,238.157,293.15,238.193,293.15,238.197,293.15,238.113,293.15,238.154,293.15,238.178,293.15,238.13,293.15,238.182,293.15,238.153,293.15,238.199,293.15,238.15,293.15,238.145,293.15,238.129,293.15,238.197,293.15,238.158,293.15,238.164,293.15,238.166,293.15,238.145,293.15,238.116,293.15,238.152,293.15,238.134,293.15,238.133,293.15,238.142,238.15,0,0,1.37432e-09,1.67846e-08
314,293.15,293.15,293.15,1.13687e-12,293.15,238.174,293.15,238.148,293.15,238.124,293.15,238.177,293.15,238.191,293.15,238.192,293.15,238.197,293.15,238.166,293.15,238.116,293.15,238.122,293.15,238.143,293.15,238.181,293.15,238.147,293.15,238.125,293.15,238.147,293.15,238.139,293.15,238.182,293.15,238.114,293.15,238.123,293.15,238.187,293.15,238.117,293.15,238.136,293.15,238.137,293.15,238.192,293.15,238.136,293.15,238.151,293.15,238.122,293.15,238.144,293.15,238.148,293.15,238.156,293.15,238.184,293.15,238.135,293.15,238.194,293.15,238.123,293.15,238.168,293.15,238.138,293.15,238.111,293.15,238.178,293.15,238.161,293.15,238.173,293.15,238.147,293.15,238.172,293.15,238.12,293.15,238.146,293.15,238.133,293.15,238.102,293.15,238.165,293.15,238.163,293.15,238.175,293.15,238.154,293.15,238.148,293.15,238.109,293.15,238.103,293.15,238.109,293.15,238.109,293.15,238.186,293.15,238.111,293.15,238.189,293.15,238.177,293.15,238.165,293.15,238.111,293.15,238.129,293.15,238.147,293.15,238.123,293.15,238.147,293.15,238.147,293.15,238.132,293.15,238.121,293.15,238.157,293.15,238.193,293.15,238.197,293.15,238.113,293.15,238.154,293.15,238.178,293.15,238.13,293.15,238.182,293.15,238.153,293.15,238.199,293.15,238.15,293.15,238.145,293.15,238.129,293.15,238.197,293.15,238.158,293.15,238.164,293.15,238.166,293.15,238.145,293.15,238.116,293.15,238.152,293.15,238.134,293.15,238.133,293.15,238.142,238.15,0,0,1.37825e-09,1.68437e-08
315,293.15,293.15,293.15,1.08002e-12,293.15,238.174,293.15,238.148,293.15,238.124,293.15,238.177,293.15,238.191,293.15,238.192,293.15,238.197,293.15,238.166,293.15,238.116,293.15,238.122,293.15,238.143,293.15,238.181,293.15,238.147,293.15,238.125,293.15,238.147,293.15,238.139,293.15,238.182,293.15,238.114,293.15,238.123,293.15,238.187,293.15,238.117,293.15,238.136,293.15,238.137,293.15,238.192,293.15,238.136,293.15,238.151,293.15,238.122,293.15,238.144,293.15,238.148,293.15,238.156,293.15,238.184,293.15,238.135,293.15,238.194,293.15,238.123,293.15,238.168,293.15,238.138,293.15,238.111,293.15,238.178,293.15,238.161,293.15,238.173,293.15,238.147,293.15,238.172,293.15,238.12,293.15,238.146,293.15,238.133,293.15,238.102,293.15,238.165,293.15,238.163,293.15,238.175,293.15,238.154,293.15,238.148,293.15,238.109,293.15,238.103,293.15,238.109,293.15,238.109,293.15,238.186,293.15,238.111,293.15,238.189,293.15,238.177,293.15,238.165,293.15,238.111,293.15,238.129,293.15,238.147,293.15,238.123,293.15,238.147,293.15,238.147,293.15,238.132,293.15,238.121,293.15,238.157,293.15,238.193,293.15,238.197,293.15,238.113,293.15,238.154,293.15,238.178,293.15,238.13,293.15,238.182,293.15,238.153,293.15,238.199,293.15,238.15,293.15,238.145,293.15,238.129,293.15,238.197,293.15,238.158,293.15,238.164,293.15,238.166,293.15,238.145,293.15,238.116,293.15,238.152,293.15,238.134,293.15,238.133,293.15,238.142,238.15,0,0,1.3822e-09,1.69979e-08
316,293.15,293.15,293.15,1.02318e-12,293.15,238.174,293.15,238.148,293.15,238.124,293.15,238.177,293.15,238.191,293.15,238.192,293.15,238.197,293.15,238.166,293.15,238.116,293.15,238.122,293.15,238.143,293.15,238.181,293.15,238.147,293.15,238.125,293.15,238.147,293.15,238.139,293.15,238.182,293.15,238.114,293.15,238.123,293.15,238.187,293.15,238.117,293.15,238.136,293.15,238.137,293.15,238.192,293.15,238.136,293.15,238.151,293.15,238.122,293.15,238.144,293.15,238.148,293.15,238.156,293.15,238.184,293.15,238.135,293.15,238.194,293.15,238.123,293.15,238.168,293.15,238.138,293.15,238.111,293.15,238.178,293.15,238.161,293.15,238.173,293.15,238.147,293.15,238.172,293.15,238.12,293.15,238.146,293.15,238.133,293.15,238.102,293.15,238.165,293.15,238.163,293.15,238.175,293.15,238.154,293.15,238.148,293.15,238.109,293.15,238.103,293.15,238.109,293.15,238.109,293.15,238.186,293.15,238.111,293.15,238.189,293.15,238.177,293.15,238.165,293.15,238.111,293.15,238.129,293.15,238.147,293.15,238.123,293.15,238.147,293.15,238.147,293.15,238.132,293.15,238.121,293.15,238.157,293.15,238.193,293.15,238.197,293.15,238.113,293.15,238.154,293.15,238.178,293.15,238.13,293.15,238.182,293.15,238.153,293.15,238.199,293.15,238.15,293.15,238.145,293.15,238.129,293.15,238.197,293.15,238.158,293.15,238.164,293.15,238.166,293.15,238.145,293.15,238.116,293.15,238.152,293.15,238.134,293.15,238.133,293.15,238.142,238.15,0,0,1.38612e-09,
317,293.15,293.15,293.15,1.19371e-12,293.15,238.174,293.15,238.148,293.15,238.124,293.15,238.177,293.15,238.191,293.15,238.192,293.15,238.197,293.15,238.166,293.15,238.116,293.15,238.122,293.15,238.143,293.15,238.181,293.15,238.147,293.15,238.125,293.15,238.147,293.15,238.139,293.15,238.182,293.15,238.114,293.15,238.123,293.15,238.187,293.15,238.117,293.15,238.136,293.15,238.137,293.15,238.192,293.15,238.136,293.15,238.151,293.15,238.122,293.15,238.144,293.15,238.148,293.15,238.156,293.15,238.184,293.15,238.135,293.15,238.194,293.15,238.123,293.15,238.168,293.15,238.138,293.15,238.111,293.15,238.178,293.15,238.161,293.15,238.173,293.15,238.147,293.15,238.172,293.15,238.12,293.15,238.146,293.15,238.133,293.15,238.102,293.15,238.165,293.15,238.163,293.15,238.175,293.15,238.154,293.15,238.148,293.15,238.109,293.15,238.103,293.15,238.109,293.15,238.109,293.15,238.186,293.15,238.111,293.15,238.189,293.15,238.177,293.15,238.165,293.15,238.111,293.15,238.129,293.15,238.147,293.15,238.123,293.15,238.147,293.15,238.147,293.15,238.132,293.15,238.121,293.15,238.157,293.15,238.193,293.15,238.197,293.15,238.113,293.15,238.154,293.15,238.178,293.15,238.13,293.15,238.182,293.15,238.153,293.15,238.199,293.15,238.15,293.15,238.145,293.15,238.129,293.15,238.197,293.15,238.158,293.15,238.164,293.15,238.166,293.15,238.145,293.15,238.116,293.15,238.152,293.15,238.134,293.15,238.133,293.15,238.142,238.15,0,0,1.39009e-09,
