{
  "version": 1,
  "run_name": "sys_id_T293p15K_cooler_off_dP1W_dur300s_20260626_124431",
  "created_at": "2026-06-26T12:44:31",
  "sensor_ids": [
    161,
    167,
    1054,
    1058,
    1065,
    1091,
    2513,
    2824,
    2978,
    5038,
    5189
  ],
  "heater_ids": [
    161,
    167,
    1054,
    1058,
    1065,
    1091,
    2513,
    2824,
    2978,
    5038,
    5189
  ],
  "G": [
    [
      0.9979342266827871,
      0.9345908671650136,
      0.0040806123559491425,
      0.00400104745091312,
      0.004151734199638213,
      0.004246842159375319,
      0.0030092086441300125,
      0.002849802605169316,
      4.5695433868786495e-05,
      0.7868616232935892,
      0.7930506869041665
    ],
    [
      0.9345908671650704,
      1.0185412141003098,
      0.004081888668281408,
      0.004003043129728212,
      0.00415124611970441,
      0.00424436042482057,
      0.0030389143340698865,
      0.0028717784432501503,
      4.740523093005322e-05,
      0.7834316720770858,
      0.7940741647706773
    ],
    [
      0.004080612334746547,
      0.004081888647306187,
      0.6198701086237293,
      0.317002681989095,
      0.280119674351738,
      0.2430117110658898,
      0.11731451859441222,
      0.12678076605124033,
      0.003449672174212992,
      0.002761915385917746,
      0.0027795618604500305
    ],
    [
      0.004001047429767368,
      0.004003043108809834,
      0.31700268198892445,
      0.5351281802078347,
      0.269623180303995,
      0.23849211644972002,
      0.11778551667481452,
      0.12735548059941948,
      0.003467860958210167,
      0.002703400941925338,
      0.0027208212632103823
    ],
    [
      0.004151734178947208,
      0.004151246099354466,
      0.2801196743520791,
      0.2696231803043929,
      0.43754680828931214,
      0.29222104589263154,
      0.11584793850516917,
      0.12527821960264873,
      0.003369788220652481,
      0.002814239188580814,
      0.0028318594224288063
    ],
    [
      0.004246842138456941,
      0.004244360404072722,
      0.24301171106594666,
      0.23849211644989055,
      0.2922210458925747,
      0.4186979616126223,
      0.11421055014943704,
      0.12355230113007565,
      0.003283665108824607,
      0.0028841394772598505,
      0.00290179873576335
    ],
    [
      0.0030092086227000436,
      0.003038914312810448,
      0.11731451859577646,
      0.11778551667617876,
      0.11584793850624919,
      0.11421055015034653,
      0.46013688696325517,
      0.18819618462737253,
      0.019334201624928937,
      0.0019890610197421665,
      0.0020070160001637305
    ],
    [
      0.0028498025828866957,
      0.002871778421081217,
      0.12678076605095612,
      0.12735548059924895,
      0.12527821960213714,
      0.12355230112956406,
      0.1881961846268041,
      0.4706181895818986,
      0.009194841370401718,
      0.001878045663715966,
      0.0018939245621254486
    ],
    [
      4.5695408914525615e-05,
      4.740520569157525e-05,
      0.0034496721688128673,
      0.0034678609528100424,
      0.0033697882151386693,
      0.0032836651034244824,
      0.019334201610377022,
      0.00919484136261417,
      6.60947622500953,
      2.5413178946109838e-05,
      2.581153063374586e-05
    ],
    [
      0.7868616232946692,
      0.7834316720779952,
      0.0027619154084277397,
      0.0027034009642648016,
      0.002814239210579217,
      0.0028841394993719405,
      0.001989061040831075,
      0.0018780456856575256,
      2.5413206003577216e-05,
      1.2065021857319493,
      0.9312693510324834
    ],
    [
      0.7930506869053602,
      0.794074164771871,
      0.0027795618826758073,
      0.0027208212853793157,
      0.0028318594443135225,
      0.0029017987577617532,
      0.002007016021138952,
      0.0018939245840101648,
      2.5811557975430333e-05,
      0.9312693510325971,
      1.1857880011135649
    ]
  ],
  "controller_gain_matrix": {
    "161": {
      "161": 0.9979342266827871,
      "167": 0.9345908671650136,
      "1054": 0.0040806123559491425,
      "1058": 0.00400104745091312,
      "1065": 0.004151734199638213,
      "1091": 0.004246842159375319,
      "2513": 0.0030092086441300125,
      "2824": 0.002849802605169316,
      "2978": 4.5695433868786495e-05,
      "5038": 0.7868616232935892,
      "5189": 0.7930506869041665
    },
    "167": {
      "161": 0.9345908671650704,
      "167": 1.0185412141003098,
      "1054": 0.004081888668281408,
      "1058": 0.004003043129728212,
      "1065": 0.00415124611970441,
      "1091": 0.00424436042482057,
      "2513": 0.0030389143340698865,
      "2824": 0.0028717784432501503,
      "2978": 4.740523093005322e-05,
      "5038": 0.7834316720770858,
      "5189": 0.7940741647706773
    },
    "1054": {
      "161": 0.004080612334746547,
      "167": 0.004081888647306187,
      "1054": 0.6198701086237293,
      "1058": 0.317002681989095,
      "1065": 0.280119674351738,
      "1091": 0.2430117110658898,
      "2513": 0.11731451859441222,
      "2824": 0.12678076605124033,
      "2978": 0.003449672174212992,
      "5038": 0.002761915385917746,
      "5189": 0.0027795618604500305
    },
    "1058": {
      "161": 0.004001047429767368,
      "167": 0.004003043108809834,
      "1054": 0.31700268198892445,
      "1058": 0.5351281802078347,
      "1065": 0.269623180303995,
      "1091": 0.23849211644972002,
      "2513": 0.11778551667481452,
      "2824": 0.12735548059941948,
      "2978": 0.003467860958210167,
      "5038": 0.002703400941925338,
      "5189": 0.0027208212632103823
    },
    "1065": {
      "161": 0.004151734178947208,
      "167": 0.004151246099354466,
      "1054": 0.2801196743520791,
      "1058": 0.2696231803043929,
      "1065": 0.43754680828931214,
      "1091": 0.29222104589263154,
      "2513": 0.11584793850516917,
      "2824": 0.12527821960264873,
      "2978": 0.003369788220652481,
      "5038": 0.002814239188580814,
      "5189": 0.0028318594224288063
    },
    "1091": {
      "161": 0.004246842138456941,
      "167": 0.004244360404072722,
      "1054": 0.24301171106594666,
      "1058": 0.23849211644989055,
      "1065": 0.2922210458925747,
      "1091": 0.4186979616126223,
      "2513": 0.11421055014943704,
      "2824": 0.12355230113007565,
      "2978": 0.003283665108824607,
      "5038": 0.0028841394772598505,
      "5189": 0.00290179873576335
    },
    "2513": {
      "161": 0.0030092086227000436,
      "167": 0.003038914312810448,
      "1054": 0.11731451859577646,
      "1058": 0.11778551667617876,
      "1065": 0.11584793850624919,
      "1091": 0.11421055015034653,
      "2513": 0.46013688696325517,
      "2824": 0.18819618462737253,
      "2978": 0.019334201624928937,
      "5038": 0.0019890610197421665,
      "5189": 0.0020070160001637305
    },
    "2824": {
      "161": 0.0028498025828866957,
      "167": 0.002871778421081217,
      "1054": 0.12678076605095612,
      "1058": 0.12735548059924895,
      "1065": 0.12527821960213714,
      "1091": 0.12355230112956406,
      "2513": 0.1881961846268041,
      "2824": 0.4706181895818986,
      "2978": 0.009194841370401718,
      "5038": 0.001878045663715966,
      "5189": 0.0018939245621254486
    },
    "2978": {
      "161": 4.5695408914525615e-05,
      "167": 4.740520569157525e-05,
      "1054": 0.0034496721688128673,
      "1058": 0.0034678609528100424,
      "1065": 0.0033697882151386693,
      "1091": 0.0032836651034244824,
      "2513": 0.019334201610377022,
      "2824": 0.00919484136261417,
      "2978": 6.60947622500953,
      "5038": 2.5413178946109838e-05,
      "5189": 2.581153063374586e-05
    },
    "5038": {
      "161": 0.7868616232946692,
      "167": 0.7834316720779952,
      "1054": 0.0027619154084277397,
      "1058": 0.0027034009642648016,
      "1065": 0.002814239210579217,
      "1091": 0.0028841394993719405,
      "2513": 0.001989061040831075,
      "2824": 0.0018780456856575256,
      "2978": 2.5413206003577216e-05,
      "5038": 1.2065021857319493,
      "5189": 0.9312693510324834
    },