{
    "version":  1,
    "run_name":  "sys_id_T293p15K_cooler_on_dP1W_dur300s_20260626_123228",
    "created_at":  "2026-06-26T12:32:28",
    "sensor_ids":  [
                       161,
                       167,
                       1054,
                       1058,
                       1065,
                       1091,
                       2513,
                       2824,
                       2978,
                       5038,
                       5189
                   ],
    "heater_ids":  [
                       161,
                       167,
                       1054,
                       1058,
                       1065,
                       1091,
                       2513,
                       2824,
                       2978,
                       5038,
                       5189
                   ],
    "G":  [
              [
                  -10.924637599275968,
                  -10.98791528302246,
                  -11.774205613022673,
                  -11.774281824014622,
                  -11.77413727283789,
                  -11.774045924305028,
                  -11.775240792403224,
                  -11.775394710840203,
                  -11.77814580928873,
                  -11.192938121919212,
                  -11.183698994426948
              ],
              [
                  -10.986993383138667,
                  -10.90297736556795,
                  -11.773282292641795,
                  -11.773357788167118,
                  -11.773215713490004,
                  -11.77312635409561,
                  -11.774289089758952,
                  -11.774450745038223,
                  -11.777222198984191,
                  -11.195365437088299,
                  -11.181673446077639
              ],
              [
                  -0.04198519617096963,
                  -0.04198377567388434,
                  0.5738992248062118,
                  0.27103179860301907,
                  0.23414879018901047,
                  0.19704082643534093,
                  0.07134363856204118,
                  0.08080988661640731,
                  -0.042521203851777045,
                  -0.04337593211062085,
                  -0.04335319388928838
              ],
              [
                  -0.04107314751041713,
                  -0.04107101154670545,
                  0.2720200582562029,
                  0.4901455568841584,
                  0.22464055624357115,
                  0.19350949194551958,
                  0.0728028965253884,
                  0.0823728610158696,
                  -0.04151475541431182,
                  -0.04244065892214621,
                  -0.042418290565478856
              ],
              [
                  -0.04279695528020966,
                  -0.04279729581611491,
                  0.23326869089595448,
                  0.2227721972972745,
                  0.39069582447382345,
                  0.24537006159016528,
                  0.06899695899579683,
                  0.07842724071576868,
                  -0.04348118709879145,
                  -0.04420833106172495,
                  -0.04418549613910727
              ],
              [
                  -0.04388252617360422,
                  -0.04388485584792079,
                  0.19498380771614165,
                  0.1904642135730228,
                  0.2441931421639083,
                  0.37067005737122827,
                  0.0661826509652883,
                  0.07552440260218418,
                  -0.04474422963761526,
                  -0.045321591779668324,
                  -0.045298552380131696
              ],
              [
                  -0.030040878205909394,
                  -0.030011075445543156,
                  0.0843231359099832,
                  0.08479413422060134,
                  0.0828565556375338,
                  0.081219167033737,
                  0.42714550626436676,
                  0.15520480424140715,
                  -0.013657177050333758,
                  -0.031107995881654915,
                  -0.031086652238229817
              ],
              [
                  -0.028303174043401214,
                  -0.028281108125327137,
                  0.09568100656190381,
                  0.09625572130846649,
                  0.09417845995506013,
                  0.09245254126807367,
                  0.157096426841008,
                  0.43951843206519925,
                  -0.02190491470452116,
                  -0.029318149482264744,
                  -0.029299135467965698
              ],
              [
                  -0.0003396508914192964,
                  -0.0003379404708425682,
                  0.0030645376763800414,
                  0.0030827264596950954,
                  0.0029846537233879644,
                  0.0028985306109916564,
                  0.018949067107939754,
                  0.00880970686563387,
                  6.609091090508514,
                  -0.00036018097551959727,
                  -0.00035976193328224326
              ],
              [
                  -13.715994796929465,
                  -13.719344011982344,
                  -14.298653023968882,
                  -14.298706010433023,
                  -14.298605323626134,
                  -14.298541664917877,
                  -14.29936458508621,
                  -14.299466361286306,
                  -14.30122301438115,
                  -13.37160726636688,
                  -13.642938615028754
              ],
              [
                  -13.615730023786284,
                  -13.614626375320995,
                  -14.207604640096406,
                  -14.207657996425326,
                  -14.20755684305243,
                  -14.207492979867311,
                  -14.208317595791584,
                  -14.20842170162092,
                  -14.210196949688338,
                  -13.551912969377838,
                  -13.293530181597475
              ]
          ],
    "controller_gain_matrix":  {
                                   "161":  {
                                               "161":  -10.924637599275968,
                                               "167":  -10.98791528302246,
                                               "1054":  -11.774205613022673,
                                               "1058":  -11.774281824014622,
                                               "1065":  -11.77413727283789,
                                               "1091":  -11.774045924305028,
                                               "2513":  -11.775240792403224,
                                               "2824":  -11.775394710840203,
                                               "2978":  -11.77814580928873,
                                               "5038":  -11.192938121919212,
                                               "5189":  -11.183698994426948
                                           },
                                   "167":  {
                                               "161":  -10.986993383138667,
                                               "167":  -10.90297736556795,
                                               "1054":  -11.773282292641795,
                                               "1058":  -11.773357788167118,
                                               "1065":  -11.773215713490004,
                                               "1091":  -11.77312635409561,
                                               "2513":  -11.774289089758952,
                                               "2824":  -11.774450745038223,
                                               "2978":  -11.777222198984191,
                                               "5038":  -11.195365437088299,
                                               "5189":  -11.181673446077639
                                           },